,sample_name,replicate,barcode,tRNA_annotation,tRNA_annotation_len,unique_annotation,codon,anticodon,amino_acid,mito_codon,human_codon,AA_codon,plot_group,hue_name,hue_value,hue_order,single_codon,charge,Ncharge,freq,,,100p4N,25p2N,0p3N,50p3N,100p1N,50p1N,25p4N,75p2N
1089,100p4N,2,l4N,Homo_sapiens_tRNA-Asp-GTC-2-1,75,TRUE,GAC,GTC,Asp,FALSE,TRUE,Asp-GAC,barcode_v2,Percent,100p,1,TRUE,90.75268817,465,22.038,,,465,0,0,0,0,0,0,0
1099,100p4N,2,l4N,Homo_sapiens_tRNA-Gln-CTG-1-1,75,TRUE,CAG,CTG,Gln,FALSE,TRUE,Gln-CAG,barcode_v2,Percent,100p,1,TRUE,89.68481375,349,16.540,,,349,0,0,0,0,0,0,0
1107,100p4N,2,l4N,Homo_sapiens_tRNA-Glu-CTC-1-1,75,TRUE,GAG,CTC,Glu,FALSE,TRUE,Glu-GAG,barcode_v2,Percent,100p,1,TRUE,76.92307692,182,8.626,,,182,0,0,0,0,0,0,0
1116,100p4N,2,l4N,Homo_sapiens_tRNA-Gly-GCC-2-1,74,TRUE,GGC,GCC,Gly,FALSE,TRUE,Gly-GGC,barcode_v2,Percent,100p,1,TRUE,72.97297297,111,5.261,,,111,0,0,0,0,0,0,0
1120,100p4N,2,l4N,Homo_sapiens_tRNA-His-GTG-1-1,75,TRUE,CAC,GTG,His,FALSE,TRUE,His-CAC,barcode_v2,Percent,100p,1,TRUE,76.27906977,430,20.379,,,430,0,0,0,0,0,0,0
1146,100p4N,2,l4N,Homo_sapiens_tRNA-Lys-CTT-2-1,76,TRUE,AAG,CTT,Lys,FALSE,TRUE,Lys-AAG,barcode_v2,Percent,100p,1,TRUE,91.66666667,168,7.962,,,168,0,0,0,0,0,0,0
1150,100p4N,2,l4N,Homo_sapiens_tRNA-Lys-TTT-3-1,76,TRUE,AAA,TTT,Lys,FALSE,TRUE,Lys-AAA,barcode_v2,Percent,100p,1,TRUE,82.40740741,108,5.118,,,108,0,0,0,0,0,0,0
1158,100p4N,2,l4N,Homo_sapiens_tRNA-Phe-GAA-1-1,76,TRUE,UUC,GAA,Phe,FALSE,TRUE,Phe-UUC,barcode_v2,Percent,100p,1,TRUE,75.49668874,151,7.156,,,151,0,0,0,0,0,0,0
1216,100p4N,2,l4N,Homo_sapiens_tRNA-iMet-CAT-1-1,75,TRUE,AUG,CAT,iMet,FALSE,TRUE,iMet-AUG,barcode_v2,Percent,100p,1,TRUE,84.93150685,146,6.919,,,146,0,0,0,0,0,0,0
1245,25p2N,2,l2N,Homo_sapiens_tRNA-Ala-AGC-2-1,75,TRUE,GCU,AGC,Ala,FALSE,TRUE,Ala-GCU,barcode_v2,Percent,25p,4,TRUE,3.246753247,154,1.295,,,0,154,0,0,0,0,0,0
1248,25p2N,2,l2N,Homo_sapiens_tRNA-Ala-AGC-4-1,75,TRUE,GCU,AGC,Ala,FALSE,TRUE,Ala-GCU,barcode_v2,Percent,25p,4,TRUE,4.6875,128,1.076,,,0,128,0,0,0,0,0,0
1251,25p2N,2,l2N,Homo_sapiens_tRNA-Ala-AGC-8-1,76,TRUE,GCU,AGC,Ala,FALSE,TRUE,Ala-GCU,barcode_v2,Percent,25p,4,TRUE,3.614457831,166,1.396,,,0,166,0,0,0,0,0,0
1252,25p2N,2,l2N,Homo_sapiens_tRNA-Ala-CGC-1-1,75,TRUE,GCG,CGC,Ala,FALSE,TRUE,Ala-GCG,barcode_v2,Percent,25p,4,TRUE,1.463414634,205,1.724,,,0,205,0,0,0,0,0,0
1258,25p2N,2,l2N,Homo_sapiens_tRNA-Ala-TGC-3-1,75,TRUE,GCA,TGC,Ala,FALSE,TRUE,Ala-GCA,barcode_v2,Percent,25p,4,TRUE,2.097902098,143,1.202,,,0,143,0,0,0,0,0,0
1262,25p2N,2,l2N,Homo_sapiens_tRNA-Arg-ACG-1-1,76,TRUE,CGU,ACG,Arg,FALSE,TRUE,Arg-CGU,barcode_v2,Percent,25p,4,TRUE,3.846153846,286,2.405,,,0,286,0,0,0,0,0,0
1263,25p2N,2,l2N,Homo_sapiens_tRNA-Arg-ACG-2-1,76,TRUE,CGU,ACG,Arg,FALSE,TRUE,Arg-CGU,barcode_v2,Percent,25p,4,TRUE,5.04587156,218,1.833,,,0,218,0,0,0,0,0,0
1264,25p2N,2,l2N,Homo_sapiens_tRNA-Arg-CCG-1-1,76,TRUE,CGG,CCG,Arg,FALSE,TRUE,Arg-CGG,barcode_v2,Percent,25p,4,TRUE,5.555555556,162,1.362,,,0,162,0,0,0,0,0,0
1272,25p2N,2,l2N,Homo_sapiens_tRNA-Arg-TCG-3-1,76,TRUE,CGA,TCG,Arg,FALSE,TRUE,Arg-CGA,barcode_v2,Percent,25p,4,TRUE,5.223880597,134,1.127,,,0,134,0,0,0,0,0,0
1286,25p2N,2,l2N,Homo_sapiens_tRNA-Asp-GTC-2-1,75,TRUE,GAC,GTC,Asp,FALSE,TRUE,Asp-GAC,barcode_v2,Percent,25p,4,TRUE,8.617594255,557,4.683,,,0,557,0,0,0,0,0,0
1295,25p2N,2,l2N,Homo_sapiens_tRNA-Cys-GCA-2-1,75,TRUE,UGC,GCA,Cys,FALSE,TRUE,Cys-UGC,barcode_v2,Percent,25p,4,TRUE,6.25,176,1.480,,,0,176,0,0,0,0,0,0
1303,25p2N,2,l2N,Homo_sapiens_tRNA-Gln-CTG-1-1,75,TRUE,CAG,CTG,Gln,FALSE,TRUE,Gln-CAG,barcode_v2,Percent,25p,4,TRUE,8.630136986,730,6.138,,,0,730,0,0,0,0,0,0
1304,25p2N,2,l2N,Homo_sapiens_tRNA-Gln-CTG-2-1,75,TRUE,CAG,CTG,Gln,FALSE,TRUE,Gln-CAG,barcode_v2,Percent,25p,4,TRUE,7.894736842,114,0.958,,,0,114,0,0,0,0,0,0
1311,25p2N,2,l2N,Homo_sapiens_tRNA-Gln-TTG-3-1,75,TRUE,CAA,TTG,Gln,FALSE,TRUE,Gln-CAA,barcode_v2,Percent,25p,4,TRUE,7.547169811,159,1.337,,,0,159,0,0,0,0,0,0
1313,25p2N,2,l2N,Homo_sapiens_tRNA-Glu-CTC-1-1,75,TRUE,GAG,CTC,Glu,FALSE,TRUE,Glu-GAG,barcode_v2,Percent,25p,4,TRUE,10.38961039,308,2.590,,,0,308,0,0,0,0,0,0
1315,25p2N,2,l2N,Homo_sapiens_tRNA-Glu-TTC-1-1,75,TRUE,GAA,TTC,Glu,FALSE,TRUE,Glu-GAA,barcode_v2,Percent,25p,4,TRUE,6.474820144,139,1.169,,,0,139,0,0,0,0,0,0
1317,25p2N,2,l2N,Homo_sapiens_tRNA-Glu-TTC-2-1,75,TRUE,GAA,TTC,Glu,FALSE,TRUE,Glu-GAA,barcode_v2,Percent,25p,4,TRUE,2.69058296,223,1.875,,,0,223,0,0,0,0,0,0
1320,25p2N,2,l2N,Homo_sapiens_tRNA-Gly-CCC-1-1,74,TRUE,GGG,CCC,Gly,FALSE,TRUE,Gly-GGG,barcode_v2,Percent,25p,4,TRUE,4.460966543,269,2.262,,,0,269,0,0,0,0,0,0
1321,25p2N,2,l2N,Homo_sapiens_tRNA-Gly-CCC-2-1,74,TRUE,GGG,CCC,Gly,FALSE,TRUE,Gly-GGG,barcode_v2,Percent,25p,4,TRUE,1.47601476,271,2.278,,,0,271,0,0,0,0,0,0
1322,25p2N,2,l2N,Homo_sapiens_tRNA-Gly-GCC-1-1,74,TRUE,GGC,GCC,Gly,FALSE,TRUE,Gly-GGC,barcode_v2,Percent,25p,4,TRUE,2.752293578,327,2.749,,,0,327,0,0,0,0,0,0
1323,25p2N,2,l2N,Homo_sapiens_tRNA-Gly-GCC-2-1,74,TRUE,GGC,GCC,Gly,FALSE,TRUE,Gly-GGC,barcode_v2,Percent,25p,4,TRUE,3.651115619,493,4.145,,,0,493,0,0,0,0,0,0
1325,25p2N,2,l2N,Homo_sapiens_tRNA-Gly-TCC-2-1,75,TRUE,GGA,TCC,Gly,FALSE,TRUE,Gly-GGA,barcode_v2,Percent,25p,4,TRUE,4.020100503,398,3.346,,,0,398,0,0,0,0,0,0
1326,25p2N,2,l2N,Homo_sapiens_tRNA-Gly-TCC-3-1,75,TRUE,GGA,TCC,Gly,FALSE,TRUE,Gly-GGA,barcode_v2,Percent,25p,4,TRUE,4.47761194,134,1.127,,,0,134,0,0,0,0,0,0
1327,25p2N,2,l2N,Homo_sapiens_tRNA-His-GTG-1-1,75,TRUE,CAC,GTG,His,FALSE,TRUE,His-CAC,barcode_v2,Percent,25p,4,TRUE,5.300713558,981,8.248,,,0,981,0,0,0,0,0,0
1332,25p2N,2,l2N,Homo_sapiens_tRNA-Ile-AAT-5-1,77,TRUE,AUU,AAT,Ile,FALSE,TRUE,Ile-AUU,barcode_v2,Percent,25p,4,TRUE,1.744186047,344,2.892,,,0,344,0,0,0,0,0,0
1333,25p2N,2,l2N,Homo_sapiens_tRNA-Ile-AAT-6-1,77,TRUE,AUU,AAT,Ile,FALSE,TRUE,Ile-AUU,barcode_v2,Percent,25p,4,TRUE,4.716981132,106,0.891,,,0,106,0,0,0,0,0,0
1339,25p2N,2,l2N,Homo_sapiens_tRNA-Leu-AAG-2-1,85,TRUE,CUU,AAG,Leu,FALSE,TRUE,Leu-CUU,barcode_v2,Percent,25p,4,TRUE,4.761904762,126,1.059,,,0,126,0,0,0,0,0,0
1345,25p2N,2,l2N,Homo_sapiens_tRNA-Leu-CAG-1-1,86,TRUE,CUG,CAG,Leu,FALSE,TRUE,Leu-CUG,barcode_v2,Percent,25p,4,TRUE,1.762114537,227,1.909,,,0,227,0,0,0,0,0,0
1353,25p2N,2,l2N,Homo_sapiens_tRNA-Lys-CTT-1-1,76,TRUE,AAG,CTT,Lys,FALSE,TRUE,Lys-AAG,barcode_v2,Percent,25p,4,TRUE,7.692307692,143,1.202,,,0,143,0,0,0,0,0,0
1354,25p2N,2,l2N,Homo_sapiens_tRNA-Lys-CTT-2-1,76,TRUE,AAG,CTT,Lys,FALSE,TRUE,Lys-AAG,barcode_v2,Percent,25p,4,TRUE,10,310,2.606,,,0,310,0,0,0,0,0,0
1358,25p2N,2,l2N,Homo_sapiens_tRNA-Lys-TTT-3-1,76,TRUE,AAA,TTT,Lys,FALSE,TRUE,Lys-AAA,barcode_v2,Percent,25p,4,TRUE,4.672897196,214,1.799,,,0,214,0,0,0,0,0,0
1362,25p2N,2,l2N,Homo_sapiens_tRNA-Met-CAT-1-1,76,TRUE,AUG,CAT,Met,FALSE,TRUE,Met-AUG,barcode_v2,Percent,25p,4,TRUE,4.716981132,106,0.891,,,0,106,0,0,0,0,0,0
1365,25p2N,2,l2N,Homo_sapiens_tRNA-Met-CAT-4-1,76,TRUE,AUG,CAT,Met,FALSE,TRUE,Met-AUG,barcode_v2,Percent,25p,4,TRUE,2.787456446,287,2.413,,,0,287,0,0,0,0,0,0
1367,25p2N,2,l2N,Homo_sapiens_tRNA-Phe-GAA-1-1,76,TRUE,UUC,GAA,Phe,FALSE,TRUE,Phe-UUC,barcode_v2,Percent,25p,4,TRUE,3.195488722,532,4.473,,,0,532,0,0,0,0,0,0
1368,25p2N,2,l2N,Homo_sapiens_tRNA-Phe-GAA-2-1,76,TRUE,UUC,GAA,Phe,FALSE,TRUE,Phe-UUC,barcode_v2,Percent,25p,4,TRUE,0.746268657,134,1.127,,,0,134,0,0,0,0,0,0
1371,25p2N,2,l2N,Homo_sapiens_tRNA-Pro-CGG-1-1,75,TRUE,CCG,CGG,Pro,FALSE,TRUE,Pro-CCG,barcode_v2,Percent,25p,4,TRUE,11.80124224,161,1.354,,,0,161,0,0,0,0,0,0
1375,25p2N,2,l2N,Homo_sapiens_tRNA-Pro-TGG-3-1,75,TRUE,CCA,TGG,Pro,FALSE,TRUE,Pro-CCA,barcode_v2,Percent,25p,4,TRUE,12.04188482,191,1.606,,,0,191,0,0,0,0,0,0
1385,25p2N,2,l2N,Homo_sapiens_tRNA-Ser-GCT-3-1,85,TRUE,AGC,GCT,Ser,FALSE,TRUE,Ser-AGC,barcode_v2,Percent,25p,4,TRUE,7.299270073,137,1.152,,,0,137,0,0,0,0,0,0
1392,25p2N,2,l2N,Homo_sapiens_tRNA-Thr-AGT-1-1,77,TRUE,ACU,AGT,Thr,FALSE,TRUE,Thr-ACU,barcode_v2,Percent,25p,4,TRUE,1.459854015,137,1.152,,,0,137,0,0,0,0,0,0
1393,25p2N,2,l2N,Homo_sapiens_tRNA-Thr-AGT-2-1,77,TRUE,ACU,AGT,Thr,FALSE,TRUE,Thr-ACU,barcode_v2,Percent,25p,4,TRUE,10.74380165,121,1.017,,,0,121,0,0,0,0,0,0
1404,25p2N,2,l2N,Homo_sapiens_tRNA-Thr-TGT-4-1,76,TRUE,ACA,TGT,Thr,FALSE,TRUE,Thr-ACA,barcode_v2,Percent,25p,4,TRUE,8.571428571,105,0.883,,,0,105,0,0,0,0,0,0
1408,25p2N,2,l2N,Homo_sapiens_tRNA-Trp-CCA-2-1,75,TRUE,UGG,CCA,Trp,FALSE,TRUE,Trp-UGG,barcode_v2,Percent,25p,4,TRUE,0.943396226,106,0.891,,,0,106,0,0,0,0,0,0
1409,25p2N,2,l2N,Homo_sapiens_tRNA-Trp-CCA-3-1,75,TRUE,UGG,CCA,Trp,FALSE,TRUE,Trp-UGG,barcode_v2,Percent,25p,4,TRUE,1.418439716,141,1.185,,,0,141,0,0,0,0,0,0
1422,25p2N,2,l2N,Homo_sapiens_tRNA-Val-CAC-1-1,76,TRUE,GUG,CAC,Val,FALSE,TRUE,Val-GUG,barcode_v2,Percent,25p,4,TRUE,1.601830664,437,3.674,,,0,437,0,0,0,0,0,0
1426,25p2N,2,l2N,Homo_sapiens_tRNA-Val-TAC-1-1,76,TRUE,GUA,TAC,Val,FALSE,TRUE,Val-GUA,barcode_v2,Percent,25p,4,TRUE,3.669724771,109,0.916,,,0,109,0,0,0,0,0,0
1427,25p2N,2,l2N,Homo_sapiens_tRNA-Val-TAC-2-1,76,TRUE,GUA,TAC,Val,FALSE,TRUE,Val-GUA,barcode_v2,Percent,25p,4,TRUE,3.333333333,120,1.009,,,0,120,0,0,0,0,0,0
1430,25p2N,2,l2N,Homo_sapiens_tRNA-iMet-CAT-1-1,75,TRUE,AUG,CAT,iMet,FALSE,TRUE,iMet-AUG,barcode_v2,Percent,25p,4,TRUE,3.724137931,725,6.096,,,0,725,0,0,0,0,0,0
1456,0p3N,1,l3N,Homo_sapiens_tRNA-Ala-AGC-11-1,76,TRUE,GCU,AGC,Ala,FALSE,TRUE,Ala-GCU,barcode_v2,Percent,0p,5,TRUE,0,138,0.618,,,0,0,138,0,0,0,0,0
1460,0p3N,1,l3N,Homo_sapiens_tRNA-Ala-AGC-2-1,75,TRUE,GCU,AGC,Ala,FALSE,TRUE,Ala-GCU,barcode_v2,Percent,0p,5,TRUE,0,186,0.834,,,0,0,186,0,0,0,0,0
1462,0p3N,1,l3N,Homo_sapiens_tRNA-Ala-AGC-4-1,75,TRUE,GCU,AGC,Ala,FALSE,TRUE,Ala-GCU,barcode_v2,Percent,0p,5,TRUE,0,166,0.744,,,0,0,166,0,0,0,0,0
1465,0p3N,1,l3N,Homo_sapiens_tRNA-Ala-AGC-8-1,76,TRUE,GCU,AGC,Ala,FALSE,TRUE,Ala-GCU,barcode_v2,Percent,0p,5,TRUE,0,200,0.896,,,0,0,200,0,0,0,0,0
1467,0p3N,1,l3N,Homo_sapiens_tRNA-Ala-CGC-1-1,75,TRUE,GCG,CGC,Ala,FALSE,TRUE,Ala-GCG,barcode_v2,Percent,0p,5,TRUE,0,220,0.986,,,0,0,220,0,0,0,0,0
1469,0p3N,1,l3N,Homo_sapiens_tRNA-Ala-CGC-3-1,75,TRUE,GCG,CGC,Ala,FALSE,TRUE,Ala-GCG,barcode_v2,Percent,0p,5,TRUE,0,107,0.479,,,0,0,107,0,0,0,0,0
1473,0p3N,1,l3N,Homo_sapiens_tRNA-Ala-TGC-3-1,75,TRUE,GCA,TGC,Ala,FALSE,TRUE,Ala-GCA,barcode_v2,Percent,0p,5,TRUE,0,223,0.999,,,0,0,223,0,0,0,0,0
1474,0p3N,1,l3N,Homo_sapiens_tRNA-Ala-TGC-4-1,75,TRUE,GCA,TGC,Ala,FALSE,TRUE,Ala-GCA,barcode_v2,Percent,0p,5,TRUE,0,115,0.515,,,0,0,115,0,0,0,0,0
1477,0p3N,1,l3N,Homo_sapiens_tRNA-Arg-ACG-1-1,76,TRUE,CGU,ACG,Arg,FALSE,TRUE,Arg-CGU,barcode_v2,Percent,0p,5,TRUE,0,452,2.026,,,0,0,452,0,0,0,0,0
1478,0p3N,1,l3N,Homo_sapiens_tRNA-Arg-ACG-2-1,76,TRUE,CGU,ACG,Arg,FALSE,TRUE,Arg-CGU,barcode_v2,Percent,0p,5,TRUE,0,331,1.483,,,0,0,331,0,0,0,0,0
1479,0p3N,1,l3N,Homo_sapiens_tRNA-Arg-CCG-1-1,76,TRUE,CGG,CCG,Arg,FALSE,TRUE,Arg-CGG,barcode_v2,Percent,0p,5,TRUE,0,229,1.026,,,0,0,229,0,0,0,0,0
1480,0p3N,1,l3N,Homo_sapiens_tRNA-Arg-CCG-2-1,76,TRUE,CGG,CCG,Arg,FALSE,TRUE,Arg-CGG,barcode_v2,Percent,0p,5,TRUE,0,108,0.484,,,0,0,108,0,0,0,0,0
1481,0p3N,1,l3N,Homo_sapiens_tRNA-Arg-CCT-1-1,76,TRUE,AGG,CCT,Arg,FALSE,TRUE,Arg-AGG,barcode_v2,Percent,0p,5,TRUE,0,105,0.471,,,0,0,105,0,0,0,0,0
1487,0p3N,1,l3N,Homo_sapiens_tRNA-Arg-TCG-3-1,76,TRUE,CGA,TCG,Arg,FALSE,TRUE,Arg-CGA,barcode_v2,Percent,0p,5,TRUE,0,191,0.856,,,0,0,191,0,0,0,0,0
1496,0p3N,1,l3N,Homo_sapiens_tRNA-Asn-GTT-3-1,77,TRUE,AAC,GTT,Asn,FALSE,TRUE,Asn-AAC,barcode_v2,Percent,0p,5,TRUE,0,124,0.556,,,0,0,124,0,0,0,0,0
1501,0p3N,1,l3N,Homo_sapiens_tRNA-Asp-GTC-2-1,75,TRUE,GAC,GTC,Asp,FALSE,TRUE,Asp-GAC,barcode_v2,Percent,0p,5,TRUE,0,813,3.643,,,0,0,813,0,0,0,0,0
1506,0p3N,1,l3N,Homo_sapiens_tRNA-Cys-GCA-2-1,75,TRUE,UGC,GCA,Cys,FALSE,TRUE,Cys-UGC,barcode_v2,Percent,0p,5,TRUE,1.005025126,199,0.892,,,0,0,199,0,0,0,0,0
1513,0p3N,1,l3N,Homo_sapiens_tRNA-Gln-CTG-1-1,75,TRUE,CAG,CTG,Gln,FALSE,TRUE,Gln-CAG,barcode_v2,Percent,0p,5,TRUE,0.390625,1024,4.589,,,0,0,1024,0,0,0,0,0
1514,0p3N,1,l3N,Homo_sapiens_tRNA-Gln-CTG-2-1,75,TRUE,CAG,CTG,Gln,FALSE,TRUE,Gln-CAG,barcode_v2,Percent,0p,5,TRUE,1.438848921,139,0.623,,,0,0,139,0,0,0,0,0
1519,0p3N,1,l3N,Homo_sapiens_tRNA-Gln-TTG-1-1,75,TRUE,CAA,TTG,Gln,FALSE,TRUE,Gln-CAA,barcode_v2,Percent,0p,5,TRUE,0,103,0.462,,,0,0,103,0,0,0,0,0
1521,0p3N,1,l3N,Homo_sapiens_tRNA-Gln-TTG-3-1,75,TRUE,CAA,TTG,Gln,FALSE,TRUE,Gln-CAA,barcode_v2,Percent,0p,5,TRUE,0,191,0.856,,,0,0,191,0,0,0,0,0
1522,0p3N,1,l3N,Homo_sapiens_tRNA-Glu-CTC-1-1,75,TRUE,GAG,CTC,Glu,FALSE,TRUE,Glu-GAG,barcode_v2,Percent,0p,5,TRUE,0,500,2.241,,,0,0,500,0,0,0,0,0
1524,0p3N,1,l3N,Homo_sapiens_tRNA-Glu-TTC-1-1,75,TRUE,GAA,TTC,Glu,FALSE,TRUE,Glu-GAA,barcode_v2,Percent,0p,5,TRUE,0.45045045,222,0.995,,,0,0,222,0,0,0,0,0
1526,0p3N,1,l3N,Homo_sapiens_tRNA-Glu-TTC-2-1,75,TRUE,GAA,TTC,Glu,FALSE,TRUE,Glu-GAA,barcode_v2,Percent,0p,5,TRUE,0,313,1.403,,,0,0,313,0,0,0,0,0
1528,0p3N,1,l3N,Homo_sapiens_tRNA-Gly-CCC-1-1,74,TRUE,GGG,CCC,Gly,FALSE,TRUE,Gly-GGG,barcode_v2,Percent,0p,5,TRUE,0.305810398,327,1.465,,,0,0,327,0,0,0,0,0
1529,0p3N,1,l3N,Homo_sapiens_tRNA-Gly-CCC-2-1,74,TRUE,GGG,CCC,Gly,FALSE,TRUE,Gly-GGG,barcode_v2,Percent,0p,5,TRUE,0,375,1.680,,,0,0,375,0,0,0,0,0
1530,0p3N,1,l3N,Homo_sapiens_tRNA-Gly-GCC-1-1,74,TRUE,GGC,GCC,Gly,FALSE,TRUE,Gly-GGC,barcode_v2,Percent,0p,5,TRUE,0,495,2.218,,,0,0,495,0,0,0,0,0
1531,0p3N,1,l3N,Homo_sapiens_tRNA-Gly-GCC-2-1,74,TRUE,GGC,GCC,Gly,FALSE,TRUE,Gly-GGC,barcode_v2,Percent,0p,5,TRUE,0,669,2.998,,,0,0,669,0,0,0,0,0
1532,0p3N,1,l3N,Homo_sapiens_tRNA-Gly-TCC-1-1,75,TRUE,GGA,TCC,Gly,FALSE,TRUE,Gly-GGA,barcode_v2,Percent,0p,5,TRUE,0,125,0.560,,,0,0,125,0,0,0,0,0
1533,0p3N,1,l3N,Homo_sapiens_tRNA-Gly-TCC-2-1,75,TRUE,GGA,TCC,Gly,FALSE,TRUE,Gly-GGA,barcode_v2,Percent,0p,5,TRUE,0,529,2.371,,,0,0,529,0,0,0,0,0
1534,0p3N,1,l3N,Homo_sapiens_tRNA-Gly-TCC-3-1,75,TRUE,GGA,TCC,Gly,FALSE,TRUE,Gly-GGA,barcode_v2,Percent,0p,5,TRUE,0.689655172,145,0.650,,,0,0,145,0,0,0,0,0
1535,0p3N,1,l3N,Homo_sapiens_tRNA-His-GTG-1-1,75,TRUE,CAC,GTG,His,FALSE,TRUE,His-CAC,barcode_v2,Percent,0p,5,TRUE,0.19467878,1541,6.906,,,0,0,1541,0,0,0,0,0
1541,0p3N,1,l3N,Homo_sapiens_tRNA-Ile-AAT-5-1,77,TRUE,AUU,AAT,Ile,FALSE,TRUE,Ile-AUU,barcode_v2,Percent,0p,5,TRUE,0,440,1.972,,,0,0,440,0,0,0,0,0
1542,0p3N,1,l3N,Homo_sapiens_tRNA-Ile-AAT-6-1,77,TRUE,AUU,AAT,Ile,FALSE,TRUE,Ile-AUU,barcode_v2,Percent,0p,5,TRUE,0,154,0.690,,,0,0,154,0,0,0,0,0
1546,0p3N,1,l3N,Homo_sapiens_tRNA-Ile-TAT-2-1,77,TRUE,AUA,TAT,Ile,FALSE,TRUE,Ile-AUA,barcode_v2,Percent,0p,5,TRUE,0,133,0.596,,,0,0,133,0,0,0,0,0
1548,0p3N,1,l3N,Homo_sapiens_tRNA-Leu-AAG-2-1,85,TRUE,CUU,AAG,Leu,FALSE,TRUE,Leu-CUU,barcode_v2,Percent,0p,5,TRUE,0,166,0.744,,,0,0,166,0,0,0,0,0
1550,0p3N,1,l3N,Homo_sapiens_tRNA-Leu-CAA-1-1,86,TRUE,UUG,CAA,Leu,FALSE,TRUE,Leu-UUG,barcode_v2,Percent,0p,5,TRUE,0,137,0.614,,,0,0,137,0,0,0,0,0
1554,0p3N,1,l3N,Homo_sapiens_tRNA-Leu-CAG-1-1,86,TRUE,CUG,CAG,Leu,FALSE,TRUE,Leu-CUG,barcode_v2,Percent,0p,5,TRUE,0,349,1.564,,,0,0,349,0,0,0,0,0
1555,0p3N,1,l3N,Homo_sapiens_tRNA-Leu-CAG-2-1,86,TRUE,CUG,CAG,Leu,FALSE,TRUE,Leu-CUG,barcode_v2,Percent,0p,5,TRUE,0,133,0.596,,,0,0,133,0,0,0,0,0
1562,0p3N,1,l3N,Homo_sapiens_tRNA-Lys-CTT-1-1,76,TRUE,AAG,CTT,Lys,FALSE,TRUE,Lys-AAG,barcode_v2,Percent,0p,5,TRUE,0,187,0.838,,,0,0,187,0,0,0,0,0
1563,0p3N,1,l3N,Homo_sapiens_tRNA-Lys-CTT-2-1,76,TRUE,AAG,CTT,Lys,FALSE,TRUE,Lys-AAG,barcode_v2,Percent,0p,5,TRUE,0.226244344,442,1.981,,,0,0,442,0,0,0,0,0
1566,0p3N,1,l3N,Homo_sapiens_tRNA-Lys-TTT-2-1,76,TRUE,AAA,TTT,Lys,FALSE,TRUE,Lys-AAA,barcode_v2,Percent,0p,5,TRUE,0,146,0.654,,,0,0,146,0,0,0,0,0
1567,0p3N,1,l3N,Homo_sapiens_tRNA-Lys-TTT-3-1,76,TRUE,AAA,TTT,Lys,FALSE,TRUE,Lys-AAA,barcode_v2,Percent,0p,5,TRUE,0,340,1.524,,,0,0,340,0,0,0,0,0
1570,0p3N,1,l3N,Homo_sapiens_tRNA-Met-CAT-1-1,76,TRUE,AUG,CAT,Met,FALSE,TRUE,Met-AUG,barcode_v2,Percent,0p,5,TRUE,0,143,0.641,,,0,0,143,0,0,0,0,0
1572,0p3N,1,l3N,Homo_sapiens_tRNA-Met-CAT-3-1,76,TRUE,AUG,CAT,Met,FALSE,TRUE,Met-AUG,barcode_v2,Percent,0p,5,TRUE,0,108,0.484,,,0,0,108,0,0,0,0,0
1573,0p3N,1,l3N,Homo_sapiens_tRNA-Met-CAT-4-1,76,TRUE,AUG,CAT,Met,FALSE,TRUE,Met-AUG,barcode_v2,Percent,0p,5,TRUE,0,415,1.860,,,0,0,415,0,0,0,0,0
1575,0p3N,1,l3N,Homo_sapiens_tRNA-Met-CAT-6-1,76,TRUE,AUG,CAT,Met,FALSE,TRUE,Met-AUG,barcode_v2,Percent,0p,5,TRUE,0.729927007,137,0.614,,,0,0,137,0,0,0,0,0
1576,0p3N,1,l3N,Homo_sapiens_tRNA-Phe-GAA-1-1,76,TRUE,UUC,GAA,Phe,FALSE,TRUE,Phe-UUC,barcode_v2,Percent,0p,5,TRUE,0,810,3.630,,,0,0,810,0,0,0,0,0
1577,0p3N,1,l3N,Homo_sapiens_tRNA-Phe-GAA-2-1,76,TRUE,UUC,GAA,Phe,FALSE,TRUE,Phe-UUC,barcode_v2,Percent,0p,5,TRUE,0,191,0.856,,,0,0,191,0,0,0,0,0
1580,0p3N,1,l3N,Homo_sapiens_tRNA-Pro-CGG-1-1,75,TRUE,CCG,CGG,Pro,FALSE,TRUE,Pro-CCG,barcode_v2,Percent,0p,5,TRUE,0,210,0.941,,,0,0,210,0,0,0,0,0
1584,0p3N,1,l3N,Homo_sapiens_tRNA-Pro-TGG-3-1,75,TRUE,CCA,TGG,Pro,FALSE,TRUE,Pro-CCA,barcode_v2,Percent,0p,5,TRUE,0.476190476,210,0.941,,,0,0,210,0,0,0,0,0
1593,0p3N,1,l3N,Homo_sapiens_tRNA-Ser-GCT-3-1,85,TRUE,AGC,GCT,Ser,FALSE,TRUE,Ser-AGC,barcode_v2,Percent,0p,5,TRUE,0,187,0.838,,,0,0,187,0,0,0,0,0
1600,0p3N,1,l3N,Homo_sapiens_tRNA-Thr-AGT-1-1,77,TRUE,ACU,AGT,Thr,FALSE,TRUE,Thr-ACU,barcode_v2,Percent,0p,5,TRUE,0,207,0.928,,,0,0,207,0,0,0,0,0
1601,0p3N,1,l3N,Homo_sapiens_tRNA-Thr-AGT-2-1,77,TRUE,ACU,AGT,Thr,FALSE,TRUE,Thr-ACU,barcode_v2,Percent,0p,5,TRUE,0,173,0.775,,,0,0,173,0,0,0,0,0
1607,0p3N,1,l3N,Homo_sapiens_tRNA-Thr-CGT-2-1,75,TRUE,ACG,CGT,Thr,FALSE,TRUE,Thr-ACG,barcode_v2,Percent,0p,5,TRUE,0,113,0.506,,,0,0,113,0,0,0,0,0
1612,0p3N,1,l3N,Homo_sapiens_tRNA-Thr-TGT-4-1,76,TRUE,ACA,TGT,Thr,FALSE,TRUE,Thr-ACA,barcode_v2,Percent,0p,5,TRUE,0,161,0.721,,,0,0,161,0,0,0,0,0
1615,0p3N,1,l3N,Homo_sapiens_tRNA-Trp-CCA-1-1,75,TRUE,UGG,CCA,Trp,FALSE,TRUE,Trp-UGG,barcode_v2,Percent,0p,5,TRUE,0,102,0.457,,,0,0,102,0,0,0,0,0
1616,0p3N,1,l3N,Homo_sapiens_tRNA-Trp-CCA-2-1,75,TRUE,UGG,CCA,Trp,FALSE,TRUE,Trp-UGG,barcode_v2,Percent,0p,5,TRUE,0,145,0.650,,,0,0,145,0,0,0,0,0
1617,0p3N,1,l3N,Homo_sapiens_tRNA-Trp-CCA-3-1,75,TRUE,UGG,CCA,Trp,FALSE,TRUE,Trp-UGG,barcode_v2,Percent,0p,5,TRUE,0,181,0.811,,,0,0,181,0,0,0,0,0
1618,0p3N,1,l3N,Homo_sapiens_tRNA-Trp-CCA-4-1,75,TRUE,UGG,CCA,Trp,FALSE,TRUE,Trp-UGG,barcode_v2,Percent,0p,5,TRUE,0,112,0.502,,,0,0,112,0,0,0,0,0
1627,0p3N,1,l3N,Homo_sapiens_tRNA-Val-AAC-2-1,76,TRUE,GUU,AAC,Val,FALSE,TRUE,Val-GUU,barcode_v2,Percent,0p,5,TRUE,0,117,0.524,,,0,0,117,0,0,0,0,0
1629,0p3N,1,l3N,Homo_sapiens_tRNA-Val-CAC-1-1,76,TRUE,GUG,CAC,Val,FALSE,TRUE,Val-GUG,barcode_v2,Percent,0p,5,TRUE,0.462962963,648,2.904,,,0,0,648,0,0,0,0,0
1633,0p3N,1,l3N,Homo_sapiens_tRNA-Val-TAC-1-1,76,TRUE,GUA,TAC,Val,FALSE,TRUE,Val-GUA,barcode_v2,Percent,0p,5,TRUE,0,164,0.735,,,0,0,164,0,0,0,0,0
1634,0p3N,1,l3N,Homo_sapiens_tRNA-Val-TAC-2-1,76,TRUE,GUA,TAC,Val,FALSE,TRUE,Val-GUA,barcode_v2,Percent,0p,5,TRUE,0,188,0.842,,,0,0,188,0,0,0,0,0
1637,0p3N,1,l3N,Homo_sapiens_tRNA-iMet-CAT-1-1,75,TRUE,AUG,CAT,iMet,FALSE,TRUE,iMet-AUG,barcode_v2,Percent,0p,5,TRUE,0.205549846,973,4.360,,,0,0,973,0,0,0,0,0
2562,50p1N,2,l1N,Homo_sapiens_tRNA-His-GTG-1-1,75,TRUE,CAC,GTG,His,FALSE,TRUE,His-CAC,barcode_v2,Percent,50p,3,TRUE,14.83654652,1193,7.662,,,0,0,0,0,0,1193,0,0
2540,50p1N,2,l1N,Homo_sapiens_tRNA-Gln-CTG-1-1,75,TRUE,CAG,CTG,Gln,FALSE,TRUE,Gln-CAG,barcode_v2,Percent,50p,3,TRUE,22.90874525,1052,6.757,,,0,0,0,0,0,1052,0,0
1743,50p3N,1,l3N,Homo_sapiens_tRNA-His-GTG-1-1,75,TRUE,CAC,GTG,His,FALSE,TRUE,His-CAC,barcode_v2,Percent,50p,3,TRUE,23.3201581,1012,8.340,,,0,0,0,1012,0,0,0,0
1722,50p3N,1,l3N,Homo_sapiens_tRNA-Gln-CTG-1-1,75,TRUE,CAG,CTG,Gln,FALSE,TRUE,Gln-CAG,barcode_v2,Percent,50p,3,TRUE,27.09113608,801,6.601,,,0,0,0,801,0,0,0,0
2661,50p1N,2,l1N,Homo_sapiens_tRNA-iMet-CAT-1-1,75,TRUE,AUG,CAT,iMet,FALSE,TRUE,iMet-AUG,barcode_v2,Percent,50p,3,TRUE,17.00507614,788,5.061,,,0,0,0,0,0,788,0,0
1848,50p3N,1,l3N,Homo_sapiens_tRNA-iMet-CAT-1-1,75,TRUE,AUG,CAT,iMet,FALSE,TRUE,iMet-AUG,barcode_v2,Percent,50p,3,TRUE,15.85535466,719,5.925,,,0,0,0,719,0,0,0,0
1708,50p3N,1,l3N,Homo_sapiens_tRNA-Asp-GTC-2-1,75,TRUE,GAC,GTC,Asp,FALSE,TRUE,Asp-GAC,barcode_v2,Percent,50p,3,TRUE,28.70229008,655,5.398,,,0,0,0,655,0,0,0,0
2528,50p1N,2,l1N,Homo_sapiens_tRNA-Asp-GTC-2-1,75,TRUE,GAC,GTC,Asp,FALSE,TRUE,Asp-GAC,barcode_v2,Percent,50p,3,TRUE,19.65134707,631,4.053,,,0,0,0,0,0,631,0,0
2601,50p1N,2,l1N,Homo_sapiens_tRNA-Phe-GAA-1-1,76,TRUE,UUC,GAA,Phe,FALSE,TRUE,Phe-UUC,barcode_v2,Percent,50p,3,TRUE,11.65845649,609,3.911,,,0,0,0,0,0,609,0,0
2653,50p1N,2,l1N,Homo_sapiens_tRNA-Val-CAC-1-1,76,TRUE,GUG,CAC,Val,FALSE,TRUE,Val-GUG,barcode_v2,Percent,50p,3,TRUE,5.916030534,524,3.365,,,0,0,0,0,0,524,0,0
1730,50p3N,1,l3N,Homo_sapiens_tRNA-Glu-CTC-1-1,75,TRUE,GAG,CTC,Glu,FALSE,TRUE,Glu-GAG,barcode_v2,Percent,50p,3,TRUE,32.6848249,514,4.236,,,0,0,0,514,0,0,0,0
2558,50p1N,2,l1N,Homo_sapiens_tRNA-Gly-GCC-2-1,74,TRUE,GGC,GCC,Gly,FALSE,TRUE,Gly-GGC,barcode_v2,Percent,50p,3,TRUE,11.08910891,505,3.243,,,0,0,0,0,0,505,0,0
1784,50p3N,1,l3N,Homo_sapiens_tRNA-Phe-GAA-1-1,76,TRUE,UUC,GAA,Phe,FALSE,TRUE,Phe-UUC,barcode_v2,Percent,50p,3,TRUE,17.25571726,481,3.964,,,0,0,0,481,0,0,0,0
1840,50p3N,1,l3N,Homo_sapiens_tRNA-Val-CAC-1-1,76,TRUE,GUG,CAC,Val,FALSE,TRUE,Val-GUG,barcode_v2,Percent,50p,3,TRUE,12.04301075,465,3.832,,,0,0,0,465,0,0,0,0
1739,50p3N,1,l3N,Homo_sapiens_tRNA-Gly-GCC-2-1,74,TRUE,GGC,GCC,Gly,FALSE,TRUE,Gly-GGC,barcode_v2,Percent,50p,3,TRUE,16.22807018,456,3.758,,,0,0,0,456,0,0,0,0
2560,50p1N,2,l1N,Homo_sapiens_tRNA-Gly-TCC-2-1,75,TRUE,GGA,TCC,Gly,FALSE,TRUE,Gly-GGA,barcode_v2,Percent,50p,3,TRUE,8.636363636,440,2.826,,,0,0,0,0,0,440,0,0
1741,50p3N,1,l3N,Homo_sapiens_tRNA-Gly-TCC-2-1,75,TRUE,GGA,TCC,Gly,FALSE,TRUE,Gly-GGA,barcode_v2,Percent,50p,3,TRUE,11.84510251,439,3.618,,,0,0,0,439,0,0,0,0
2549,50p1N,2,l1N,Homo_sapiens_tRNA-Glu-CTC-1-1,75,TRUE,GAG,CTC,Glu,FALSE,TRUE,Glu-GAG,barcode_v2,Percent,50p,3,TRUE,31.23486683,413,2.653,,,0,0,0,0,0,413,0,0
2589,50p1N,2,l1N,Homo_sapiens_tRNA-Lys-CTT-2-1,76,TRUE,AAG,CTT,Lys,FALSE,TRUE,Lys-AAG,barcode_v2,Percent,50p,3,TRUE,20.63106796,412,2.646,,,0,0,0,0,0,412,0,0
1771,50p3N,1,l3N,Homo_sapiens_tRNA-Lys-CTT-2-1,76,TRUE,AAG,CTT,Lys,FALSE,TRUE,Lys-AAG,barcode_v2,Percent,50p,3,TRUE,21.52230971,381,3.140,,,0,0,0,381,0,0,0,0
2557,50p1N,2,l1N,Homo_sapiens_tRNA-Gly-GCC-1-1,74,TRUE,GGC,GCC,Gly,FALSE,TRUE,Gly-GGC,barcode_v2,Percent,50p,3,TRUE,7.777777778,360,2.312,,,0,0,0,0,0,360,0,0
2504,50p1N,2,l1N,Homo_sapiens_tRNA-Arg-ACG-1-1,76,TRUE,CGU,ACG,Arg,FALSE,TRUE,Arg-CGU,barcode_v2,Percent,50p,3,TRUE,11.5819209,354,2.274,,,0,0,0,0,0,354,0,0
1684,50p3N,1,l3N,Homo_sapiens_tRNA-Arg-ACG-1-1,76,TRUE,CGU,ACG,Arg,FALSE,TRUE,Arg-CGU,barcode_v2,Percent,50p,3,TRUE,13.14285714,350,2.884,,,0,0,0,350,0,0,0,0
2567,50p1N,2,l1N,Homo_sapiens_tRNA-Ile-AAT-5-1,77,TRUE,AUU,AAT,Ile,FALSE,TRUE,Ile-AUU,barcode_v2,Percent,50p,3,TRUE,9.798270893,347,2.229,,,0,0,0,0,0,347,0,0
1748,50p3N,1,l3N,Homo_sapiens_tRNA-Ile-AAT-5-1,77,TRUE,AUU,AAT,Ile,FALSE,TRUE,Ile-AUU,barcode_v2,Percent,50p,3,TRUE,15.19756839,329,2.711,,,0,0,0,329,0,0,0,0
1737,50p3N,1,l3N,Homo_sapiens_tRNA-Gly-CCC-2-1,74,TRUE,GGG,CCC,Gly,FALSE,TRUE,Gly-GGG,barcode_v2,Percent,50p,3,TRUE,12.77258567,321,2.645,,,0,0,0,321,0,0,0,0
1738,50p3N,1,l3N,Homo_sapiens_tRNA-Gly-GCC-1-1,74,TRUE,GGC,GCC,Gly,FALSE,TRUE,Gly-GGC,barcode_v2,Percent,50p,3,TRUE,15.3125,320,2.637,,,0,0,0,320,0,0,0,0
2553,50p1N,2,l1N,Homo_sapiens_tRNA-Glu-TTC-2-1,75,TRUE,GAA,TTC,Glu,FALSE,TRUE,Glu-GAA,barcode_v2,Percent,50p,3,TRUE,4.516129032,310,1.991,,,0,0,0,0,0,310,0,0
2599,50p1N,2,l1N,Homo_sapiens_tRNA-Met-CAT-4-1,76,TRUE,AUG,CAT,Met,FALSE,TRUE,Met-AUG,barcode_v2,Percent,50p,3,TRUE,8.333333333,300,1.927,,,0,0,0,0,0,300,0,0
2556,50p1N,2,l1N,Homo_sapiens_tRNA-Gly-CCC-2-1,74,TRUE,GGG,CCC,Gly,FALSE,TRUE,Gly-GGG,barcode_v2,Percent,50p,3,TRUE,11.53846154,286,1.837,,,0,0,0,0,0,286,0,0
2505,50p1N,2,l1N,Homo_sapiens_tRNA-Arg-ACG-2-1,76,TRUE,CGU,ACG,Arg,FALSE,TRUE,Arg-CGU,barcode_v2,Percent,50p,3,TRUE,11.34751773,282,1.811,,,0,0,0,0,0,282,0,0
2555,50p1N,2,l1N,Homo_sapiens_tRNA-Gly-CCC-1-1,74,TRUE,GGG,CCC,Gly,FALSE,TRUE,Gly-GGG,barcode_v2,Percent,50p,3,TRUE,13.26164875,279,1.792,,,0,0,0,0,0,279,0,0
2609,50p1N,2,l1N,Homo_sapiens_tRNA-Pro-TGG-3-1,75,TRUE,CCA,TGG,Pro,FALSE,TRUE,Pro-CCA,barcode_v2,Percent,50p,3,TRUE,30.65693431,274,1.760,,,0,0,0,0,0,274,0,0
2580,50p1N,2,l1N,Homo_sapiens_tRNA-Leu-CAG-1-1,86,TRUE,CUG,CAG,Leu,FALSE,TRUE,Leu-CUG,barcode_v2,Percent,50p,3,TRUE,10,260,1.670,,,0,0,0,0,0,260,0,0
2593,50p1N,2,l1N,Homo_sapiens_tRNA-Lys-TTT-3-1,76,TRUE,AAA,TTT,Lys,FALSE,TRUE,Lys-AAA,barcode_v2,Percent,50p,3,TRUE,13.84615385,260,1.670,,,0,0,0,0,0,260,0,0
1736,50p3N,1,l3N,Homo_sapiens_tRNA-Gly-CCC-1-1,74,TRUE,GGG,CCC,Gly,FALSE,TRUE,Gly-GGG,barcode_v2,Percent,50p,3,TRUE,14.67181467,259,2.134,,,0,0,0,259,0,0,0,0
1775,50p3N,1,l3N,Homo_sapiens_tRNA-Lys-TTT-3-1,76,TRUE,AAA,TTT,Lys,FALSE,TRUE,Lys-AAA,barcode_v2,Percent,50p,3,TRUE,13.51351351,259,2.134,,,0,0,0,259,0,0,0,0
1761,50p3N,1,l3N,Homo_sapiens_tRNA-Leu-CAG-1-1,86,TRUE,CUG,CAG,Leu,FALSE,TRUE,Leu-CUG,barcode_v2,Percent,50p,3,TRUE,18.60465116,258,2.126,,,0,0,0,258,0,0,0,0
1781,50p3N,1,l3N,Homo_sapiens_tRNA-Met-CAT-4-1,76,TRUE,AUG,CAT,Met,FALSE,TRUE,Met-AUG,barcode_v2,Percent,50p,3,TRUE,13.2,250,2.060,,,0,0,0,250,0,0,0,0
1734,50p3N,1,l3N,Homo_sapiens_tRNA-Glu-TTC-2-1,75,TRUE,GAA,TTC,Glu,FALSE,TRUE,Glu-GAA,barcode_v2,Percent,50p,3,TRUE,14.91935484,248,2.044,,,0,0,0,248,0,0,0,0
1685,50p3N,1,l3N,Homo_sapiens_tRNA-Arg-ACG-2-1,76,TRUE,CGU,ACG,Arg,FALSE,TRUE,Arg-CGU,barcode_v2,Percent,50p,3,TRUE,13.91304348,230,1.895,,,0,0,0,230,0,0,0,0
2605,50p1N,2,l1N,Homo_sapiens_tRNA-Pro-CGG-1-1,75,TRUE,CCG,CGG,Pro,FALSE,TRUE,Pro-CCG,barcode_v2,Percent,50p,3,TRUE,27.94759825,229,1.471,,,0,0,0,0,0,229,0,0
2533,50p1N,2,l1N,Homo_sapiens_tRNA-Cys-GCA-2-1,75,TRUE,UGC,GCA,Cys,FALSE,TRUE,Cys-UGC,barcode_v2,Percent,50p,3,TRUE,20.93023256,215,1.381,,,0,0,0,0,0,215,0,0
2626,50p1N,2,l1N,Homo_sapiens_tRNA-Thr-AGT-1-1,77,TRUE,ACU,AGT,Thr,FALSE,TRUE,Thr-ACU,barcode_v2,Percent,50p,3,TRUE,22.0657277,213,1.368,,,0,0,0,0,0,213,0,0
2124,100p1N,1,l1N,Homo_sapiens_tRNA-Asp-GTC-2-1,75,TRUE,GAC,GTC,Asp,FALSE,TRUE,Asp-GAC,barcode_v2,Percent,100p,1,TRUE,85.88235294,170,11.708,,,0,0,0,0,170,0,0,0
2135,100p1N,1,l1N,Homo_sapiens_tRNA-Gln-CTG-1-1,75,TRUE,CAG,CTG,Gln,FALSE,TRUE,Gln-CAG,barcode_v2,Percent,100p,1,TRUE,83.33333333,324,22.314,,,0,0,0,0,324,0,0,0
2143,100p1N,1,l1N,Homo_sapiens_tRNA-Glu-CTC-1-1,75,TRUE,GAG,CTC,Glu,FALSE,TRUE,Glu-GAG,barcode_v2,Percent,100p,1,TRUE,78.17258883,197,13.567,,,0,0,0,0,197,0,0,0
2153,100p1N,1,l1N,Homo_sapiens_tRNA-Gly-GCC-2-1,74,TRUE,GGC,GCC,Gly,FALSE,TRUE,Gly-GGC,barcode_v2,Percent,100p,1,TRUE,69.81132075,106,7.300,,,0,0,0,0,106,0,0,0
2157,100p1N,1,l1N,Homo_sapiens_tRNA-His-GTG-1-1,75,TRUE,CAC,GTG,His,FALSE,TRUE,His-CAC,barcode_v2,Percent,100p,1,TRUE,72.48062016,258,17.769,,,0,0,0,0,258,0,0,0
2181,100p1N,1,l1N,Homo_sapiens_tRNA-Lys-CTT-2-1,76,TRUE,AAG,CTT,Lys,FALSE,TRUE,Lys-AAG,barcode_v2,Percent,100p,1,TRUE,90.07633588,131,9.022,,,0,0,0,0,131,0,0,0
2200,100p1N,1,l1N,Homo_sapiens_tRNA-Pro-TGG-3-1,75,TRUE,CCA,TGG,Pro,FALSE,TRUE,Pro-CCA,barcode_v2,Percent,100p,1,TRUE,87.37864078,103,7.094,,,0,0,0,0,103,0,0,0
2251,100p1N,1,l1N,Homo_sapiens_tRNA-iMet-CAT-1-1,75,TRUE,AUG,CAT,iMet,FALSE,TRUE,iMet-AUG,barcode_v2,Percent,100p,1,TRUE,87.11656442,163,11.226,,,0,0,0,0,163,0,0,0
1715,50p3N,1,l3N,Homo_sapiens_tRNA-Cys-GCA-2-1,75,TRUE,UGC,GCA,Cys,FALSE,TRUE,Cys-UGC,barcode_v2,Percent,50p,3,TRUE,32.03883495,206,1.698,,,0,0,206,206,0,0,0,0
2551,50p1N,2,l1N,Homo_sapiens_tRNA-Glu-TTC-1-1,75,TRUE,GAA,TTC,Glu,FALSE,TRUE,Glu-GAA,barcode_v2,Percent,50p,3,TRUE,19,200,1.285,,,0,0,0,0,0,200,0,0
2494,50p1N,2,l1N,Homo_sapiens_tRNA-Ala-CGC-1-1,75,TRUE,GCG,CGC,Ala,FALSE,TRUE,Ala-GCG,barcode_v2,Percent,50p,3,TRUE,5.102040816,196,1.259,,,0,0,0,0,0,196,0,0
2506,50p1N,2,l1N,Homo_sapiens_tRNA-Arg-CCG-1-1,76,TRUE,CGG,CCG,Arg,FALSE,TRUE,Arg-CGG,barcode_v2,Percent,50p,3,TRUE,14.28571429,189,1.214,,,0,0,0,0,0,189,0,0
1792,50p3N,1,l3N,Homo_sapiens_tRNA-Pro-TGG-3-1,75,TRUE,CCA,TGG,Pro,FALSE,TRUE,Pro-CCA,barcode_v2,Percent,50p,3,TRUE,35.51912568,183,1.508,,,0,0,183,183,0,0,0,0
2500,50p1N,2,l1N,Homo_sapiens_tRNA-Ala-TGC-3-1,75,TRUE,GCA,TGC,Ala,FALSE,TRUE,Ala-GCA,barcode_v2,Percent,50p,3,TRUE,10.6741573,178,1.143,,,0,0,0,0,0,178,0,0
1788,50p3N,1,l3N,Homo_sapiens_tRNA-Pro-CGG-1-1,75,TRUE,CCG,CGG,Pro,FALSE,TRUE,Pro-CCG,barcode_v2,Percent,50p,3,TRUE,34.85714286,175,1.442,,,0,0,175,175,0,0,0,0
2619,50p1N,2,l1N,Homo_sapiens_tRNA-Ser-GCT-3-1,85,TRUE,AGC,GCT,Ser,FALSE,TRUE,Ser-AGC,barcode_v2,Percent,50p,3,TRUE,12,175,1.124,,,0,0,0,0,0,175,0,0
1732,50p3N,1,l3N,Homo_sapiens_tRNA-Glu-TTC-1-1,75,TRUE,GAA,TTC,Glu,FALSE,TRUE,Glu-GAA,barcode_v2,Percent,50p,3,TRUE,21.38728324,173,1.426,,,0,0,173,173,0,0,0,0
1803,50p3N,1,l3N,Homo_sapiens_tRNA-Ser-GCT-3-1,85,TRUE,AGC,GCT,Ser,FALSE,TRUE,Ser-AGC,barcode_v2,Percent,50p,3,TRUE,12.86549708,171,1.409,,,0,0,171,171,0,0,0,0
2588,50p1N,2,l1N,Homo_sapiens_tRNA-Lys-CTT-1-1,76,TRUE,AAG,CTT,Lys,FALSE,TRUE,Lys-AAG,barcode_v2,Percent,50p,3,TRUE,20.58823529,170,1.092,,,0,0,0,0,0,170,0,0
2514,50p1N,2,l1N,Homo_sapiens_tRNA-Arg-TCG-3-1,76,TRUE,CGA,TCG,Arg,FALSE,TRUE,Arg-CGA,barcode_v2,Percent,50p,3,TRUE,15.97633136,169,1.085,,,0,0,0,0,0,169,0,0
2492,50p1N,2,l1N,Homo_sapiens_tRNA-Ala-AGC-8-1,76,TRUE,GCU,AGC,Ala,FALSE,TRUE,Ala-GCU,barcode_v2,Percent,50p,3,TRUE,7.784431138,167,1.073,,,0,0,0,0,0,167,0,0
2541,50p1N,2,l1N,Homo_sapiens_tRNA-Gln-CTG-2-1,75,TRUE,CAG,CTG,Gln,FALSE,TRUE,Gln-CAG,barcode_v2,Percent,50p,3,TRUE,22.89156627,166,1.066,,,0,0,0,0,0,166,0,0
1686,50p3N,1,l3N,Homo_sapiens_tRNA-Arg-CCG-1-1,76,TRUE,CGG,CCG,Arg,FALSE,TRUE,Arg-CGG,barcode_v2,Percent,50p,3,TRUE,15.85365854,164,1.351,,,0,0,164,164,0,0,0,0
2548,50p1N,2,l1N,Homo_sapiens_tRNA-Gln-TTG-3-1,75,TRUE,CAA,TTG,Gln,FALSE,TRUE,Gln-CAA,barcode_v2,Percent,50p,3,TRUE,23.41772152,158,1.015,,,0,0,0,0,0,158,0,0
2643,50p1N,2,l1N,Homo_sapiens_tRNA-Trp-CCA-3-1,75,TRUE,UGG,CCA,Trp,FALSE,TRUE,Trp-UGG,barcode_v2,Percent,50p,3,TRUE,6.369426752,157,1.008,,,0,0,0,0,0,157,0,0
1810,50p3N,1,l3N,Homo_sapiens_tRNA-Thr-AGT-1-1,77,TRUE,ACU,AGT,Thr,FALSE,TRUE,Thr-ACU,barcode_v2,Percent,50p,3,TRUE,30.96774194,155,1.277,,,0,0,155,155,0,0,0,0
1672,50p3N,1,l3N,Homo_sapiens_tRNA-Ala-AGC-8-1,76,TRUE,GCU,AGC,Ala,FALSE,TRUE,Ala-GCU,barcode_v2,Percent,50p,3,TRUE,7.792207792,154,1.269,,,0,0,154,154,0,0,0,0
2627,50p1N,2,l1N,Homo_sapiens_tRNA-Thr-AGT-2-1,77,TRUE,ACU,AGT,Thr,FALSE,TRUE,Thr-ACU,barcode_v2,Percent,50p,3,TRUE,18,150,0.963,,,0,0,0,0,0,150,0,0
2602,50p1N,2,l1N,Homo_sapiens_tRNA-Phe-GAA-2-1,76,TRUE,UUC,GAA,Phe,FALSE,TRUE,Phe-UUC,barcode_v2,Percent,50p,3,TRUE,10.06711409,149,0.957,,,0,0,0,0,0,149,0,0
1742,50p3N,1,l3N,Homo_sapiens_tRNA-Gly-TCC-3-1,75,TRUE,GGA,TCC,Gly,FALSE,TRUE,Gly-GGA,barcode_v2,Percent,50p,3,TRUE,8.108108108,148,1.220,,,0,0,148,148,0,0,0,0
1674,50p3N,1,l3N,Homo_sapiens_tRNA-Ala-CGC-1-1,75,TRUE,GCG,CGC,Ala,FALSE,TRUE,Ala-GCG,barcode_v2,Percent,50p,3,TRUE,13.60544218,147,1.211,,,0,0,147,147,0,0,0,0
2507,50p1N,2,l1N,Homo_sapiens_tRNA-Arg-CCG-2-1,76,TRUE,CGG,CCG,Arg,FALSE,TRUE,Arg-CGG,barcode_v2,Percent,50p,3,TRUE,23.44827586,145,0.931,,,0,0,0,0,0,145,0,0
2658,50p1N,2,l1N,Homo_sapiens_tRNA-Val-TAC-2-1,76,TRUE,GUA,TAC,Val,FALSE,TRUE,Val-GUA,barcode_v2,Percent,50p,3,TRUE,10.34482759,145,0.931,,,0,0,0,0,0,145,0,0
2638,50p1N,2,l1N,Homo_sapiens_tRNA-Thr-TGT-4-1,76,TRUE,ACA,TGT,Thr,FALSE,TRUE,Thr-ACA,barcode_v2,Percent,50p,3,TRUE,23.61111111,144,0.925,,,0,0,0,0,0,144,0,0
1770,50p3N,1,l3N,Homo_sapiens_tRNA-Lys-CTT-1-1,76,TRUE,AAG,CTT,Lys,FALSE,TRUE,Lys-AAG,barcode_v2,Percent,50p,3,TRUE,26.76056338,142,1.170,,,0,0,142,142,0,0,0,0
1667,50p3N,1,l3N,Homo_sapiens_tRNA-Ala-AGC-2-1,75,TRUE,GCU,AGC,Ala,FALSE,TRUE,Ala-GCU,barcode_v2,Percent,50p,3,TRUE,12.14285714,140,1.154,,,0,0,140,140,0,0,0,0
1694,50p3N,1,l3N,Homo_sapiens_tRNA-Arg-TCG-3-1,76,TRUE,CGA,TCG,Arg,FALSE,TRUE,Arg-CGA,barcode_v2,Percent,50p,3,TRUE,12.14285714,140,1.154,,,0,0,140,140,0,0,0,0
1845,50p3N,1,l3N,Homo_sapiens_tRNA-Val-TAC-2-1,76,TRUE,GUA,TAC,Val,FALSE,TRUE,Val-GUA,barcode_v2,Percent,50p,3,TRUE,11.76470588,136,1.121,,,0,0,136,136,0,0,0,0
2486,50p1N,2,l1N,Homo_sapiens_tRNA-Ala-AGC-2-1,75,TRUE,GCU,AGC,Ala,FALSE,TRUE,Ala-GCU,barcode_v2,Percent,50p,3,TRUE,7.352941176,136,0.873,,,0,0,0,0,0,136,0,0
2574,50p1N,2,l1N,Homo_sapiens_tRNA-Leu-AAG-2-1,85,TRUE,CUU,AAG,Leu,FALSE,TRUE,Leu-CUU,barcode_v2,Percent,50p,3,TRUE,11.76470588,136,0.873,,,0,0,0,0,0,136,0,0
2657,50p1N,2,l1N,Homo_sapiens_tRNA-Val-TAC-1-1,76,TRUE,GUA,TAC,Val,FALSE,TRUE,Val-GUA,barcode_v2,Percent,50p,3,TRUE,9.701492537,134,0.861,,,0,0,0,0,0,134,0,0
2592,50p1N,2,l1N,Homo_sapiens_tRNA-Lys-TTT-2-1,76,TRUE,AAA,TTT,Lys,FALSE,TRUE,Lys-AAA,barcode_v2,Percent,50p,3,TRUE,18.04511278,133,0.854,,,0,0,0,0,0,133,0,0
1729,50p3N,1,l3N,Homo_sapiens_tRNA-Gln-TTG-3-1,75,TRUE,CAA,TTG,Gln,FALSE,TRUE,Gln-CAA,barcode_v2,Percent,50p,3,TRUE,25.38461538,130,1.071,,,0,0,130,130,0,0,0,0
2561,50p1N,2,l1N,Homo_sapiens_tRNA-Gly-TCC-3-1,75,TRUE,GGA,TCC,Gly,FALSE,TRUE,Gly-GGA,barcode_v2,Percent,50p,3,TRUE,3.846153846,130,0.835,,,0,0,0,0,0,130,0,0
2489,50p1N,2,l1N,Homo_sapiens_tRNA-Ala-AGC-4-1,75,TRUE,GCU,AGC,Ala,FALSE,TRUE,Ala-GCU,barcode_v2,Percent,50p,3,TRUE,14.84375,128,0.822,,,0,0,0,0,0,128,0,0
1785,50p3N,1,l3N,Homo_sapiens_tRNA-Phe-GAA-2-1,76,TRUE,UUC,GAA,Phe,FALSE,TRUE,Phe-UUC,barcode_v2,Percent,50p,3,TRUE,17.32283465,127,1.047,,,0,0,127,127,0,0,0,0
1723,50p3N,1,l3N,Homo_sapiens_tRNA-Gln-CTG-2-1,75,TRUE,CAG,CTG,Gln,FALSE,TRUE,Gln-CAG,barcode_v2,Percent,50p,3,TRUE,36.29032258,124,1.022,,,0,0,124,124,0,0,0,0
1755,50p3N,1,l3N,Homo_sapiens_tRNA-Leu-AAG-2-1,85,TRUE,CUU,AAG,Leu,FALSE,TRUE,Leu-CUU,barcode_v2,Percent,50p,3,TRUE,21.95121951,123,1.014,,,0,0,123,123,0,0,0,0
2576,50p1N,2,l1N,Homo_sapiens_tRNA-Leu-CAA-1-1,86,TRUE,UUG,CAA,Leu,FALSE,TRUE,Leu-UUG,barcode_v2,Percent,50p,3,TRUE,10.6557377,122,0.784,,,0,0,0,0,0,122,0,0
2644,50p1N,2,l1N,Homo_sapiens_tRNA-Trp-CCA-4-1,75,TRUE,UGG,CCA,Trp,FALSE,TRUE,Trp-UGG,barcode_v2,Percent,50p,3,TRUE,6.557377049,122,0.784,,,0,0,0,0,0,122,0,0
2596,50p1N,2,l1N,Homo_sapiens_tRNA-Met-CAT-1-1,76,TRUE,AUG,CAT,Met,FALSE,TRUE,Met-AUG,barcode_v2,Percent,50p,3,TRUE,6.666666667,120,0.771,,,0,0,0,0,0,120,0,0
2482,50p1N,2,l1N,Homo_sapiens_tRNA-Ala-AGC-11-1,76,TRUE,GCU,AGC,Ala,FALSE,TRUE,Ala-GCU,barcode_v2,Percent,50p,3,TRUE,14.28571429,119,0.764,,,0,0,0,0,0,119,0,0
2523,50p1N,2,l1N,Homo_sapiens_tRNA-Asn-GTT-3-1,77,TRUE,AAC,GTT,Asn,FALSE,TRUE,Asn-AAC,barcode_v2,Percent,50p,3,TRUE,16.94915254,118,0.758,,,0,0,0,0,0,118,0,0
2546,50p1N,2,l1N,Homo_sapiens_tRNA-Gln-TTG-1-1,75,TRUE,CAA,TTG,Gln,FALSE,TRUE,Gln-CAA,barcode_v2,Percent,50p,3,TRUE,25.42372881,118,0.758,,,0,0,0,0,0,118,0,0
1680,50p3N,1,l3N,Homo_sapiens_tRNA-Ala-TGC-3-1,75,TRUE,GCA,TGC,Ala,FALSE,TRUE,Ala-GCA,barcode_v2,Percent,50p,3,TRUE,10.34482759,116,0.956,,,0,0,116,116,0,0,0,0
2642,50p1N,2,l1N,Homo_sapiens_tRNA-Trp-CCA-2-1,75,TRUE,UGG,CCA,Trp,FALSE,TRUE,Trp-UGG,barcode_v2,Percent,50p,3,TRUE,4.347826087,115,0.739,,,0,0,0,0,0,115,0,0
1844,50p3N,1,l3N,Homo_sapiens_tRNA-Val-TAC-1-1,76,TRUE,GUA,TAC,Val,FALSE,TRUE,Val-GUA,barcode_v2,Percent,50p,3,TRUE,13.27433628,113,0.931,,,0,0,113,113,0,0,0,0
2568,50p1N,2,l1N,Homo_sapiens_tRNA-Ile-AAT-6-1,77,TRUE,AUU,AAT,Ile,FALSE,TRUE,Ile-AUU,barcode_v2,Percent,50p,3,TRUE,9.734513274,113,0.726,,,0,0,0,0,0,113,0,0
2572,50p1N,2,l1N,Homo_sapiens_tRNA-Ile-TAT-2-1,77,TRUE,AUA,TAT,Ile,FALSE,TRUE,Ile-AUA,barcode_v2,Percent,50p,3,TRUE,10.61946903,113,0.726,,,0,0,0,0,0,113,0,0
1811,50p3N,1,l3N,Homo_sapiens_tRNA-Thr-AGT-2-1,77,TRUE,ACU,AGT,Thr,FALSE,TRUE,Thr-ACU,barcode_v2,Percent,50p,3,TRUE,25.89285714,112,0.923,,,0,0,112,112,0,0,0,0
2496,50p1N,2,l1N,Homo_sapiens_tRNA-Ala-CGC-3-1,75,TRUE,GCG,CGC,Ala,FALSE,TRUE,Ala-GCG,barcode_v2,Percent,50p,3,TRUE,7.339449541,109,0.700,,,0,0,0,0,0,109,0,0
2581,50p1N,2,l1N,Homo_sapiens_tRNA-Leu-CAG-2-1,86,TRUE,CUG,CAG,Leu,FALSE,TRUE,Leu-CUG,barcode_v2,Percent,50p,3,TRUE,8.571428571,105,0.674,,,0,0,0,0,0,105,0,0
1757,50p3N,1,l3N,Homo_sapiens_tRNA-Leu-CAA-1-1,86,TRUE,UUG,CAA,Leu,FALSE,TRUE,Leu-UUG,barcode_v2,Percent,50p,3,TRUE,15.38461538,104,0.857,,,0,0,104,104,0,0,0,0
1827,50p3N,1,l3N,Homo_sapiens_tRNA-Trp-CCA-3-1,75,TRUE,UGG,CCA,Trp,FALSE,TRUE,Trp-UGG,barcode_v2,Percent,50p,3,TRUE,16.50485437,103,0.849,,,0,0,103,103,0,0,0,0
2600,50p1N,2,l1N,Homo_sapiens_tRNA-Met-CAT-6-1,76,TRUE,AUG,CAT,Met,FALSE,TRUE,Met-AUG,barcode_v2,Percent,50p,3,TRUE,12.62135922,103,0.662,,,0,0,0,0,0,103,0,0
1762,50p3N,1,l3N,Homo_sapiens_tRNA-Leu-CAG-2-1,86,TRUE,CUG,CAG,Leu,FALSE,TRUE,Leu-CUG,barcode_v2,Percent,50p,3,TRUE,15.68627451,102,0.841,,,0,0,102,102,0,0,0,0
2559,50p1N,2,l1N,Homo_sapiens_tRNA-Gly-TCC-1-1,75,TRUE,GGA,TCC,Gly,FALSE,TRUE,Gly-GGA,barcode_v2,Percent,50p,3,TRUE,8.910891089,101,0.649,,,0,0,0,0,0,101,0,0
2608,50p1N,2,l1N,Homo_sapiens_tRNA-Pro-TGG-2-1,75,TRUE,CCA,TGG,Pro,FALSE,TRUE,Pro-CCA,barcode_v2,Percent,50p,3,TRUE,33.66336634,101,0.649,,,0,0,0,0,0,101,0,0
2686,25p4N,1,l4N,Homo_sapiens_tRNA-Ala-AGC-11-1,76,TRUE,GCU,AGC,Ala,FALSE,TRUE,Ala-GCU,barcode_v2,Percent,25p,4,TRUE,0,102,0.700,,,0,0,0,0,0,0,102,0
2690,25p4N,1,l4N,Homo_sapiens_tRNA-Ala-AGC-2-1,75,TRUE,GCU,AGC,Ala,FALSE,TRUE,Ala-GCU,barcode_v2,Percent,25p,4,TRUE,3.067484663,163,1.119,,,0,0,0,0,0,0,163,0
2696,25p4N,1,l4N,Homo_sapiens_tRNA-Ala-AGC-8-1,76,TRUE,GCU,AGC,Ala,FALSE,TRUE,Ala-GCU,barcode_v2,Percent,25p,4,TRUE,1.744186047,172,1.181,,,0,0,0,0,0,0,172,0
2698,25p4N,1,l4N,Homo_sapiens_tRNA-Ala-CGC-1-1,75,TRUE,GCG,CGC,Ala,FALSE,TRUE,Ala-GCG,barcode_v2,Percent,25p,4,TRUE,1.764705882,170,1.167,,,0,0,0,0,0,0,170,0
2704,25p4N,1,l4N,Homo_sapiens_tRNA-Ala-TGC-3-1,75,TRUE,GCA,TGC,Ala,FALSE,TRUE,Ala-GCA,barcode_v2,Percent,25p,4,TRUE,5.031446541,159,1.092,,,0,0,0,0,0,0,159,0
2708,25p4N,1,l4N,Homo_sapiens_tRNA-Arg-ACG-1-1,76,TRUE,CGU,ACG,Arg,FALSE,TRUE,Arg-CGU,barcode_v2,Percent,25p,4,TRUE,5.208333333,384,2.636,,,0,0,0,0,0,0,384,0
2709,25p4N,1,l4N,Homo_sapiens_tRNA-Arg-ACG-2-1,76,TRUE,CGU,ACG,Arg,FALSE,TRUE,Arg-CGU,barcode_v2,Percent,25p,4,TRUE,4.026845638,298,2.046,,,0,0,0,0,0,0,298,0
2710,25p4N,1,l4N,Homo_sapiens_tRNA-Arg-CCG-1-1,76,TRUE,CGG,CCG,Arg,FALSE,TRUE,Arg-CGG,barcode_v2,Percent,25p,4,TRUE,7.37704918,244,1.675,,,0,0,0,0,0,0,244,0
2718,25p4N,1,l4N,Homo_sapiens_tRNA-Arg-TCG-3-1,76,TRUE,CGA,TCG,Arg,FALSE,TRUE,Arg-CGA,barcode_v2,Percent,25p,4,TRUE,4.697986577,149,1.023,,,0,0,0,0,0,0,149,0
2732,25p4N,1,l4N,Homo_sapiens_tRNA-Asp-GTC-2-1,75,TRUE,GAC,GTC,Asp,FALSE,TRUE,Asp-GAC,barcode_v2,Percent,25p,4,TRUE,15.22580645,775,5.321,,,0,0,0,0,0,0,775,0
2736,25p4N,1,l4N,Homo_sapiens_tRNA-Cys-GCA-2-1,75,TRUE,UGC,GCA,Cys,FALSE,TRUE,Cys-UGC,barcode_v2,Percent,25p,4,TRUE,6.951871658,187,1.284,,,0,0,0,0,0,0,187,0
2743,25p4N,1,l4N,Homo_sapiens_tRNA-Gln-CTG-1-1,75,TRUE,CAG,CTG,Gln,FALSE,TRUE,Gln-CAG,barcode_v2,Percent,25p,4,TRUE,10.16949153,708,4.861,,,0,0,0,0,0,0,708,0
2744,25p4N,1,l4N,Homo_sapiens_tRNA-Gln-CTG-2-1,75,TRUE,CAG,CTG,Gln,FALSE,TRUE,Gln-CAG,barcode_v2,Percent,25p,4,TRUE,8.26446281,121,0.831,,,0,0,0,0,0,0,121,0
2750,25p4N,1,l4N,Homo_sapiens_tRNA-Gln-TTG-3-1,75,TRUE,CAA,TTG,Gln,FALSE,TRUE,Gln-CAA,barcode_v2,Percent,25p,4,TRUE,8.823529412,136,0.934,,,0,0,0,0,0,0,136,0
2751,25p4N,1,l4N,Homo_sapiens_tRNA-Glu-CTC-1-1,75,TRUE,GAG,CTC,Glu,FALSE,TRUE,Glu-GAG,barcode_v2,Percent,25p,4,TRUE,8.888888889,450,3.090,,,0,0,0,0,0,0,450,0
2753,25p4N,1,l4N,Homo_sapiens_tRNA-Glu-TTC-1-1,75,TRUE,GAA,TTC,Glu,FALSE,TRUE,Glu-GAA,barcode_v2,Percent,25p,4,TRUE,4.635761589,151,1.037,,,0,0,0,0,0,0,151,0
2755,25p4N,1,l4N,Homo_sapiens_tRNA-Glu-TTC-2-1,75,TRUE,GAA,TTC,Glu,FALSE,TRUE,Glu-GAA,barcode_v2,Percent,25p,4,TRUE,4.95049505,202,1.387,,,0,0,0,0,0,0,202,0
2757,25p4N,1,l4N,Homo_sapiens_tRNA-Gly-CCC-1-1,74,TRUE,GGG,CCC,Gly,FALSE,TRUE,Gly-GGG,barcode_v2,Percent,25p,4,TRUE,3.703703704,297,2.039,,,0,0,0,0,0,0,297,0
2758,25p4N,1,l4N,Homo_sapiens_tRNA-Gly-CCC-2-1,74,TRUE,GGG,CCC,Gly,FALSE,TRUE,Gly-GGG,barcode_v2,Percent,25p,4,TRUE,2.112676056,284,1.950,,,0,0,0,0,0,0,284,0
2759,25p4N,1,l4N,Homo_sapiens_tRNA-Gly-GCC-1-1,74,TRUE,GGC,GCC,Gly,FALSE,TRUE,Gly-GGC,barcode_v2,Percent,25p,4,TRUE,3.066037736,424,2.911,,,0,0,0,0,0,0,424,0
2760,25p4N,1,l4N,Homo_sapiens_tRNA-Gly-GCC-2-1,74,TRUE,GGC,GCC,Gly,FALSE,TRUE,Gly-GGC,barcode_v2,Percent,25p,4,TRUE,3.815261044,498,3.419,,,0,0,0,0,0,0,498,0
2761,25p4N,1,l4N,Homo_sapiens_tRNA-Gly-TCC-1-1,75,TRUE,GGA,TCC,Gly,FALSE,TRUE,Gly-GGA,barcode_v2,Percent,25p,4,TRUE,3.846153846,104,0.714,,,0,0,0,0,0,0,104,0
2762,25p4N,1,l4N,Homo_sapiens_tRNA-Gly-TCC-2-1,75,TRUE,GGA,TCC,Gly,FALSE,TRUE,Gly-GGA,barcode_v2,Percent,25p,4,TRUE,2.070393375,483,3.316,,,0,0,0,0,0,0,483,0
2763,25p4N,1,l4N,Homo_sapiens_tRNA-Gly-TCC-3-1,75,TRUE,GGA,TCC,Gly,FALSE,TRUE,Gly-GGA,barcode_v2,Percent,25p,4,TRUE,1.360544218,147,1.009,,,0,0,0,0,0,0,147,0
2764,25p4N,1,l4N,Homo_sapiens_tRNA-His-GTG-1-1,75,TRUE,CAC,GTG,His,FALSE,TRUE,His-CAC,barcode_v2,Percent,25p,4,TRUE,6.41350211,1185,8.136,,,0,0,0,0,0,0,1185,0
2770,25p4N,1,l4N,Homo_sapiens_tRNA-Ile-AAT-5-1,77,TRUE,AUU,AAT,Ile,FALSE,TRUE,Ile-AUU,barcode_v2,Percent,25p,4,TRUE,1.776649746,394,2.705,,,0,0,0,0,0,0,394,0
2771,25p4N,1,l4N,Homo_sapiens_tRNA-Ile-AAT-6-1,77,TRUE,AUU,AAT,Ile,FALSE,TRUE,Ile-AUU,barcode_v2,Percent,25p,4,TRUE,0.934579439,107,0.735,,,0,0,0,0,0,0,107,0
2775,25p4N,1,l4N,Homo_sapiens_tRNA-Ile-TAT-2-1,77,TRUE,AUA,TAT,Ile,FALSE,TRUE,Ile-AUA,barcode_v2,Percent,25p,4,TRUE,6.862745098,102,0.700,,,0,0,0,0,0,0,102,0
2778,25p4N,1,l4N,Homo_sapiens_tRNA-Leu-AAG-2-1,85,TRUE,CUU,AAG,Leu,FALSE,TRUE,Leu-CUU,barcode_v2,Percent,25p,4,TRUE,3.723404255,188,1.291,,,0,0,0,0,0,0,188,0
2780,25p4N,1,l4N,Homo_sapiens_tRNA-Leu-CAA-1-1,86,TRUE,UUG,CAA,Leu,FALSE,TRUE,Leu-UUG,barcode_v2,Percent,25p,4,TRUE,1.481481481,135,0.927,,,0,0,0,0,0,0,135,0
2784,25p4N,1,l4N,Homo_sapiens_tRNA-Leu-CAG-1-1,86,TRUE,CUG,CAG,Leu,FALSE,TRUE,Leu-CUG,barcode_v2,Percent,25p,4,TRUE,5.194805195,308,2.115,,,0,0,0,0,0,0,308,0
2785,25p4N,1,l4N,Homo_sapiens_tRNA-Leu-CAG-2-1,86,TRUE,CUG,CAG,Leu,FALSE,TRUE,Leu-CUG,barcode_v2,Percent,25p,4,TRUE,1.587301587,126,0.865,,,0,0,0,0,0,0,126,0
2792,25p4N,1,l4N,Homo_sapiens_tRNA-Lys-CTT-1-1,76,TRUE,AAG,CTT,Lys,FALSE,TRUE,Lys-AAG,barcode_v2,Percent,25p,4,TRUE,5.85106383,188,1.291,,,0,0,0,0,0,0,188,0
2793,25p4N,1,l4N,Homo_sapiens_tRNA-Lys-CTT-2-1,76,TRUE,AAG,CTT,Lys,FALSE,TRUE,Lys-AAG,barcode_v2,Percent,25p,4,TRUE,6.490872211,493,3.385,,,0,0,0,0,0,0,493,0
2796,25p4N,1,l4N,Homo_sapiens_tRNA-Lys-TTT-2-1,76,TRUE,AAA,TTT,Lys,FALSE,TRUE,Lys-AAA,barcode_v2,Percent,25p,4,TRUE,11.40350877,114,0.783,,,0,0,0,0,0,0,114,0
2797,25p4N,1,l4N,Homo_sapiens_tRNA-Lys-TTT-3-1,76,TRUE,AAA,TTT,Lys,FALSE,TRUE,Lys-AAA,barcode_v2,Percent,25p,4,TRUE,6.296296296,270,1.854,,,0,0,0,0,0,0,270,0
2800,25p4N,1,l4N,Homo_sapiens_tRNA-Met-CAT-1-1,76,TRUE,AUG,CAT,Met,FALSE,TRUE,Met-AUG,barcode_v2,Percent,25p,4,TRUE,0.925925926,108,0.742,,,0,0,0,0,0,0,108,0
2803,25p4N,1,l4N,Homo_sapiens_tRNA-Met-CAT-4-1,76,TRUE,AUG,CAT,Met,FALSE,TRUE,Met-AUG,barcode_v2,Percent,25p,4,TRUE,1.875,320,2.197,,,0,0,0,0,0,0,320,0
2804,25p4N,1,l4N,Homo_sapiens_tRNA-Met-CAT-6-1,76,TRUE,AUG,CAT,Met,FALSE,TRUE,Met-AUG,barcode_v2,Percent,25p,4,TRUE,1.754385965,114,0.783,,,0,0,0,0,0,0,114,0
2805,25p4N,1,l4N,Homo_sapiens_tRNA-Phe-GAA-1-1,76,TRUE,UUC,GAA,Phe,FALSE,TRUE,Phe-UUC,barcode_v2,Percent,25p,4,TRUE,3.488372093,602,4.133,,,0,0,0,0,0,0,602,0
2806,25p4N,1,l4N,Homo_sapiens_tRNA-Phe-GAA-2-1,76,TRUE,UUC,GAA,Phe,FALSE,TRUE,Phe-UUC,barcode_v2,Percent,25p,4,TRUE,3.816793893,131,0.899,,,0,0,0,0,0,0,131,0
2809,25p4N,1,l4N,Homo_sapiens_tRNA-Pro-CGG-1-1,75,TRUE,CCG,CGG,Pro,FALSE,TRUE,Pro-CCG,barcode_v2,Percent,25p,4,TRUE,12.38938053,113,0.776,,,0,0,0,0,0,0,113,0
2813,25p4N,1,l4N,Homo_sapiens_tRNA-Pro-TGG-3-1,75,TRUE,CCA,TGG,Pro,FALSE,TRUE,Pro-CCA,barcode_v2,Percent,25p,4,TRUE,14.68531469,143,0.982,,,0,0,0,0,0,0,143,0
2823,25p4N,1,l4N,Homo_sapiens_tRNA-Ser-GCT-3-1,85,TRUE,AGC,GCT,Ser,FALSE,TRUE,Ser-AGC,barcode_v2,Percent,25p,4,TRUE,7,200,1.373,,,0,0,0,0,0,0,200,0
2830,25p4N,1,l4N,Homo_sapiens_tRNA-Thr-AGT-1-1,77,TRUE,ACU,AGT,Thr,FALSE,TRUE,Thr-ACU,barcode_v2,Percent,25p,4,TRUE,12.75167785,149,1.023,,,0,0,0,0,0,0,149,0
2831,25p4N,1,l4N,Homo_sapiens_tRNA-Thr-AGT-2-1,77,TRUE,ACU,AGT,Thr,FALSE,TRUE,Thr-ACU,barcode_v2,Percent,25p,4,TRUE,8.108108108,111,0.762,,,0,0,0,0,0,0,111,0
2843,25p4N,1,l4N,Homo_sapiens_tRNA-Thr-TGT-4-1,76,TRUE,ACA,TGT,Thr,FALSE,TRUE,Thr-ACA,barcode_v2,Percent,25p,4,TRUE,10.25641026,117,0.803,,,0,0,0,0,0,0,117,0
2847,25p4N,1,l4N,Homo_sapiens_tRNA-Trp-CCA-2-1,75,TRUE,UGG,CCA,Trp,FALSE,TRUE,Trp-UGG,barcode_v2,Percent,25p,4,TRUE,3.389830508,118,0.810,,,0,0,0,0,0,0,118,0
2848,25p4N,1,l4N,Homo_sapiens_tRNA-Trp-CCA-3-1,75,TRUE,UGG,CCA,Trp,FALSE,TRUE,Trp-UGG,barcode_v2,Percent,25p,4,TRUE,1.680672269,119,0.817,,,0,0,0,0,0,0,119,0
2856,25p4N,1,l4N,Homo_sapiens_tRNA-Val-AAC-2-1,76,TRUE,GUU,AAC,Val,FALSE,TRUE,Val-GUU,barcode_v2,Percent,25p,4,TRUE,2.777777778,108,0.742,,,0,0,0,0,0,0,108,0
2858,25p4N,1,l4N,Homo_sapiens_tRNA-Val-CAC-1-1,76,TRUE,GUG,CAC,Val,FALSE,TRUE,Val-GUG,barcode_v2,Percent,25p,4,TRUE,2.222222222,540,3.708,,,0,0,0,0,0,0,540,0
2862,25p4N,1,l4N,Homo_sapiens_tRNA-Val-TAC-1-1,76,TRUE,GUA,TAC,Val,FALSE,TRUE,Val-GUA,barcode_v2,Percent,25p,4,TRUE,3.076923077,130,0.893,,,0,0,0,0,0,0,130,0
2863,25p4N,1,l4N,Homo_sapiens_tRNA-Val-TAC-2-1,76,TRUE,GUA,TAC,Val,FALSE,TRUE,Val-GUA,barcode_v2,Percent,25p,4,TRUE,1.973684211,152,1.044,,,0,0,0,0,0,0,152,0
2866,25p4N,1,l4N,Homo_sapiens_tRNA-iMet-CAT-1-1,75,TRUE,AUG,CAT,iMet,FALSE,TRUE,iMet-AUG,barcode_v2,Percent,25p,4,TRUE,3.78440367,872,5.987,,,0,0,0,0,0,0,872,0
3121,75p2N,1,l2N,Homo_sapiens_tRNA-Arg-ACG-1-1,76,TRUE,CGU,ACG,Arg,FALSE,TRUE,Arg-CGU,barcode_v2,Percent,75p,2,TRUE,32.62711864,236,3.289,,,0,0,0,0,0,0,0,236
3122,75p2N,1,l2N,Homo_sapiens_tRNA-Arg-ACG-2-1,76,TRUE,CGU,ACG,Arg,FALSE,TRUE,Arg-CGU,barcode_v2,Percent,75p,2,TRUE,29.41176471,136,1.895,,,0,0,0,0,0,0,0,136
3123,75p2N,1,l2N,Homo_sapiens_tRNA-Arg-CCG-1-1,76,TRUE,CGG,CCG,Arg,FALSE,TRUE,Arg-CGG,barcode_v2,Percent,75p,2,TRUE,33.83458647,133,1.853,,,0,0,0,0,0,0,0,133
3145,75p2N,1,l2N,Homo_sapiens_tRNA-Asp-GTC-2-1,75,TRUE,GAC,GTC,Asp,FALSE,TRUE,Asp-GAC,barcode_v2,Percent,75p,2,TRUE,42.2907489,454,6.327,,,0,0,0,0,0,0,0,454
3151,75p2N,1,l2N,Homo_sapiens_tRNA-Cys-GCA-2-1,75,TRUE,UGC,GCA,Cys,FALSE,TRUE,Cys-UGC,barcode_v2,Percent,75p,2,TRUE,53.51351351,185,2.578,,,0,0,0,0,0,0,0,185
3159,75p2N,1,l2N,Homo_sapiens_tRNA-Gln-CTG-1-1,75,TRUE,CAG,CTG,Gln,FALSE,TRUE,Gln-CAG,barcode_v2,Percent,75p,2,TRUE,49.46380697,746,10.396,,,0,0,0,0,0,0,0,746
3167,75p2N,1,l2N,Homo_sapiens_tRNA-Gln-TTG-3-1,75,TRUE,CAA,TTG,Gln,FALSE,TRUE,Gln-CAA,barcode_v2,Percent,75p,2,TRUE,49.19354839,124,1.728,,,0,0,0,0,0,0,0,124
3168,75p2N,1,l2N,Homo_sapiens_tRNA-Glu-CTC-1-1,75,TRUE,GAG,CTC,Glu,FALSE,TRUE,Glu-GAG,barcode_v2,Percent,75p,2,TRUE,50.81967213,366,5.100,,,0,0,0,0,0,0,0,366
3169,75p2N,1,l2N,Homo_sapiens_tRNA-Glu-TTC-1-1,75,TRUE,GAA,TTC,Glu,FALSE,TRUE,Glu-GAA,barcode_v2,Percent,75p,2,TRUE,32.57575758,132,1.839,,,0,0,0,0,0,0,0,132
3171,75p2N,1,l2N,Homo_sapiens_tRNA-Glu-TTC-2-1,75,TRUE,GAA,TTC,Glu,FALSE,TRUE,Glu-GAA,barcode_v2,Percent,75p,2,TRUE,18.94736842,190,2.648,,,0,0,0,0,0,0,0,190
3173,75p2N,1,l2N,Homo_sapiens_tRNA-Gly-CCC-1-1,74,TRUE,GGG,CCC,Gly,FALSE,TRUE,Gly-GGG,barcode_v2,Percent,75p,2,TRUE,34.16149068,161,2.244,,,0,0,0,0,0,0,0,161
3174,75p2N,1,l2N,Homo_sapiens_tRNA-Gly-CCC-2-1,74,TRUE,GGG,CCC,Gly,FALSE,TRUE,Gly-GGG,barcode_v2,Percent,75p,2,TRUE,25.86206897,174,2.425,,,0,0,0,0,0,0,0,174
3175,75p2N,1,l2N,Homo_sapiens_tRNA-Gly-GCC-1-1,74,TRUE,GGC,GCC,Gly,FALSE,TRUE,Gly-GGC,barcode_v2,Percent,75p,2,TRUE,17.32673267,202,2.815,,,0,0,0,0,0,0,0,202
3176,75p2N,1,l2N,Homo_sapiens_tRNA-Gly-GCC-2-1,74,TRUE,GGC,GCC,Gly,FALSE,TRUE,Gly-GGC,barcode_v2,Percent,75p,2,TRUE,25.68493151,292,4.069,,,0,0,0,0,0,0,0,292
3178,75p2N,1,l2N,Homo_sapiens_tRNA-Gly-TCC-2-1,75,TRUE,GGA,TCC,Gly,FALSE,TRUE,Gly-GGA,barcode_v2,Percent,75p,2,TRUE,25.09363296,267,3.721,,,0,0,0,0,0,0,0,267
3179,75p2N,1,l2N,Homo_sapiens_tRNA-Gly-TCC-3-1,75,TRUE,GGA,TCC,Gly,FALSE,TRUE,Gly-GGA,barcode_v2,Percent,75p,2,TRUE,19.8019802,101,1.407,,,0,0,0,0,0,0,0,101
3180,75p2N,1,l2N,Homo_sapiens_tRNA-His-GTG-1-1,75,TRUE,CAC,GTG,His,FALSE,TRUE,His-CAC,barcode_v2,Percent,75p,2,TRUE,36.66666667,600,8.361,,,0,0,0,0,0,0,0,600
3186,75p2N,1,l2N,Homo_sapiens_tRNA-Ile-AAT-5-1,77,TRUE,AUU,AAT,Ile,FALSE,TRUE,Ile-AUU,barcode_v2,Percent,75p,2,TRUE,32.22748815,211,2.940,,,0,0,0,0,0,0,0,211
3199,75p2N,1,l2N,Homo_sapiens_tRNA-Leu-CAG-1-1,86,TRUE,CUG,CAG,Leu,FALSE,TRUE,Leu-CUG,barcode_v2,Percent,75p,2,TRUE,23.68421053,152,2.118,,,0,0,0,0,0,0,0,152
3207,75p2N,1,l2N,Homo_sapiens_tRNA-Lys-CTT-1-1,76,TRUE,AAG,CTT,Lys,FALSE,TRUE,Lys-AAG,barcode_v2,Percent,75p,2,TRUE,47.36842105,114,1.589,,,0,0,0,0,0,0,0,114
3208,75p2N,1,l2N,Homo_sapiens_tRNA-Lys-CTT-2-1,76,TRUE,AAG,CTT,Lys,FALSE,TRUE,Lys-AAG,barcode_v2,Percent,75p,2,TRUE,46.06741573,267,3.721,,,0,0,0,0,0,0,0,267
3212,75p2N,1,l2N,Homo_sapiens_tRNA-Lys-TTT-3-1,76,TRUE,AAA,TTT,Lys,FALSE,TRUE,Lys-AAA,barcode_v2,Percent,75p,2,TRUE,37.82051282,156,2.174,,,0,0,0,0,0,0,0,156
3218,75p2N,1,l2N,Homo_sapiens_tRNA-Met-CAT-4-1,76,TRUE,AUG,CAT,Met,FALSE,TRUE,Met-AUG,barcode_v2,Percent,75p,2,TRUE,29.33333333,150,2.090,,,0,0,0,0,0,0,0,150
3220,75p2N,1,l2N,Homo_sapiens_tRNA-Phe-GAA-1-1,76,TRUE,UUC,GAA,Phe,FALSE,TRUE,Phe-UUC,barcode_v2,Percent,75p,2,TRUE,25.07836991,319,4.445,,,0,0,0,0,0,0,0,319
3224,75p2N,1,l2N,Homo_sapiens_tRNA-Pro-CGG-1-1,75,TRUE,CCG,CGG,Pro,FALSE,TRUE,Pro-CCG,barcode_v2,Percent,75p,2,TRUE,58.20895522,134,1.867,,,0,0,0,0,0,0,0,134
3228,75p2N,1,l2N,Homo_sapiens_tRNA-Pro-TGG-3-1,75,TRUE,CCA,TGG,Pro,FALSE,TRUE,Pro-CCA,barcode_v2,Percent,75p,2,TRUE,51.97368421,152,2.118,,,0,0,0,0,0,0,0,152
3237,75p2N,1,l2N,Homo_sapiens_tRNA-Ser-GCT-3-1,85,TRUE,AGC,GCT,Ser,FALSE,TRUE,Ser-AGC,barcode_v2,Percent,75p,2,TRUE,27.94117647,136,1.895,,,0,0,0,0,0,0,0,136
3244,75p2N,1,l2N,Homo_sapiens_tRNA-Thr-AGT-1-1,77,TRUE,ACU,AGT,Thr,FALSE,TRUE,Thr-ACU,barcode_v2,Percent,75p,2,TRUE,40.6779661,118,1.644,,,0,0,0,0,0,0,0,118
3273,75p2N,1,l2N,Homo_sapiens_tRNA-Val-CAC-1-1,76,TRUE,GUG,CAC,Val,FALSE,TRUE,Val-GUG,barcode_v2,Percent,75p,2,TRUE,22.01257862,318,4.431,,,0,0,0,0,0,0,0,318
3281,75p2N,1,l2N,Homo_sapiens_tRNA-iMet-CAT-1-1,75,TRUE,AUG,CAT,iMet,FALSE,TRUE,iMet-AUG,barcode_v2,Percent,75p,2,TRUE,37.11111111,450,6.271,,,0,0,0,0,0,0,0,450
,,,,,,,,,,,,,,,,,,,,,,,2110,11894,22315,12135,1452,15570,14565,7176
,,,,,,,,,,,,,,,,,,,,,,,,,,,,,,
,,,,,,,,,,,,,,,,,,,,,,,,,,,,,,
,,,,,,,,,,,,,,,,,,,,,,,,,,,,,,
,,,,,,,,,,,,,,,,,,,,,,,,,,,,,,
,,,,,,,,,,,,,,,,,,,,,,,,,,,,,,
,,,,,,,,,,,,,,,,,,,,,,,,,,,,,,
,,p,1,2,,p_c,avg,,,,,,,,,,,,,,,,,,,,,,,
,100p,100,85.88235294,90.75268817,,88.31752056,88.31752056,,,,,,,,,,,,,,,,,,,,,,,
,75p,75,42.2907489,,,66.23814042,42.2907489,,,,,,,,,,,,,,,,,,,,,,,
,50p,50,28.70229008,19.65134707,,44.15876028,24.17681857,,,,,,,,,,,,,,,,,,,,,,,
,25p,25,8.617594255,15.22580645,,22.07938014,11.92170035,,,,,,,,,,,,,,,,,,,,,,,
,0p,0,0,,,0,0,,,,,,,,,,,,,,,,,,,,,,,
,,,,,,,,,,,,,,,,,,,,,,,,,,,,,,
,,,,,,,,,,,,,,,,,,,,,,,,,,,,,,
,,,,,,,,,,,,,,,,,,,,,,,,,,,,,,
,,,,,,,,,,,,,,,,,,,,,,,,,,,,,,
,,,,,,,,,,,,,,,,,,,,,,,,,,,,,,
f1 nom,f2 nom,mult,f2 mult,f1 adj,f2 adj,fc1,fc2,fc,,,,,,,,,,,,,,,,,,,,,,
1,0,3,0,1,0,0.8,0,0.8,,,,,,,,,,,,,,,,,,,,,,
0.75,0.25,3,0.75,0.5,0.5,0.8,0,0.4,,,,,,,,,,,,,,,,,,,,,,
0.5,0.5,3,1.5,0.25,0.75,0.8,0,0.2,,,,,,,,,,,,,,,,,,,,,,
0.25,0.75,3,2.25,0.1,0.9,0.8,0,0.08,,,,,,,,,,,,,,,,,,,,,,
0,1,3,3,0,1,0.8,0,0,,,,,,,,,,,,,,,,,,,,,,
,,,,,,,,,,,,,,,,,,,,,,,,,,,,,,
,,,,,,,,,,,,,,,,,,,,,,,,,,,,,,
,,,,,,,,,,,,,,,,,,,,,,,,,,,,,,
,,,,,,,,,,,,,,,,,,,,,,,,,,,,,,
,,,,,,,,,,,,,,,,,,,,,,,,,,,,,,
f1 nom,f2 nom,mult,f2 mult,f1 adj,f2 adj,fc1,fc2,fc,,p,1,2,avg,fc mes,,,,,,,,,,,,,,,,
1,0,2.8,0,1,0,0.883175206,0,0.883175206,,100,85.88235294,90.75268817,88.31752056,0.883175206,,,,,,,,,,,,,,,,
0.75,0.25,2.8,0.7,0.517241379,0.482758621,0.883175206,0,0.456814761,,75,42.2907489,,42.2907489,0.422907489,,,,,,,,,,,,,,,,
0.5,0.5,2.8,1.4,0.263157895,0.736842105,0.883175206,0,0.232414528,,50,28.70229008,19.65134707,24.17681857,0.241768186,,,,,,,,,,,,,,,,
0.25,0.75,2.8,2.1,0.106382979,0.893617021,0.883175206,0,0.093954809,,25,8.617594255,15.22580645,11.92170035,0.119217004,,,,,,,,,,,,,,,,
0,1,2.8,2.8,0,1,0.883175206,0,0,,0,0,,0,0,,,,,,,,,,,,,,,,
,,,,,,,,,,,,,,,,,,,,,,,,,,,,,,
,,,,,,,,,,,,,,,,,,,,,,,,,,,,,,
,,,,,,,,,0.996587182,0.999376502,,,,,,,,,,,,,,,,,,,,
,,,,,,,,,,,,,,,,,,,,,,,,,,,,,,
,,,,,,,,,,,,,,,,,,,,,,,,,,,,,,
,,,,,,,,,,,,,,,,,,,,,,,,,,,,,,
,,,,,,,,,,,,,,,,,,,,,,,,,,,,,,
,,,,,,,,,,,,,,,,,,,,,,,,,,,,,,
,,,,,,,,,,,,,,,,,,,,,,,,,,,,,,
,,,,,,,,,,,,,,,,,,,,,,,,,,,,,,
f1 nom,f2 nom,mult,f2 mult,f1 adj,f2 adj,fc1,fc2,fc,,p,1,2,avg,fc mes,,,,,,,,,,,,,,,,
1,0,1.7,0,1,0,0.775478329,0,0.775478329,,100,76.92307692,78.17258883,77.54783288,0.775478329,,,,,,,,,,,,,,,,
0.75,0.25,1.7,0.425,0.638297872,0.361702128,0.775478329,0,0.494986167,,75,50.81967213,,50.81967213,0.508196721,,,,,,,,,,,,,,,,
0.5,0.5,1.7,0.85,0.37037037,0.62962963,0.775478329,0,0.287214196,,50,32.6848249,31.23486683,31.95984587,0.319598459,,,,,,,,,,,,,,,,
0.25,0.75,1.7,1.275,0.163934426,0.836065574,0.775478329,0,0.127127595,,25,10.38961039,8.888888889,9.639249639,0.096392496,,,,,,,,,,,,,,,,
0,1,1.7,1.7,0,1,0.775478329,0,0,,0,0,,0,0,,,,,,,,,,,,,,,,
,,,,,,,,,,,,,,,,,,,,,,,,,,,,,,
,,,,,,,,,,,,,,,,,,,,,,,,,,,,,,
,,,,,,,,,0.994923328,0.984902186,,,,,,,,,,,,,,,,,,,,
,,,,,,,,,,,,,,,,,,,,,,,,,,,,,,
,,,,,,,,,,,,,,,,,,,,,,,,,,,,,,
,,,,,,,,,,,,,,,,,,,,,,,,,,,,,,
,,,,,,,,,,,,,,,,,,,,,,,,,,,,,,
f1 nom,f2 nom,mult,f2 mult,f1 adj,f2 adj,fc1,fc2,fc,,p,1,2,3,avg,fc mes,,,,,,,,,,,,,,,
1,0,1.7,0,1,0,0.873786408,0.004761905,0.873786408,,100,87.37864078,,,87.37864078,0.873786408,,,,,,,,,,,,,,,
0.75,0.25,1.7,0.425,0.638297872,0.361702128,0.873786408,0.004761905,0.559458396,,75,51.97368421,,,51.97368421,0.519736842,,,,,,,,,,,,,,,
0.5,0.5,1.7,0.85,0.37037037,0.62962963,0.873786408,0.004761905,0.326622832,,50,35.51912568,33.66336634,30.65693431,33.27980878,0.332798088,,,,,,,,,,,,,,,
0.25,0.75,1.7,1.275,0.163934426,0.836065574,0.873786408,0.004761905,0.147224938,,25,12.04188482,14.68531469,,13.36359975,0.133635998,,,,,,,,,,,,,,,
0,1,1.7,1.7,0,1,0.873786408,0.004761905,0.004761905,,0,0.476190476,,,0.476190476,0.004761905,,,,,,,,,,,,,,,
,,,,,,,,,,,,,,,,,,,,,,,,,,,,,,
,,,,,,,,,,,,,,,,,,,,,,,,,,,,,,
,,,,,,,,,0.99717387,0.991379903,,,,,,,,,,,,,,,,,,,,
,,,,,,,,,,,,,,,,,,,,,,,,,,,,,,
,,,,,,,,,,,,,,,,,,,,,,,,,,,,,,
,,,,,,,,,,,,,,,,,,,,,,,,,,,,,,
,,,,,,,,,,,,,,,,,,,,,,,,,,,,,,
,,,,,,,,,,,,,,,,,,,,,,,,,,,,,,
,,,,,,,,,,,,,,,,,,,,,,,,,,,,,,
,,,,,,,,,,,,,,,,,,,,,,,,,,,,,,
,,,,,,,,,,,,,,,,,,,,,,,,,,,,,,
,,,,,,,,,,,,,,,,,,,,,,,,,,,,,,
f1 nom,f2 nom,mult,f2 mult,f1 adj,f2 adj,fc1,fc2,fc,,p,1,2,3,4,avg,fc mes,,,,,,,,,,,,,,
1,0,3,0,1,0,0.908715013,0.001131222,0.908715013,,100,91.66666667,90.07633588,,,90.87150127,0.908715013,,,,,,,,,,,,,,
0.75,0.25,3,0.75,0.5,0.5,0.908715013,0.001131222,0.454923117,,75,47.36842105,46.06741573,,,46.71791839,0.467179184,,,,,,,,,,,,,,
0.5,0.5,3,1.5,0.25,0.75,0.908715013,0.001131222,0.228027169,,50,26.76056338,21.52230971,20.58823529,20.63106796,22.37554409,0.223755441,,,,,,,,,,,,,,
0.25,0.75,3,2.25,0.1,0.9,0.908715013,0.001131222,0.091889601,,25,7.692307692,10,5.85106383,6.490872211,7.508560933,0.075085609,,,,,,,,,,,,,,
0,1,3,3,0,1,0.908715013,0.001131222,0.001131222,,0,0,0.226244344,,,0.113122172,0.001131222,,,,,,,,,,,,,,
,,,,,,,,,,,,,,,,,,,,,,,,,,,,,,
,,,,,,,,,,,,,,,,,,,,,,,,,,,,,,
,,,,,,,,,0.999319527,0.99997773,,,,,,,,,,,,,,,,,,,,