position,pre_nt,5p_covered,base,count
0,G,True,T,305995
1,G,True,T,124300
2,G,True,T,26083
0,C,False,T,14145
1,C,False,T,5012
0,G,True,C,104338
0,T,True,T,42942
0,T,False,A,4806
0,G,False,T,66268
1,G,False,T,39598
2,G,False,C,8375
1,G,True,C,45301
0,A,False,T,29433
1,A,False,A,8651
0,G,False,G,3032
2,G,False,G,4257
3,G,False,T,3587
4,G,False,A,682
5,G,False,T,3390
0,A,True,T,24381
1,A,False,T,8394
2,A,False,T,3713
0,C,False,G,1758
0,G,True,A,16157
0,C,False,C,9510
1,A,False,C,10436
1,G,False,C,20190
0,T,False,C,16211
1,T,False,T,14601
0,A,False,C,8539
0,T,False,T,35858
0,C,True,C,1648
1,C,True,T,3465
0,A,False,A,19318
0,T,True,C,12493
1,T,True,T,5393
1,C,False,C,7731
3,G,True,G,497
4,G,True,G,282
5,G,True,G,253
6,G,True,C,243
7,G,True,C,161
8,G,True,A,116
9,G,True,G,238
10,G,True,T,190
11,G,True,G,206
12,G,True,G,140
13,G,True,C,197
14,G,True,G,131
15,G,True,C,75
16,G,True,A,130
17,G,True,A,82
18,G,True,T,118
19,G,True,G,184
20,G,True,G,114
21,G,True,A,171
22,G,True,T,114
23,G,True,A,164
24,G,True,A,143
25,G,True,C,126
26,G,True,G,102
27,G,True,C,119
28,G,True,A,65
29,G,True,T,146
30,G,True,C,104
31,G,True,T,78
32,G,True,G,86
33,G,True,A,45
34,G,True,C,81
2,A,False,G,4001
3,A,False,G,3795
4,A,False,A,3419
5,A,False,C,3306
6,A,False,T,3212
7,A,False,G,3146
8,A,False,T,3088
1,A,True,C,1441
1,A,True,T,6672
0,G,False,A,2971
2,G,False,T,18850
2,T,True,T,926
2,A,False,A,1120
3,A,False,A,1001
3,G,True,T,2658
4,G,True,C,447
5,G,True,T,318
0,G,False,C,8868
4,G,False,T,3250
5,G,False,A,947
0,C,True,T,7567
0,A,True,C,6573
1,G,False,G,4224
3,A,False,T,436
4,A,False,G,766
1,T,False,A,3361
2,G,True,C,4790
0,T,False,G,4222
1,T,False,C,11470
2,T,False,T,2985
3,T,False,T,1087
4,T,False,G,954
5,T,False,G,850
6,T,False,C,1935
1,T,False,G,3405
3,T,False,G,2518
4,T,False,C,3045
5,T,False,T,1159
6,T,False,T,962
7,T,False,G,820
8,T,False,G,798
9,T,False,C,737
4,G,False,G,2141
1,C,False,G,1549
2,C,False,G,2028
3,C,False,C,886
4,C,False,T,439
5,C,False,C,1245
6,C,False,C,1055
7,C,False,A,360
8,C,False,T,279
0,A,False,G,2948
1,A,False,G,1680
3,G,False,C,3279
5,G,False,C,3954
6,G,False,T,2891
7,G,False,T,2534
3,G,False,G,3779
0,C,False,A,3180
1,C,False,A,3008
2,C,False,A,1026
3,C,False,G,2403
4,C,False,G,1089
0,G,True,G,7720
3,G,True,C,859
2,A,False,C,1115
4,G,False,C,4518
5,G,False,G,1453
6,G,False,C,3249
7,G,False,C,2117
8,G,False,T,2136
9,G,False,C,561
2,T,False,C,2722
3,T,False,C,1925
4,T,False,T,927
6,T,False,G,418
7,T,False,A,247
8,T,False,C,508
4,C,False,A,867
2,T,False,G,2462
3,T,False,A,1085
4,T,False,A,679
7,T,False,C,934
2,C,False,T,1739
5,C,False,G,433
6,C,False,G,336
8,C,False,G,289
9,C,False,A,212
10,C,False,A,187
11,C,False,C,173
12,C,False,C,174
2,C,False,C,1112
7,C,False,G,339
8,C,False,A,243
10,C,False,G,197
11,C,False,T,116
12,C,False,T,97
13,C,False,T,99
14,C,False,C,96
15,C,False,C,84
5,T,False,C,2173
1,T,True,C,1751
0,T,True,G,970
4,C,False,C,1349
5,C,False,T,629
0,T,True,A,1160
3,G,False,A,2046
2,G,True,G,1384
5,G,True,C,267
6,G,True,G,282
7,G,True,G,270
8,G,True,T,361
9,G,True,T,260
10,G,True,A,107
12,G,True,C,231
13,G,True,T,201
14,G,True,C,140
15,G,True,A,192
16,G,True,G,140
17,G,True,T,186
21,G,True,T,149
24,G,True,G,134
25,G,True,A,96
28,G,True,T,157
30,G,True,G,141
31,G,True,G,105
32,G,True,T,99
33,G,True,G,56
35,G,True,T,98
36,G,True,G,55
37,G,True,A,92
38,G,True,T,60
39,G,True,A,62
40,G,True,A,54
41,G,True,C,86
42,G,True,G,71
43,G,True,C,40
44,G,True,C,26
45,G,True,A,49
46,G,True,A,39
47,G,True,G,37
48,G,True,G,36
49,G,True,T,44
50,G,True,C,42
51,G,True,A,19
52,G,True,C,22
53,G,True,C,17
4,A,False,T,306
5,A,False,G,604
6,A,False,G,577
8,A,False,G,262
1,C,True,C,652
1,G,False,A,1006
8,G,False,C,978
7,T,False,T,614
4,G,True,T,794
1,T,True,G,71
2,T,True,G,46
3,T,True,G,44
4,T,True,G,33
5,T,True,G,34
6,T,True,T,26
7,T,True,A,13
8,T,True,T,47
9,T,True,A,20
10,T,True,G,44
11,T,True,C,26
12,T,True,T,24
13,T,True,C,21
14,T,True,A,34
15,T,True,G,36
16,T,True,T,32
17,T,True,G,36
18,T,True,G,36
19,T,True,T,25
20,T,True,A,16
21,T,True,G,16
22,T,True,A,20
23,T,True,G,20
24,T,True,C,17
25,T,True,A,16
26,T,True,T,21
27,T,True,T,22
28,T,True,T,19
29,T,True,G,15
30,T,True,A,11
31,T,True,C,19
32,T,True,T,17
33,T,True,G,8
34,T,True,C,14
35,T,True,A,7
36,T,True,A,12
37,T,True,A,15
38,T,True,T,16
39,T,True,C,16
40,T,True,A,8
41,T,True,A,5
42,T,True,G,11
43,T,True,A,9
44,T,True,G,14
45,T,True,G,13
46,T,True,T,10
47,T,True,T,11
0,A,True,A,864
3,C,False,A,927
6,C,False,A,500
7,G,False,G,903
8,G,False,A,302
9,G,False,T,1468
10,G,False,C,458
11,G,False,G,346
12,G,False,T,456
13,G,False,A,94
14,G,False,T,214
15,G,False,G,124
16,G,False,G,107
17,G,False,G,104
18,G,False,T,89
19,G,False,T,95
20,G,False,G,61
21,G,False,G,57
22,G,False,A,65
23,G,False,T,39
24,G,False,T,48
25,G,False,G,49
26,G,False,A,40
27,G,False,T,57
28,G,False,C,55
10,G,False,G,409
11,G,False,T,504
12,G,False,C,337
13,G,False,T,311
14,G,False,C,169
6,G,False,G,1245
7,G,False,A,490
3,G,True,A,252
4,G,True,A,166
7,G,True,T,244
8,G,True,C,154
11,G,True,A,103
14,G,True,A,247
16,G,True,C,125
6,G,False,A,509
9,G,False,G,591
11,G,False,C,439
13,G,False,G,125
14,G,False,G,131
15,G,False,C,113
16,G,False,C,86
17,G,False,C,77
18,G,False,C,66
20,G,False,T,84
10,T,False,A,139
11,T,False,G,180
12,T,False,A,96
13,T,False,T,158
14,T,False,T,145
15,T,False,G,113
16,T,False,C,76
17,T,False,C,76
18,T,False,T,71
3,C,False,T,462
10,G,False,A,153
10,G,False,T,946
1,G,True,G,2039
6,G,True,A,145
7,G,True,A,177
10,G,True,G,314
11,G,True,C,208
12,G,True,A,92
13,G,True,G,169
18,G,True,C,80
19,G,True,A,90
20,G,True,T,200
22,G,True,G,134
24,G,True,T,101
26,G,True,A,82
27,G,True,T,154
28,G,True,C,130
7,A,False,C,292
9,A,False,G,142
10,A,False,T,136
11,A,False,G,132
12,A,False,G,92
13,A,False,C,86
14,A,False,G,69
15,A,False,T,60
16,A,False,C,43
17,A,False,G,58
18,A,False,C,37
19,A,False,T,51
20,A,False,T,46
21,A,False,A,48
3,A,False,C,367
6,A,False,C,421
2,T,False,A,1419
5,T,False,A,438
8,T,False,T,535
9,T,False,T,285
12,T,False,T,148
13,T,False,A,83
16,T,False,T,121
17,T,False,A,58
18,T,False,G,105
19,T,False,T,89
20,T,False,A,46
21,T,False,T,62
22,T,False,G,57
23,T,False,G,53
24,T,False,A,40
2,G,False,A,1487
2,A,True,T,1181
1,G,True,A,1532
8,G,False,G,831
1,T,True,A,119
6,T,False,A,325
2,C,True,T,252
17,G,True,G,211
21,G,True,G,98
31,G,True,A,60
33,G,True,T,136
36,G,True,C,87
41,G,True,T,45
42,G,True,C,67
43,G,True,T,42
44,G,True,G,69
51,G,True,C,41
52,G,True,T,37
53,G,True,G,30
54,G,True,A,8
55,G,True,G,16
56,G,True,T,31
57,G,True,T,20
58,G,True,T,20
59,G,True,T,20
13,G,False,C,307
2,G,True,A,278
8,C,False,C,431
9,T,False,G,526
10,T,False,G,416
11,T,False,A,104
13,T,False,G,112
14,T,False,G,101
15,T,False,C,91
5,A,False,T,467
9,A,False,A,148
10,A,False,G,142
11,A,False,T,98
12,A,False,C,92
14,A,False,T,93
3,C,True,A,20
15,G,False,A,92
17,G,False,T,108
18,G,False,G,108
19,G,False,G,89
21,G,False,T,68
23,G,False,G,49
24,G,False,G,54
25,G,False,A,33
26,G,False,T,53
29,G,False,G,37
30,G,False,G,41
31,G,False,C,29
32,G,False,G,25
33,G,False,C,27
34,G,False,T,38
35,G,False,C,25
36,G,False,T,22
37,G,False,C,18
38,G,False,A,27
39,G,False,C,21
40,G,False,C,20
41,G,False,G,13
42,G,False,C,24
43,G,False,C,13
44,G,False,G,29
45,G,False,C,15
46,G,False,G,16
47,G,False,G,13
48,G,False,C,20
49,G,False,C,13
50,G,False,T,13
51,G,False,C,9
52,G,False,C,6
53,G,False,C,11
54,G,False,A,6
55,G,False,T,9
6,A,False,A,273
4,A,False,C,578
7,A,False,A,237
8,A,False,A,128
12,G,False,G,202
7,A,False,T,523
9,A,False,T,325
10,A,False,C,102
11,A,False,A,135
13,A,False,G,64
6,C,False,T,402
7,C,False,C,684
7,C,False,T,237
9,C,False,G,227
10,C,False,C,217
13,C,False,A,95
14,C,False,G,66
15,C,False,G,81
16,C,False,T,66
17,C,False,G,85
18,C,False,G,60
19,C,False,C,43
20,C,False,G,58
21,C,False,G,45
22,C,False,G,43
23,C,False,G,40
24,C,False,C,31
25,C,False,C,41
5,C,False,A,628
3,T,True,C,91
4,T,True,T,60
5,T,True,C,44
5,G,True,A,190
11,G,True,T,180
14,G,True,T,122
15,G,True,G,226
18,G,True,A,80
20,G,True,C,86
22,G,True,C,80
23,G,True,C,110
27,G,True,G,69
29,G,True,C,105
31,G,True,C,109
34,G,True,G,66
36,G,True,T,78
37,G,True,C,47
38,G,True,G,55
39,G,True,T,87
40,G,True,T,60
9,G,False,A,164
11,G,False,A,118
0,C,True,G,300
9,C,False,C,297
10,C,False,T,175
13,C,False,G,83
17,C,False,C,59
8,G,True,G,170
9,G,True,A,123
22,G,True,A,174
16,G,True,T,205
18,G,True,G,279
19,G,True,T,178
23,G,True,G,150
25,G,True,G,134
27,G,True,A,95
29,G,True,G,98
0,A,True,G,425
8,A,False,C,290
12,A,False,T,91
14,A,False,A,78
15,A,False,G,76
16,A,False,A,61
17,A,False,T,64
19,A,False,G,64
20,A,False,A,46
22,A,False,A,35
23,A,False,A,40
24,A,False,A,29
6,G,True,T,254
19,G,True,C,86
21,G,True,C,93
34,G,True,T,119
37,G,True,G,71
40,G,True,C,103
45,G,True,T,39
47,G,True,C,59
48,G,True,T,54
49,G,True,G,23
50,G,True,G,44
53,G,True,A,19
54,G,True,C,26
55,G,True,C,30
56,G,True,A,14
57,G,True,G,10
58,G,True,C,16
59,G,True,C,18
60,G,True,T,22
61,G,True,T,17
62,G,True,A,8
63,G,True,G,6
64,G,True,C,16
65,G,True,A,7
66,G,True,G,5
67,G,True,A,6
68,G,True,T,7
69,G,True,C,5
3,T,True,T,180
15,G,True,T,127
1,C,True,G,43
9,C,False,T,252
11,C,False,G,165
13,C,False,C,133
2,A,True,C,172
9,A,False,C,108
2,T,True,C,245
0,C,True,A,443
11,T,False,C,442
12,T,False,G,145
14,T,False,C,115
16,T,False,A,70
17,T,False,T,98
10,T,False,C,310
11,T,False,T,170
12,T,False,C,205
18,T,False,C,55
19,T,False,G,80
20,T,False,G,68
22,T,False,C,47
23,T,False,C,60
24,T,False,C,52
25,T,False,C,45
26,T,False,T,53
27,T,False,C,44
28,T,False,T,34
5,A,False,A,350
10,G,True,C,117
12,G,True,T,218
35,G,True,C,101
38,G,True,C,66
41,G,True,G,46
42,G,True,A,45
43,G,True,A,75
45,G,True,G,87
12,G,False,A,89
10,T,False,T,230
17,G,True,C,96
28,G,True,G,66
41,G,True,A,55
13,A,False,T,99
15,A,False,A,80
26,G,True,C,157
30,G,True,T,75
34,G,True,A,52
35,G,True,G,65
39,G,True,C,51
44,G,True,A,65
45,G,True,C,18
46,G,True,T,38
47,G,True,T,57
48,G,True,C,63
3,A,True,C,41
4,A,True,T,60
3,A,True,T,108
10,A,False,A,130
1,A,True,G,55
2,A,True,G,46
3,A,True,G,36
4,A,True,C,29
5,A,True,C,35
6,A,True,A,14
7,A,True,G,39
8,A,True,T,49
9,A,True,T,28
10,A,True,G,33
11,A,True,C,27
12,A,True,G,17
13,A,True,C,18
14,A,True,A,29
15,A,True,A,22
16,A,True,T,33
17,A,True,G,28
18,A,True,G,34
19,A,True,A,17
20,A,True,T,23
21,A,True,A,18
22,A,True,A,18
23,A,True,T,13
24,A,True,T,13
5,A,True,T,24
15,G,False,T,148
16,G,False,T,131
19,G,False,A,47
20,G,False,A,61
22,G,False,C,39
23,G,False,A,74
24,G,False,A,52
25,G,False,T,62
28,G,False,G,25
30,G,False,C,33
31,G,False,A,23
18,A,False,G,58
20,A,False,G,40
21,A,False,C,31
22,A,False,C,33
23,A,False,C,26
25,A,False,T,28
26,A,False,A,24
27,A,False,A,25
28,A,False,C,32
29,A,False,C,25
30,A,False,C,22
31,A,False,A,22
32,A,False,G,20
33,A,False,A,16
34,A,False,G,15
35,A,False,G,17
36,A,False,T,11
37,A,False,C,8
38,A,False,G,16
39,A,False,A,12
40,A,False,T,17
41,A,False,G,6
42,A,False,G,11
43,A,False,A,12
44,A,False,T,7
45,A,False,C,4
46,A,False,G,7
47,A,False,A,8
48,A,False,A,6
49,A,False,C,4
50,A,False,C,3
51,A,False,A,4
52,A,False,T,6
53,A,False,C,5
54,A,False,C,2
55,A,False,T,2
56,A,False,C,2
57,A,False,T,3
58,A,False,G,2
59,A,False,C,1
60,A,False,T,3
61,A,False,A,4
62,A,False,C,4
2,C,True,C,44
3,C,True,G,12
4,C,True,T,17
5,C,True,T,11
6,C,True,G,19
7,C,True,G,11
8,C,True,T,19
9,C,True,G,15
10,C,True,G,18
11,C,True,T,11
12,C,True,A,6
13,C,True,T,13
14,C,True,A,10
15,C,True,G,14
16,C,True,T,10
17,C,True,G,12
18,C,True,G,11
19,C,True,T,11
20,C,True,A,8
21,C,True,A,7
22,C,True,G,5
23,C,True,C,4
24,C,True,A,5
25,C,True,T,6
26,C,True,A,5
27,C,True,G,5
28,C,True,C,7
29,C,True,T,7
30,C,True,G,8
31,C,True,C,8
32,C,True,C,9
33,C,True,T,6
34,C,True,T,8
35,C,True,C,3
36,C,True,C,2
37,C,True,A,4
38,C,True,A,2
39,C,True,G,4
40,C,True,C,5
41,C,True,A,2
42,C,True,G,4
43,C,True,T,2
44,C,True,T,2
45,C,True,G,4
46,C,True,A,2
47,C,True,T,2
11,A,False,C,90
14,A,False,C,65
18,A,False,T,38
20,A,False,C,31
25,A,False,A,21
27,A,False,T,28
28,A,False,G,16
29,A,False,T,27
30,A,False,G,29
31,A,False,G,19
34,A,False,A,14
35,A,False,A,7
36,A,False,C,17
37,A,False,T,18
38,A,False,C,11
39,A,False,G,9
40,A,False,A,8
41,A,False,C,19
14,C,False,T,86
16,C,False,C,61
18,C,False,C,68
19,C,False,A,54
20,C,False,A,55
21,C,False,T,43
24,C,False,A,42
25,C,False,T,41
26,C,False,A,25
27,C,False,G,24
28,C,False,C,30
29,C,False,G,24
30,C,False,C,27
31,C,False,T,18
32,C,False,T,24
33,C,False,T,19
34,C,False,G,16
35,C,False,G,14
36,C,False,C,13
37,C,False,T,19
38,C,False,C,12
39,C,False,G,12
40,C,False,G,10
41,C,False,C,14
42,C,False,T,8
43,C,False,T,5
44,C,False,T,6
45,C,False,G,12
46,C,False,G,8
47,C,False,C,8
48,C,False,T,10
49,C,False,C,5
8,T,False,A,166
9,T,False,A,147
13,T,False,C,180
18,T,False,A,63
21,T,False,G,54
22,T,False,A,52
23,T,False,A,42
25,T,False,G,35
27,T,False,T,43
28,T,False,G,31
29,T,False,A,21
30,T,False,A,22
31,T,False,A,28
32,T,False,A,20
33,T,False,G,23
34,T,False,A,19
35,T,False,A,18
36,T,False,C,25
37,T,False,C,18
38,T,False,C,22
39,T,False,C,18
4,T,True,C,65
5,T,True,T,37
6,T,True,C,39
7,T,True,G,37
8,T,True,A,13
10,T,True,T,18
11,T,True,T,27
12,T,True,A,15
13,T,True,T,46
14,T,True,T,22
15,T,True,T,11
1,A,True,A,77
19,T,False,C,55
21,T,False,C,51
22,T,False,T,61
14,T,False,A,86
20,T,False,T,84
26,T,False,C,47
6,T,True,A,21
7,T,True,T,32
15,T,True,A,22
16,T,True,A,15
17,T,True,T,18
19,T,True,G,25
20,T,True,T,23
21,T,True,A,27
22,T,True,G,24
23,T,True,A,25
24,T,True,G,21
25,T,True,C,16
26,T,True,A,17
27,T,True,C,19
29,T,True,C,15
30,T,True,G,18
33,T,True,T,23
34,T,True,G,12
35,T,True,G,10
36,T,True,C,10
37,T,True,T,5
39,T,True,G,5
40,T,True,C,11
41,T,True,G,12
42,T,True,A,8
43,T,True,G,14
44,T,True,A,6
46,T,True,G,5
48,T,True,A,4
49,T,True,G,5
50,T,True,C,4
51,T,True,G,5
52,T,True,G,6
53,T,True,G,1
54,T,True,A,1
55,T,True,T,3
56,T,True,C,4
57,T,True,G,2
58,T,True,G,1
59,T,True,T,3
60,T,True,G,2
61,T,True,C,1
62,T,True,C,3
63,T,True,C,2
64,T,True,G,2
65,T,True,C,3
66,T,True,A,1
67,T,True,T,1
68,T,True,C,1
69,T,True,C,1
70,T,True,T,2
71,T,True,C,2
72,T,True,C,1
73,T,True,A,1
74,T,True,C,1
75,T,True,C,1
76,T,True,A,1
77,T,True,T,1
11,C,False,A,135
12,C,False,G,106
15,C,False,T,72
20,C,False,T,48
22,C,False,C,45
23,C,False,T,32
15,T,False,A,102
17,T,False,G,97
18,A,False,A,56
21,A,False,G,30
22,A,False,T,37
22,A,False,G,29
24,A,False,T,28
27,A,False,G,18
30,A,False,A,15
20,G,False,C,47
22,G,False,T,60
29,G,False,C,35
30,G,False,A,29
32,G,False,T,40
33,G,False,G,22
34,G,False,G,21
35,G,False,A,13
36,G,False,C,30
37,G,False,A,21
38,G,False,T,19
39,G,False,A,19
40,G,False,T,24
42,G,False,T,9
44,G,False,C,15
45,G,False,G,20
46,G,False,C,16
48,G,False,T,9
49,G,False,G,16
50,G,False,G,15
51,G,False,G,12
52,G,False,T,16
53,G,False,T,13
54,G,False,C,12
55,G,False,G,9
56,G,False,C,7
57,G,False,A,3
58,G,False,C,10
59,G,False,C,9
60,G,False,C,10
61,G,False,C,6
62,G,False,A,2
63,G,False,C,6
64,G,False,T,6
65,G,False,C,6
66,G,False,C,6
67,G,False,T,4
68,G,False,G,2
69,G,False,G,2
70,G,False,T,4
71,G,False,T,3
72,G,False,C,3
16,T,False,G,89
20,T,False,C,49
23,T,False,T,44
25,T,False,A,40
29,T,False,G,31
32,T,False,T,28
35,T,False,G,25
14,C,False,A,104
16,C,False,A,72
17,C,False,T,64
18,C,False,T,65
21,C,False,A,56
22,C,False,A,43
23,C,False,C,40
26,C,False,T,37
28,C,False,A,28
29,C,False,A,21
32,C,False,G,16
33,C,False,A,19
34,C,False,C,27
35,C,False,A,17
36,C,False,A,22
38,C,False,T,14
39,C,False,A,13
40,C,False,A,11
42,C,False,A,14
43,C,False,G,6
44,C,False,C,7
45,C,False,C,7
46,C,False,C,7
47,C,False,A,5
48,C,False,A,2
49,C,False,T,4
50,C,False,A,4
51,C,False,T,2
3,T,True,A,15
6,T,True,G,33
2,T,True,A,20
12,A,False,A,106
22,G,False,G,57
1,C,True,A,143
16,A,False,T,74
23,A,False,T,25
24,A,False,C,26
25,A,False,G,28
32,A,False,A,15
35,A,False,C,21
36,A,False,G,15
37,A,False,A,15
38,A,False,A,15
39,A,False,C,11
40,A,False,C,12
13,G,True,A,92
23,G,True,T,70
24,G,True,C,109
14,G,False,A,99
24,G,False,C,44
26,G,False,C,57
25,G,True,T,118
26,G,True,T,115
32,G,True,C,100
35,G,True,A,39
13,A,False,A,81
17,A,False,A,42
19,A,False,A,36
19,C,False,T,59
15,T,False,T,88
6,A,True,T,30
16,G,False,A,65
12,C,False,A,98
19,C,False,G,65
21,C,False,C,47
22,C,False,T,48
24,C,False,G,42
27,C,False,C,46
48,G,True,A,20
19,A,False,C,20
21,T,False,A,60
24,T,False,T,39
27,T,False,A,31
28,T,False,A,29
30,T,False,G,35
31,T,False,G,26
33,T,False,C,31
34,T,False,C,31
35,T,False,C,21
36,T,False,T,23
37,T,False,G,21
38,T,False,G,18
39,T,False,T,24
40,T,False,T,20
41,T,False,C,18
42,T,False,G,10
43,T,False,T,15
44,T,False,T,13
45,T,False,C,8
46,T,False,C,15
47,T,False,C,10
48,T,False,G,11
49,T,False,G,12
50,T,False,G,11
51,T,False,T,9
52,T,False,T,10
20,G,True,A,125
32,G,True,A,57
33,G,True,C,95
43,G,True,G,54
46,G,True,G,71
47,G,True,A,30
51,G,True,T,31
52,G,True,A,13
54,G,True,G,27
55,G,True,T,33
57,G,True,C,31
58,G,True,G,19
59,G,True,G,16
60,G,True,C,22
62,G,True,C,22
63,G,True,T,18
8,A,True,G,19
9,A,True,G,25
11,A,True,T,21
12,A,True,A,7
13,A,True,T,23
14,A,True,G,11
17,A,True,T,18
18,A,True,C,6
19,A,True,T,18
20,A,True,C,12
21,A,True,G,14
22,A,True,C,13
25,A,True,T,10
21,A,False,T,40
26,A,False,T,25
27,A,False,C,22
28,A,False,T,21
30,A,False,T,16
16,A,False,G,60
23,A,False,G,30
25,A,False,C,30
31,A,False,T,17
32,A,False,C,19
15,C,False,A,82
2,C,True,G,18
3,C,True,T,28
4,C,True,G,10
7,C,True,C,7
9,G,True,C,137
5,T,True,A,16
26,T,True,C,13
27,T,True,A,7
9,T,True,G,27
12,T,True,C,29
24,T,True,A,20
25,T,True,T,16
28,T,True,G,8
30,T,True,C,12
31,T,True,G,13
32,T,True,C,16
35,T,True,T,16
38,T,True,C,7
20,C,False,C,41
26,C,False,G,28
29,C,False,T,23
25,T,False,T,52
29,T,False,C,37
30,T,False,C,34
32,T,False,G,29
33,T,False,A,13
29,G,True,A,44
30,G,True,A,52
37,G,True,T,66
46,G,True,C,41
49,G,True,C,62
51,G,True,G,38
59,G,True,A,10
60,G,True,G,12
61,G,True,C,24
62,G,True,T,12
63,G,True,C,18
66,G,True,A,3
67,G,True,T,6
68,G,True,A,7
69,G,True,G,8
70,G,True,T,6
71,G,True,C,6
38,G,True,A,84
27,G,False,G,43
35,G,False,T,29
36,G,False,A,13
41,G,False,C,31
42,G,False,A,17
43,G,False,G,21
46,G,False,T,11
47,G,False,C,16
48,G,False,G,17
49,G,False,T,12
52,G,False,G,10
54,G,False,T,7
55,G,False,C,8
56,G,False,G,11
57,G,False,T,9
58,G,False,G,8
62,G,False,C,8
63,G,False,T,5
64,G,False,C,7
65,G,False,T,5
66,G,False,T,3
16,C,False,G,79
24,T,False,G,57
8,T,True,G,18
9,T,True,C,15
11,T,True,A,9
12,T,True,G,17
15,T,True,C,10
18,T,True,T,19
19,T,True,C,15
20,T,True,G,20
22,T,True,T,13
26,T,True,G,11
28,T,True,A,11
29,T,True,T,14
31,T,True,A,7
32,T,True,G,11
33,T,True,A,8
36,T,True,T,9
24,A,False,G,31
32,A,False,T,19
33,A,False,T,23
34,A,False,C,14
39,A,False,T,15
41,A,False,A,7
2,A,True,A,17
17,C,False,A,49
18,C,False,A,47
36,G,True,A,66
18,G,False,A,40
21,G,False,A,58
23,G,False,C,48
29,G,False,T,49
31,G,False,T,37
32,G,False,C,32
33,G,False,T,43
34,G,False,C,29
28,T,False,C,42
30,T,False,T,25
34,T,False,T,25
36,T,False,G,17
37,T,False,T,16
38,T,False,A,19
39,T,False,A,16
40,T,False,A,13
41,T,False,A,11
42,T,False,A,20
52,G,True,G,43
53,G,True,T,40
54,G,True,T,37
56,G,True,G,19
57,G,True,A,16
64,G,True,G,8
65,G,True,C,8
68,G,True,C,4
69,G,True,T,6
70,G,True,C,7
71,G,True,T,3
28,C,False,G,21
31,C,False,G,23
32,C,False,C,22
37,C,False,C,9
49,G,True,A,30
50,G,True,T,43
58,G,True,A,15
61,G,True,A,4
34,G,False,A,13
38,G,False,C,14
41,G,False,A,15
42,G,False,G,20
43,G,False,A,18
49,G,False,A,6
53,G,False,A,3
58,G,False,A,4
61,G,False,A,5
62,G,False,T,7
25,C,False,G,25
26,C,False,C,42
27,C,False,A,25
28,C,False,T,34
33,C,False,C,18
34,C,False,T,13
36,C,False,T,9
38,C,False,A,18
40,C,False,C,13
42,C,False,G,11
43,C,False,A,13
44,C,False,A,11
45,C,False,A,9
47,C,False,G,6
50,C,False,G,8
51,C,False,G,5
52,C,False,T,5
53,C,False,G,8
54,C,False,G,5
55,C,False,T,2
56,C,False,T,4
57,C,False,C,3
58,C,False,G,3
59,C,False,G,4
60,C,False,T,3
61,C,False,C,3
62,C,False,C,4
63,C,False,C,3
64,C,False,A,2
65,C,False,C,2
66,C,False,C,1
67,C,False,C,3
68,C,False,A,3
69,C,False,G,2
70,C,False,G,1
71,C,False,G,1
72,C,False,A,1
23,C,False,A,50
25,C,False,A,36
30,C,False,G,27
33,C,False,G,16
35,C,False,T,15
36,C,False,G,14
37,C,False,A,20
43,C,False,C,14
46,C,False,A,6
48,C,False,G,5
50,C,False,C,3
52,C,False,C,4
55,C,False,G,3
57,C,False,T,1
58,C,False,C,1
61,C,False,T,2
64,C,False,C,3
66,C,False,G,1
67,C,False,T,1
69,C,False,C,1
5,C,True,A,5
8,C,True,G,9
9,C,True,T,8
11,C,True,G,12
12,C,True,C,9
13,C,True,C,8
14,C,True,G,4
15,C,True,A,8
16,C,True,G,6
17,C,True,C,6
19,C,True,G,9
20,C,True,T,7
21,C,True,C,7
40,G,True,G,29
44,G,True,T,40
5,C,True,G,16
6,C,True,A,5
8,C,True,C,9
9,C,True,A,8
10,C,True,T,10
11,C,True,A,5
12,C,True,G,8
14,C,True,T,11
16,C,True,C,5
18,C,True,T,7
20,C,True,C,7
22,C,True,A,11
23,C,True,A,9
24,C,True,G,8
25,C,True,C,4
28,C,True,T,7
31,C,True,A,4
33,C,True,C,7
34,C,True,C,4
35,C,True,G,1
36,C,True,G,5
37,C,True,G,5
38,C,True,T,5
39,C,True,T,6
41,C,True,G,2
42,C,True,T,2
45,C,True,C,1
46,C,True,C,2
47,C,True,C,3
48,C,True,G,2
49,C,True,G,3
50,C,True,C,3
51,C,True,C,2
52,C,True,A,2
53,C,True,A,3
54,C,True,C,1
55,C,True,G,1
56,C,True,C,2
27,G,False,C,44
31,G,False,G,35
33,G,False,A,16
26,T,False,G,26
56,G,True,C,17
65,G,True,G,6
66,G,True,C,9
68,G,True,G,4
72,G,True,T,3
5,A,True,A,19
6,A,True,G,35
10,A,True,T,26
11,A,True,A,13
12,A,True,T,19
13,A,True,G,24
15,A,True,T,19
17,A,True,C,9
18,A,True,T,15
19,A,True,C,13
20,A,True,G,15
21,A,True,C,12
22,A,True,T,13
25,A,True,G,16
26,A,True,G,12
27,A,True,C,14
28,A,True,T,15
29,A,True,G,13
30,A,True,C,11
31,A,True,G,10
32,A,True,A,8
33,A,True,G,6
34,A,True,A,5
35,A,True,G,9
36,A,True,G,5
37,A,True,T,7
38,A,True,C,8
39,A,True,C,7
40,A,True,C,8
41,A,True,G,10
42,A,True,G,9
43,A,True,G,5
44,A,True,T,6
45,A,True,T,7
46,A,True,C,3
47,A,True,A,4
48,A,True,T,4
49,A,True,A,5
50,A,True,T,5
51,A,True,C,5
3,C,True,C,16
4,C,True,A,8
7,C,True,A,9
11,C,True,C,8
13,C,True,G,9
21,C,True,T,6
25,C,True,G,8
26,C,True,C,7
27,C,True,A,4
32,C,True,G,5
36,C,True,A,5
38,C,True,C,3
40,C,True,T,4
31,T,False,T,29
13,T,True,G,9
24,C,False,T,37
4,A,True,G,23
12,A,True,C,31
15,A,True,G,23
23,A,True,G,21
24,A,True,G,16
25,A,True,C,13
26,A,True,A,12
27,A,True,A,10
30,A,True,G,22
31,A,True,A,12
33,A,True,T,15
34,A,True,T,10
35,A,True,T,11
39,G,True,G,57
42,G,True,T,40
64,G,True,A,3
50,G,True,A,19
15,A,False,C,58
26,A,False,C,35
37,A,False,G,13
42,A,False,T,9
44,A,False,A,8
45,A,False,G,7
46,A,False,C,3
47,A,False,T,1
48,A,False,T,5
49,A,False,G,2
28,G,False,A,30
30,G,False,T,36
29,A,False,A,18
31,A,False,C,19
33,A,False,C,18
40,A,False,G,7
43,A,False,G,8
26,T,False,A,32
27,T,False,G,27
31,T,False,C,25
34,T,False,G,20
39,T,False,G,12
41,T,False,T,17
43,T,False,G,13
45,T,False,A,3
7,T,True,C,25
29,T,False,T,33
19,T,False,A,49
41,T,False,G,17
45,T,False,T,13
47,T,False,G,11
49,T,False,A,7
50,T,False,T,14
51,T,False,C,11
52,T,False,C,8
53,T,False,C,9
54,T,False,A,12
55,T,False,C,9
35,T,False,T,22
37,T,False,A,22
42,T,False,C,18
44,T,False,A,18
45,T,False,G,25
46,T,False,A,8
50,T,False,A,6
51,T,False,G,9
53,T,False,A,5
55,T,False,A,6
56,T,False,A,9
57,T,False,G,5
58,T,False,T,5
59,T,False,C,5
60,T,False,G,5
61,T,False,T,2
7,A,True,T,24
13,T,True,A,7
14,T,True,G,11
16,T,True,G,19
24,T,True,T,7
27,G,False,A,26
28,G,False,T,49
6,A,True,C,19
7,A,True,A,18
9,A,True,C,19
10,A,True,C,9
14,A,True,C,16
16,A,True,A,13
18,A,True,A,9
24,A,True,C,13
25,A,True,A,11
27,A,True,T,17
28,A,True,A,6
29,A,True,A,3
32,A,True,G,8
35,A,True,C,8
36,A,True,T,7
37,A,True,G,6
38,A,True,T,4
39,A,True,G,3
40,A,True,A,4
41,A,True,T,3
43,A,True,T,6
11,A,True,G,18
13,A,True,A,8
14,A,True,T,16
30,C,False,A,18
39,C,False,C,18
41,C,False,T,12
49,C,False,A,5
50,C,False,T,4
52,C,False,G,5
54,C,False,C,4
55,C,False,C,3
57,C,False,A,3
58,C,False,A,2
59,C,False,T,3
60,C,False,G,2
61,C,False,G,2
62,C,False,A,1
63,C,False,A,1
65,C,False,A,2
66,C,False,A,1
67,C,False,A,1
69,C,False,A,1
70,C,False,A,2
71,C,False,C,1
72,C,False,C,2
32,T,False,C,27
33,T,False,T,29
35,G,False,G,29
28,A,False,A,21
29,A,False,G,17
35,A,False,T,14
36,A,False,A,13
61,G,True,G,7
71,G,True,A,4
72,G,True,C,6
73,G,True,T,4
74,G,True,C,3
75,G,True,T,2
9,A,True,A,14
38,T,False,T,13
40,T,False,C,23
43,T,False,C,7
44,T,False,G,18
19,G,False,C,40
31,C,False,A,18
32,C,False,A,19
34,C,False,A,11
39,G,False,G,11
56,G,False,T,6
58,G,False,T,4
62,G,False,G,4
63,G,False,G,6
66,G,False,G,3
21,G,False,C,52
27,C,False,T,25
30,C,False,T,24
2,C,True,A,33
19,T,True,A,8
23,T,True,C,14
29,T,True,A,9
4,T,True,A,14
8,T,True,C,19
11,T,True,G,27
62,G,True,G,7
9,T,True,T,34
10,T,True,C,17
14,T,True,C,16
18,T,True,C,9
25,T,True,G,15
27,T,True,G,11
71,G,True,G,4
72,G,True,G,2
73,G,True,C,4
74,G,True,A,3
75,G,True,C,3
76,G,True,C,3
77,G,True,A,2
78,G,True,C,1
25,G,False,C,43
26,G,False,G,29
36,G,False,G,23
37,G,False,T,15
40,G,False,A,15
44,G,False,A,6
45,G,False,A,6
46,G,False,A,13
54,G,False,G,8
59,G,False,G,5
60,G,False,A,4
61,G,False,G,8
65,G,False,A,3
63,G,True,A,2
4,A,True,A,21
5,A,True,G,28
7,A,True,C,11
24,A,True,A,11
27,A,True,G,6
29,A,True,C,11
31,A,True,C,13
34,A,True,G,5
37,A,True,C,7
38,A,True,G,5
40,A,True,T,6
41,A,True,C,6
42,A,True,C,7
43,A,True,C,1
44,A,True,C,4
45,A,True,G,8
46,A,True,T,5
48,A,True,C,7
31,C,False,C,28
35,C,False,C,17
32,G,False,A,21
44,G,False,T,11
45,G,False,T,20
47,G,False,T,16
51,G,False,T,16
64,G,True,T,10
67,G,True,C,7
33,A,False,G,11
38,G,False,G,17
40,G,False,G,13
41,G,False,T,12
50,G,False,A,8
55,G,False,A,6
57,G,False,C,8
59,G,False,T,6
64,G,False,G,5
17,T,True,C,8
21,T,True,T,17
28,T,True,C,19
30,T,True,T,9
34,T,True,T,10
35,T,True,C,9
37,T,True,C,7
38,T,True,A,5
41,T,True,C,11
45,T,True,T,7
47,T,True,G,3
48,T,True,C,9
66,G,True,T,8
38,C,False,G,8
40,C,False,T,11
45,C,False,T,4
51,C,False,C,10
56,C,False,A,2
58,C,False,T,3
60,C,False,C,4
3,A,True,A,22
29,C,False,C,33
46,C,False,T,7
53,C,False,T,3
57,C,False,G,2
59,C,False,C,2
62,C,False,G,1
63,C,False,G,2
64,C,False,G,1
65,C,False,T,1
66,C,False,T,2
68,C,False,G,1
71,C,False,T,1
73,C,False,C,1
74,C,False,C,1
75,C,False,A,1
70,G,True,G,4
72,G,True,A,2
74,G,True,T,4
6,C,True,C,12
26,A,False,G,15
8,A,True,C,11
16,A,True,C,15
40,T,False,G,10
48,T,False,A,2
49,T,False,C,13
52,T,False,A,4
54,T,False,T,6
56,T,False,G,6
57,T,False,A,4
58,T,False,G,5
59,T,False,A,3
60,T,False,T,2
17,G,False,A,43
17,T,True,A,13
18,T,True,A,9
20,T,True,C,11
22,T,True,C,10
43,T,False,A,20
48,T,False,C,17
52,T,False,G,9
53,T,False,T,6
60,T,False,C,6
61,T,False,C,3
62,T,False,C,2
63,T,False,G,3
64,T,False,G,1
65,T,False,C,4
66,T,False,A,1
67,T,False,T,3
68,T,False,C,2
69,T,False,T,3
70,T,False,C,3
71,T,False,C,4
72,T,False,A,1
73,T,False,C,3
74,T,False,C,1
75,T,False,A,2
76,T,False,G,2
77,T,False,C,2
78,T,False,C,3
79,T,False,T,3
37,G,False,G,27
53,G,False,G,9
61,G,False,T,3
63,G,False,A,3
67,G,False,C,3
33,T,True,C,8
34,T,True,A,8
40,T,True,T,9
47,T,True,C,9
48,T,True,G,5
49,T,True,T,3
50,T,True,G,6
51,T,True,A,3
53,T,True,T,9
54,T,True,T,7
39,G,False,T,23
42,A,False,A,8
47,A,False,G,6
50,A,False,T,4
51,A,False,G,3
53,A,False,T,2
54,A,False,T,2
55,A,False,A,1
56,A,False,A,4
58,A,False,T,1
59,A,False,A,2
17,A,False,C,44
10,A,True,A,16
17,A,True,A,11
19,A,True,G,16
28,A,True,C,16
29,A,True,T,14
30,A,True,T,7
33,A,True,C,8
36,A,True,C,9
38,A,True,A,8
39,A,True,A,4
43,A,True,A,8
45,A,True,A,1
49,A,True,G,2
52,A,True,C,4
53,A,True,G,3
54,A,True,C,2
55,A,True,G,1
56,A,True,T,1
57,A,True,G,3
58,A,True,G,2
59,A,True,G,3
60,A,True,T,2
61,A,True,T,3
62,A,True,C,1
63,A,True,G,1
64,A,True,G,1
65,A,True,A,1
66,A,True,C,1
36,T,False,A,16
55,T,False,T,9
57,T,False,C,6
46,T,False,T,9
22,A,True,G,13
23,A,True,C,11
32,A,True,C,16
60,G,True,A,5
78,G,True,A,1
79,G,True,T,1
80,G,True,G,1
81,G,True,T,1
55,G,True,A,10
16,T,True,C,11
21,T,True,C,10
42,T,False,T,8
26,A,True,C,14
34,A,False,T,16
42,A,False,C,5
44,A,False,G,9
45,A,False,A,9
49,A,False,T,7
12,C,True,T,12
16,A,True,G,9
21,A,True,T,15
23,A,True,A,10
20,A,True,A,12
31,A,True,T,4
32,A,True,T,5
23,T,True,T,7
36,T,True,G,9
37,T,True,G,11
50,T,True,A,3
51,T,True,T,5
52,T,True,C,4
73,G,True,A,3
77,G,True,G,1
78,G,True,T,3
79,G,True,A,1
26,A,True,T,10
28,A,True,G,6
34,A,True,C,13
47,T,False,T,16
48,T,False,T,10
59,T,False,G,3
62,T,False,A,2
63,T,False,A,2
64,T,False,C,3
65,T,False,A,2
66,T,False,C,2
46,T,False,G,14
47,T,False,A,8
39,C,False,T,8
42,C,False,C,8
29,G,False,A,24
47,G,False,A,9
56,G,False,A,5
53,T,False,G,9
41,C,False,A,12
44,C,False,G,10
37,C,False,G,7
47,C,False,T,6
43,A,False,C,7
46,A,False,T,7
54,T,False,C,5
57,T,False,T,3
58,T,False,A,5
61,T,False,G,5
62,T,False,T,3
64,T,False,T,4
66,T,False,T,1
68,T,False,A,3
69,T,False,A,2
70,T,False,A,2
71,T,False,G,2
72,T,False,T,2
73,T,False,T,1
74,T,False,G,1
75,T,False,C,1
76,T,False,T,1
77,T,False,G,2
79,T,False,A,1
80,T,False,A,1
81,T,False,A,2
82,T,False,A,1
83,T,False,T,1
4,C,True,C,12
6,C,True,T,7
10,C,True,C,6
31,T,True,T,9
39,T,True,A,6
46,T,True,C,6
49,T,True,A,3
50,T,True,T,3
52,T,True,T,4
10,T,True,A,11
38,T,True,G,9
46,T,True,A,4
51,T,True,C,3
5,C,True,C,12
22,C,True,T,4
26,C,True,G,6
27,C,True,T,7
30,C,True,T,5
43,G,False,T,14
7,C,True,T,15
16,C,True,A,7
18,C,True,A,5
19,C,True,C,2
23,C,True,G,5
24,C,True,C,3
25,C,True,A,4
27,C,True,C,5
29,C,True,A,5
30,C,True,A,4
32,C,True,T,2
34,C,True,A,2
37,C,True,C,3
57,G,False,G,7
60,G,False,T,4
39,T,True,T,7
41,T,True,T,4
49,C,False,G,7
48,G,False,A,5
50,T,False,C,3
40,T,True,G,6
42,T,True,C,7
44,T,True,C,3
49,T,True,C,6
15,A,True,C,6
50,G,False,C,8
52,G,False,A,5
13,C,True,A,1
21,C,True,G,4
23,C,True,T,5
24,C,True,T,6
26,C,True,T,3
55,C,False,A,2
65,C,False,G,1
38,A,False,T,9
45,A,False,T,5
46,A,False,A,6
48,A,False,G,2
48,C,False,C,5
51,C,False,A,1
51,T,False,A,4
55,T,False,G,3
62,T,False,G,4
63,T,False,C,3
64,T,False,A,2
65,T,False,T,3
66,T,False,G,3
67,T,False,C,3
68,T,False,T,1
72,T,False,G,1
74,T,False,A,1
75,T,False,T,1
76,T,False,A,1
78,T,False,A,1
80,T,False,C,1
81,T,False,G,1
82,T,False,G,2
83,T,False,A,1
84,T,False,A,2
85,T,False,G,2
86,T,False,A,2
87,T,False,G,1
88,T,False,C,2
41,C,False,G,4
59,G,False,A,4
66,G,False,A,2
68,G,False,C,3
69,G,False,T,2
70,G,False,C,1
17,C,True,T,5
18,C,True,C,4
22,C,True,C,3
28,C,True,G,5
33,C,True,A,2
34,C,True,G,3
35,C,True,A,5
55,T,True,C,4
56,T,True,G,1
57,T,True,T,2
58,T,True,A,2
60,T,True,C,1
61,T,True,A,2
63,T,True,G,1
64,T,True,T,1
66,T,True,G,1
67,T,True,G,1
68,T,True,G,1
69,T,True,G,2
15,C,True,C,2
17,C,True,A,4
19,C,True,A,4
29,C,True,G,2
49,T,False,T,7
59,T,False,T,4
63,T,False,T,2
72,T,False,C,2
73,T,False,A,1
74,T,False,T,2
10,C,True,A,3
14,C,True,C,5
41,C,True,C,3
43,C,True,A,3
44,C,True,A,4
45,C,True,T,2
46,C,True,T,3
48,C,True,A,2
49,C,True,A,2
50,C,True,A,1
54,C,True,T,3
55,C,True,T,1
56,T,True,A,2
57,T,True,A,1
70,G,True,A,1
36,A,True,A,7
39,A,True,T,10
44,A,True,G,7
46,A,True,A,3
47,A,True,C,5
49,A,True,T,4
50,A,True,C,4
52,A,True,A,1
54,A,True,G,2
55,A,True,A,3
56,A,True,A,1
57,A,True,C,2
8,C,True,A,3
67,G,True,G,4
75,G,True,G,1
76,G,True,T,2
77,G,True,C,3
79,G,True,C,2
51,G,False,A,4
60,G,False,G,5
65,G,False,G,2
67,G,False,G,3
68,G,False,A,2
45,T,True,C,3
41,A,False,T,5
43,A,False,T,3
49,A,False,A,3
50,A,False,G,5
53,A,False,A,1
55,A,False,G,3
57,A,False,A,2
58,A,False,A,1
59,A,False,G,3
60,A,False,G,2
61,A,False,T,2
62,A,False,T,2
63,A,False,T,1
64,A,False,G,1
65,A,False,C,2
66,A,False,T,1
67,A,False,T,1
68,A,False,A,1
69,A,False,C,1
70,A,False,C,1
71,A,False,T,1
72,A,False,T,1
73,A,False,T,1
74,A,False,C,1
75,A,False,A,1
76,A,False,T,1
67,G,False,A,2
32,T,True,A,4
42,T,True,T,4
52,A,False,G,1
53,A,False,G,2
54,A,False,G,3
56,A,False,T,2
57,A,False,C,2
59,A,False,T,1
76,G,True,A,1
65,G,True,T,5
37,A,True,A,6
40,A,True,G,4
46,A,True,G,6
49,A,True,C,2
50,A,True,G,3
51,A,True,G,4
52,A,True,G,2
53,A,True,T,3
54,A,True,T,3
55,A,True,C,2
56,A,True,G,3
57,A,True,T,1
58,A,True,T,2
59,A,True,T,1
60,A,True,C,2
45,T,True,A,3
48,T,True,T,3
55,T,True,A,2
57,T,True,C,1
58,T,True,T,2
66,T,True,T,1
67,T,True,C,1
68,T,True,T,1
70,T,True,A,1
41,A,True,A,2
44,A,True,A,3
47,A,True,T,5
9,C,True,C,7
15,C,True,T,5
44,A,False,C,3
48,A,False,C,3
52,A,False,C,2
54,A,False,A,1
55,A,False,C,2
58,A,False,C,3
20,C,True,G,3
29,C,True,C,5
31,C,True,G,3
33,C,True,G,3
35,C,True,T,7
37,C,True,T,1
38,C,True,G,3
39,C,True,C,2
43,C,True,C,2
47,C,True,A,1
49,C,True,C,1
51,C,True,T,2
52,C,True,T,1
53,C,True,C,1
68,G,False,T,1
69,G,False,C,2
54,T,False,G,5
61,T,False,A,2
35,A,True,A,3
54,C,False,T,2
56,C,False,G,2
47,A,False,C,6
53,T,True,C,2
54,T,True,C,1
59,T,True,C,1
43,T,True,T,3
44,T,True,T,4
43,T,True,C,2
53,C,False,C,1
8,A,True,A,10
51,A,False,C,3
69,G,False,A,1
71,G,False,C,2
73,G,False,C,1
74,G,False,A,1
75,G,False,T,1
76,G,False,C,1
69,T,False,G,1
70,T,False,T,1
80,T,False,T,1
83,T,False,C,1
87,T,False,T,1
48,A,True,G,3
53,A,True,A,1
58,A,True,A,2
59,A,True,A,1
61,A,True,C,1
62,A,True,A,1
63,A,True,T,1
64,A,True,C,1
65,A,True,C,1
66,A,True,T,1
67,A,True,T,1
44,T,False,C,4
56,T,False,T,3
60,T,False,A,2
69,G,True,A,2
75,G,True,A,1
78,G,True,G,1
79,G,True,G,1
80,G,True,A,1
81,G,True,G,1
82,G,True,C,1
83,G,True,T,1
84,G,True,T,1
42,A,True,A,4
51,A,True,T,1
47,T,True,A,1
54,T,True,G,1
70,G,False,A,1
73,G,False,A,1
74,G,False,C,1
75,G,False,G,1
76,G,False,T,1
77,G,False,A,1
78,G,False,C,1
79,G,False,T,1
80,G,False,C,1
81,G,False,A,1
82,G,False,C,1
31,C,True,T,3
32,C,True,A,2
36,C,True,T,3
47,A,True,G,2
53,A,True,C,1
28,C,True,A,1
30,C,True,C,2
33,A,True,A,4
45,A,True,C,2
52,A,True,T,1
55,A,True,T,1
56,T,False,C,2
43,C,True,G,1
48,C,True,C,1
50,C,True,G,1
51,C,True,G,2
52,C,True,G,2
53,C,True,T,2
55,C,True,C,3
56,C,True,G,2
57,C,True,A,2
58,C,True,T,1
59,C,True,T,1
60,C,True,C,2
61,C,True,C,1
62,C,True,C,1
63,C,True,T,2
40,C,True,A,3
42,C,True,C,3
44,C,True,C,1
72,G,False,T,1
39,C,True,A,1
41,C,True,T,2
47,C,True,G,1
48,C,True,T,1
52,C,True,C,1
54,C,True,G,1
56,C,True,A,1
57,C,True,C,1
58,C,True,G,1
59,C,True,C,2
60,C,True,G,1
61,C,True,T,1
62,C,True,G,1
63,C,True,G,1
64,C,True,G,1
65,C,True,T,1
66,C,True,T,1
67,C,True,C,1
68,C,True,G,1
69,C,True,G,1
70,C,True,A,1
71,C,True,T,1
72,C,True,C,1
73,C,True,C,1
74,C,True,C,1
75,C,True,A,1
76,C,True,T,1
77,C,True,C,1
78,C,True,C,1
79,C,True,T,1
80,C,True,C,1
81,C,True,G,1
82,C,True,T,1
83,C,True,A,1
84,C,True,T,1
63,A,False,C,1
64,A,False,C,1
66,A,False,A,1
67,A,False,G,1
53,C,False,A,2
68,C,False,C,1
69,C,False,T,1
70,C,False,C,1
71,C,False,A,1
56,C,False,C,1
58,T,False,C,2
53,T,True,A,1
52,A,False,A,1
30,A,True,A,1
48,A,True,A,1
56,A,True,C,1
60,A,True,A,1
44,C,True,G,1
50,C,True,T,1
58,C,True,A,1
61,C,True,A,1
62,C,True,T,1
64,C,True,T,1
57,A,False,G,1
60,A,False,C,1
