sample_name,replicate,barcode,tRNA_annotation,tRNA_annotation_len,unique_annotation,align_5p_idx,align_3p_idx,align_5p_nt,align_3p_nt,5p_cover,3p_cover,5p_non-temp,3p_non-temp,codon,anticodon,amino_acid,count
0p_90m,3,l11Sp,Homo_sapiens_mito_tRNA-Ala-TGC,72,True,1,72,A,C,True,True,AA,,GCA,TGC,Ala,1
0p_90m,3,l11Sp,Homo_sapiens_mito_tRNA-Arg-TCG,68,True,1,68,T,C,True,True,TCT,,CGA,TCG,Arg,1
0p_90m,3,l11Sp,Homo_sapiens_mito_tRNA-Arg-TCG,68,True,1,68,T,C,True,True,TTT,,CGA,TCG,Arg,2
0p_90m,3,l11Sp,Homo_sapiens_mito_tRNA-Arg-TCG,68,True,1,68,T,C,True,True,TTTTT,,CGA,TCG,Arg,1
0p_90m,3,l11Sp,Homo_sapiens_mito_tRNA-Asn-GTT,76,True,35,76,T,C,False,True,,,AAC,GTT,Asn,1
0p_90m,3,l11Sp,Homo_sapiens_mito_tRNA-Asp-GTC,71,True,1,71,A,C,True,True,TC,,GAC,GTC,Asp,2
0p_90m,3,l11Sp,Homo_sapiens_mito_tRNA-Cys-GCA,69,True,1,69,A,C,True,True,T,,UGC,GCA,Cys,1
0p_90m,3,l11Sp,Homo_sapiens_mito_tRNA-Gln-TTG,75,True,43,75,C,C,False,True,,G,CAA,TTG,Gln,1
0p_90m,3,l11Sp,Homo_sapiens_mito_tRNA-Glu-TTC,72,True,1,72,G,C,True,True,T,,GAA,TTC,Glu,2
0p_90m,3,l11Sp,Homo_sapiens_mito_tRNA-Glu-TTC,72,True,1,72,G,C,True,True,TG,,GAA,TTC,Glu,1
0p_90m,3,l11Sp,Homo_sapiens_mito_tRNA-Glu-TTC,72,True,32,72,T,C,False,True,,,GAA,TTC,Glu,1
0p_90m,3,l11Sp,Homo_sapiens_mito_tRNA-Glu-TTC,72,True,32,72,T,C,False,True,C,,GAA,TTC,Glu,1
0p_90m,3,l11Sp,Homo_sapiens_mito_tRNA-Gly-TCC,71,True,43,63,G,A,False,False,TTT,AGAGTACC,GGA,TCC,Gly,1
0p_90m,3,l11Sp,Homo_sapiens_mito_tRNA-Leu1-TAG,74,True,1,74,A,C,True,True,TT,,CUA,TAG,Leu1,1
0p_90m,3,l11Sp,Homo_sapiens_mito_tRNA-Leu1-TAG,74,True,5,74,T,C,False,True,AA,,CUA,TAG,Leu1,1
0p_90m,3,l11Sp,Homo_sapiens_mito_tRNA-Leu1-TAG,74,True,19,74,C,C,False,True,C,,CUA,TAG,Leu1,1
0p_90m,3,l11Sp,Homo_sapiens_mito_tRNA-Leu2-TAA,78,True,1,78,G,C,True,True,TCT,,UUA,TAA,Leu2,1
0p_90m,3,l11Sp,Homo_sapiens_mito_tRNA-Leu2-TAA,78,True,1,78,G,C,True,True,TTT,,UUA,TAA,Leu2,1
0p_90m,3,l11Sp,Homo_sapiens_mito_tRNA-Lys-TTT,73,True,1,73,C,C,True,True,,,AAA,TTT,Lys,1
0p_90m,3,l11Sp,Homo_sapiens_mito_tRNA-Lys-TTT,73,True,1,73,C,C,True,True,ATT,,AAA,TTT,Lys,1
0p_90m,3,l11Sp,Homo_sapiens_mito_tRNA-Lys-TTT,73,True,1,73,C,C,True,True,C,,AAA,TTT,Lys,1
0p_90m,3,l11Sp,Homo_sapiens_mito_tRNA-Lys-TTT,73,True,1,73,C,C,True,True,TTT,,AAA,TTT,Lys,1
0p_90m,3,l11Sp,Homo_sapiens_mito_tRNA-Lys-TTT,73,True,35,73,T,C,False,True,AT,,AAA,TTT,Lys,1
0p_90m,3,l11Sp,Homo_sapiens_mito_tRNA-Lys-TTT,73,True,40,73,G,C,False,True,TCT,,AAA,TTT,Lys,1
0p_90m,3,l11Sp,Homo_sapiens_mito_tRNA-Phe-GAA,74,True,39,74,A,C,False,True,,,UUC,GAA,Phe,2
0p_90m,3,l11Sp,Homo_sapiens_mito_tRNA-Pro-TGG,71,True,1,71,C,C,True,True,TA,,CCA,TGG,Pro,1
0p_90m,3,l11Sp,Homo_sapiens_mito_tRNA-Pro-TGG,71,True,1,71,C,C,True,True,TT,,CCA,TGG,Pro,1
0p_90m,3,l11Sp,Homo_sapiens_mito_tRNA-Pro-TGG,71,True,38,71,C,C,False,True,,,CCA,TGG,Pro,1
0p_90m,3,l11Sp,Homo_sapiens_mito_tRNA-Ser2-TGA,72,True,35,72,A,C,False,True,,,UCA,TGA,Ser2,1
0p_90m,3,l11Sp,Homo_sapiens_mito_tRNA-Ser2-TGA,72,True,35,72,A,C,False,True,C,,UCA,TGA,Ser2,1
0p_90m,3,l11Sp,Homo_sapiens_mito_tRNA-Thr-TGT,69,True,1,69,G,C,True,True,T,,ACA,TGT,Thr,2
0p_90m,3,l11Sp,Homo_sapiens_mito_tRNA-Trp-TCA,71,True,37,71,A,C,False,True,,,UGA,TCA,Trp,2
0p_90m,3,l11Sp,Homo_sapiens_mito_tRNA-Val-TAC,72,True,1,32,C,T,True,False,TTT,CCTCCACC,GUA,TAC,Val,1
0p_90m,3,l11Sp,Homo_sapiens_mito_tRNA-Val-TAC,72,True,1,72,C,C,True,True,CCT,,GUA,TAC,Val,1
0p_90m,3,l11Sp,Homo_sapiens_mito_tRNA-Val-TAC,72,True,1,72,C,C,True,True,CTTTT,,GUA,TAC,Val,1
0p_90m,3,l11Sp,Homo_sapiens_mito_tRNA-Val-TAC,72,True,12,72,T,C,False,True,CTT,,GUA,TAC,Val,1
0p_90m,3,l11Sp,Homo_sapiens_tRNA-Ala-AGC-1-1,75,True,1,75,G,C,True,True,T,,GCU,AGC,Ala,3
0p_90m,3,l11Sp,Homo_sapiens_tRNA-Ala-AGC-1-1,75,True,26,75,C,C,False,True,,,GCU,AGC,Ala,2
0p_90m,3,l11Sp,Homo_sapiens_tRNA-Ala-AGC-1-1,75,True,35,75,C,C,False,True,,,GCU,AGC,Ala,2
0p_90m,3,l11Sp,Homo_sapiens_tRNA-Ala-AGC-11-1,76,True,1,76,G,C,True,True,TCG,,GCU,AGC,Ala,1
0p_90m,3,l11Sp,Homo_sapiens_tRNA-Ala-AGC-11-1,76,True,29,76,C,C,False,True,,,GCU,AGC,Ala,1
0p_90m,3,l11Sp,Homo_sapiens_tRNA-Ala-AGC-11-1,76,True,38,76,T,C,False,True,CTCGCTTGGC,,GCU,AGC,Ala,1
0p_90m,3,l11Sp,Homo_sapiens_tRNA-Ala-AGC-11-1,76,True,41,76,G,C,False,True,CCTCGCTTGGCTGT,,GCU,AGC,Ala,1
0p_90m,3,l11Sp,Homo_sapiens_tRNA-Ala-AGC-2-1,75,True,37,75,T,C,False,True,CCT,,GCU,AGC,Ala,1
0p_90m,3,l11Sp,Homo_sapiens_tRNA-Ala-AGC-2-1,75,True,37,75,T,C,False,True,TTTGGCT,,GCU,AGC,Ala,1
0p_90m,3,l11Sp,Homo_sapiens_tRNA-Ala-AGC-3-1,75,True,18,75,G,C,False,True,T,,GCU,AGC,Ala,1
0p_90m,3,l11Sp,Homo_sapiens_tRNA-Ala-AGC-3-1,75,True,29,75,G,C,False,True,A,,GCU,AGC,Ala,1
0p_90m,3,l11Sp,Homo_sapiens_tRNA-Ala-AGC-3-1,75,True,37,75,T,C,False,True,,,GCU,AGC,Ala,1
0p_90m,3,l11Sp,Homo_sapiens_tRNA-Ala-AGC-3-1,75,True,43,75,A,C,False,True,ACT,,GCU,AGC,Ala,1
0p_90m,3,l11Sp,Homo_sapiens_tRNA-Ala-AGC-4-1,75,True,1,75,G,C,True,True,TTC,,GCU,AGC,Ala,1
0p_90m,3,l11Sp,Homo_sapiens_tRNA-Ala-AGC-4-1,75,True,8,75,T,C,False,True,TT,,GCU,AGC,Ala,1
0p_90m,3,l11Sp,Homo_sapiens_tRNA-Ala-AGC-4-1,75,True,37,75,T,C,False,True,,,GCU,AGC,Ala,3
0p_90m,3,l11Sp,Homo_sapiens_tRNA-Ala-AGC-4-1,75,True,48,75,C,C,False,True,TT,,GCU,AGC,Ala,1
0p_90m,3,l11Sp,Homo_sapiens_tRNA-Ala-AGC-8-1,76,True,1,76,G,C,True,True,TTTG,,GCU,AGC,Ala,1
0p_90m,3,l11Sp,Homo_sapiens_tRNA-Ala-AGC-8-1,76,True,27,76,C,C,False,True,,,GCU,AGC,Ala,3
0p_90m,3,l11Sp,Homo_sapiens_tRNA-Ala-AGC-8-1,76,True,35,76,G,A,False,True,TTG,,GCU,AGC,Ala,1
0p_90m,3,l11Sp,Homo_sapiens_tRNA-Ala-AGC-8-1,76,True,38,76,T,C,False,True,,,GCU,AGC,Ala,2
0p_90m,3,l11Sp,Homo_sapiens_tRNA-Ala-AGC-8-1,76,True,44,76,A,C,False,True,A,,GCU,AGC,Ala,1
0p_90m,3,l11Sp,Homo_sapiens_tRNA-Ala-CGC-1-1,75,True,1,75,G,C,True,True,CT,,GCG,CGC,Ala,1
0p_90m,3,l11Sp,Homo_sapiens_tRNA-Ala-CGC-1-1,75,True,8,75,T,C,False,True,TT,,GCG,CGC,Ala,1
0p_90m,3,l11Sp,Homo_sapiens_tRNA-Ala-CGC-1-1,75,True,26,75,C,C,False,True,,,GCG,CGC,Ala,2
0p_90m,3,l11Sp,Homo_sapiens_tRNA-Ala-CGC-1-1@Homo_sapiens_tRNA-Ala-TGC-2-1,75,False,35,75,C,C,False,True,,,GCG,CGC,Ala,1
0p_90m,3,l11Sp,Homo_sapiens_tRNA-Ala-CGC-1-1@Homo_sapiens_tRNA-Ala-TGC-2-1,75,False,37,75,T,C,False,True,,,GCG,CGC,Ala,7
0p_90m,3,l11Sp,Homo_sapiens_tRNA-Ala-CGC-1-1@Homo_sapiens_tRNA-Ala-TGC-2-1,75,False,46,75,T,C,False,True,TAGC,,GCG,CGC,Ala,1
0p_90m,3,l11Sp,Homo_sapiens_tRNA-Ala-CGC-2-1,75,True,1,75,G,C,True,True,ATT,,GCG,CGC,Ala,1
0p_90m,3,l11Sp,Homo_sapiens_tRNA-Ala-CGC-2-1@Homo_sapiens_tRNA-Ala-TGC-3-1,75,False,37,75,T,C,False,True,,,GCG,CGC,Ala,4
0p_90m,3,l11Sp,Homo_sapiens_tRNA-Ala-CGC-2-1@Homo_sapiens_tRNA-Ala-TGC-3-1,75,False,40,75,A,C,False,True,C,,GCG,CGC,Ala,1
0p_90m,3,l11Sp,Homo_sapiens_tRNA-Ala-CGC-3-1,75,True,26,75,C,C,False,True,,,GCG,CGC,Ala,2
0p_90m,3,l11Sp,Homo_sapiens_tRNA-Ala-CGC-3-1,75,True,37,75,T,C,False,True,,,GCG,CGC,Ala,2
0p_90m,3,l11Sp,Homo_sapiens_tRNA-Ala-CGC-3-1,75,True,39,75,T,C,False,True,T,,GCG,CGC,Ala,1
0p_90m,3,l11Sp,Homo_sapiens_tRNA-Ala-CGC-4-1,75,True,1,75,G,C,True,True,TC,,GCG,CGC,Ala,1
0p_90m,3,l11Sp,Homo_sapiens_tRNA-Ala-TGC-1-1,75,True,1,75,G,C,True,True,TT,,GCA,TGC,Ala,1
0p_90m,3,l11Sp,Homo_sapiens_tRNA-Ala-TGC-1-1,75,True,6,75,T,C,False,True,,,GCA,TGC,Ala,1
0p_90m,3,l11Sp,Homo_sapiens_tRNA-Ala-TGC-1-1,75,True,26,75,C,C,False,True,,,GCA,TGC,Ala,1
0p_90m,3,l11Sp,Homo_sapiens_tRNA-Ala-TGC-2-1,75,True,1,75,G,C,True,True,TT,,GCA,TGC,Ala,1
0p_90m,3,l11Sp,Homo_sapiens_tRNA-Ala-TGC-2-1,75,True,26,75,C,C,False,True,TTATAACC,,GCA,TGC,Ala,1
0p_90m,3,l11Sp,Homo_sapiens_tRNA-Ala-TGC-3-1,75,True,1,75,G,C,True,True,TTTG,,GCA,TGC,Ala,1
0p_90m,3,l11Sp,Homo_sapiens_tRNA-Ala-TGC-3-1,75,True,3,75,G,C,False,True,ATGAGGGGA,,GCA,TGC,Ala,1
0p_90m,3,l11Sp,Homo_sapiens_tRNA-Ala-TGC-3-1,75,True,26,75,C,C,False,True,,,GCA,TGC,Ala,2
0p_90m,3,l11Sp,Homo_sapiens_tRNA-Ala-TGC-3-1,75,True,28,75,T,C,False,True,CTTTG,,GCA,TGC,Ala,1
0p_90m,3,l11Sp,Homo_sapiens_tRNA-Ala-TGC-4-1,75,True,18,75,G,C,False,True,TT,,GCA,TGC,Ala,1
0p_90m,3,l11Sp,Homo_sapiens_tRNA-Ala-TGC-4-1,75,True,26,75,C,C,False,True,,,GCA,TGC,Ala,4
0p_90m,3,l11Sp,Homo_sapiens_tRNA-Ala-TGC-4-1,75,True,37,75,C,C,False,True,,,GCA,TGC,Ala,1
0p_90m,3,l11Sp,Homo_sapiens_tRNA-Ala-TGC-4-1,75,True,39,75,T,C,False,True,CC,,GCA,TGC,Ala,1
0p_90m,3,l11Sp,Homo_sapiens_tRNA-Ala-TGC-5-1,75,True,26,75,C,C,False,True,CA,,GCA,TGC,Ala,2
0p_90m,3,l11Sp,Homo_sapiens_tRNA-Ala-TGC-5-1,75,True,37,75,T,C,False,True,,,GCA,TGC,Ala,1
0p_90m,3,l11Sp,Homo_sapiens_tRNA-Arg-ACG-1-1,76,True,1,76,G,C,True,True,CTT,,CGU,ACG,Arg,1
0p_90m,3,l11Sp,Homo_sapiens_tRNA-Arg-ACG-1-1,76,True,1,76,G,C,True,True,G,,CGU,ACG,Arg,1
0p_90m,3,l11Sp,Homo_sapiens_tRNA-Arg-ACG-1-1,76,True,1,76,G,C,True,True,GTT,,CGU,ACG,Arg,1
0p_90m,3,l11Sp,Homo_sapiens_tRNA-Arg-ACG-1-1,76,True,1,76,G,C,True,True,TTT,,CGU,ACG,Arg,1
0p_90m,3,l11Sp,Homo_sapiens_tRNA-Arg-ACG-1-1,76,True,38,76,A,C,False,True,T,,CGU,ACG,Arg,2
0p_90m,3,l11Sp,Homo_sapiens_tRNA-Arg-ACG-1-1,76,True,38,76,A,C,False,True,TTCGC,,CGU,ACG,Arg,1
0p_90m,3,l11Sp,Homo_sapiens_tRNA-Arg-ACG-1-1,76,True,39,76,T,C,False,True,,,CGU,ACG,Arg,1
0p_90m,3,l11Sp,Homo_sapiens_tRNA-Arg-ACG-1-1,76,True,43,76,A,C,False,True,TA,,CGU,ACG,Arg,1
0p_90m,3,l11Sp,Homo_sapiens_tRNA-Arg-ACG-1-1,76,True,47,76,T,C,False,True,TT,,CGU,ACG,Arg,1
0p_90m,3,l11Sp,Homo_sapiens_tRNA-Arg-ACG-2-1,76,True,1,76,G,C,True,True,CTT,,CGU,ACG,Arg,1
0p_90m,3,l11Sp,Homo_sapiens_tRNA-Arg-ACG-2-1,76,True,1,76,G,C,True,True,TTC,,CGU,ACG,Arg,1
0p_90m,3,l11Sp,Homo_sapiens_tRNA-Arg-ACG-2-1,76,True,1,76,G,C,True,True,TTT,,CGU,ACG,Arg,1
0p_90m,3,l11Sp,Homo_sapiens_tRNA-Arg-ACG-2-1,76,True,3,76,G,C,False,True,TTT,,CGU,ACG,Arg,1
0p_90m,3,l11Sp,Homo_sapiens_tRNA-Arg-ACG-2-1,76,True,10,76,G,C,False,True,TC,,CGU,ACG,Arg,1
0p_90m,3,l11Sp,Homo_sapiens_tRNA-Arg-ACG-2-1,76,True,31,76,A,C,False,True,,,CGU,ACG,Arg,1
0p_90m,3,l11Sp,Homo_sapiens_tRNA-Arg-ACG-2-1,76,True,38,76,A,C,False,True,,,CGU,ACG,Arg,1
0p_90m,3,l11Sp,Homo_sapiens_tRNA-Arg-CCG-1-1,76,True,1,76,G,C,True,True,TC,,CGG,CCG,Arg,1
0p_90m,3,l11Sp,Homo_sapiens_tRNA-Arg-CCG-1-1,76,True,2,76,G,C,False,True,,,CGG,CCG,Arg,1
0p_90m,3,l11Sp,Homo_sapiens_tRNA-Arg-CCG-1-1,76,True,8,76,T,C,False,True,T,,CGG,CCG,Arg,1
0p_90m,3,l11Sp,Homo_sapiens_tRNA-Arg-CCG-1-1,76,True,10,76,G,C,False,True,TC,,CGG,CCG,Arg,1
0p_90m,3,l11Sp,Homo_sapiens_tRNA-Arg-CCG-1-1,76,True,27,76,T,C,False,True,,,CGG,CCG,Arg,1
0p_90m,3,l11Sp,Homo_sapiens_tRNA-Arg-CCG-1-1,76,True,27,76,T,C,False,True,ACCT,,CGG,CCG,Arg,1
0p_90m,3,l11Sp,Homo_sapiens_tRNA-Arg-CCG-1-1@Homo_sapiens_tRNA-Arg-TCG-3-1,76,False,37,76,G,C,False,True,,,CGG,CCG,Arg,1
0p_90m,3,l11Sp,Homo_sapiens_tRNA-Arg-CCG-1-1@Homo_sapiens_tRNA-Arg-TCG-3-1,76,False,38,76,A,C,False,True,,,CGG,CCG,Arg,1
0p_90m,3,l11Sp,Homo_sapiens_tRNA-Arg-CCG-1-1@Homo_sapiens_tRNA-Arg-TCG-3-1,76,False,38,76,A,C,False,True,TTT,,CGG,CCG,Arg,3
0p_90m,3,l11Sp,Homo_sapiens_tRNA-Arg-CCG-1-1@Homo_sapiens_tRNA-Arg-TCG-3-1,76,False,46,76,A,C,False,True,,,CGG,CCG,Arg,1
0p_90m,3,l11Sp,Homo_sapiens_tRNA-Arg-CCG-2-1,76,True,1,69,G,G,True,False,TC,TCGCC,CGG,CCG,Arg,1
0p_90m,3,l11Sp,Homo_sapiens_tRNA-Arg-CCG-2-1,76,True,10,76,G,C,False,True,TT,,CGG,CCG,Arg,1
0p_90m,3,l11Sp,Homo_sapiens_tRNA-Arg-CCG-2-1,76,True,40,76,C,C,False,True,,,CGG,CCG,Arg,1
0p_90m,3,l11Sp,Homo_sapiens_tRNA-Arg-CCG-2-1,76,True,42,76,G,C,False,True,AG,,CGG,CCG,Arg,1
0p_90m,3,l11Sp,Homo_sapiens_tRNA-Arg-CCT-1-1,76,True,1,76,G,C,True,True,TTTTT,,AGG,CCT,Arg,1
0p_90m,3,l11Sp,Homo_sapiens_tRNA-Arg-CCT-1-1,76,True,46,76,A,C,False,True,,,AGG,CCT,Arg,1
0p_90m,3,l11Sp,Homo_sapiens_tRNA-Arg-CCT-2-1,76,True,33,76,T,C,False,True,,,AGG,CCT,Arg,3
0p_90m,3,l11Sp,Homo_sapiens_tRNA-Arg-CCT-4-1,76,True,1,76,G,C,True,True,AT,,AGG,CCT,Arg,1
0p_90m,3,l11Sp,Homo_sapiens_tRNA-Arg-CCT-4-1,76,True,8,76,T,C,False,True,,,AGG,CCT,Arg,1
0p_90m,3,l11Sp,Homo_sapiens_tRNA-Arg-CCT-4-1,76,True,18,76,G,C,False,True,,,AGG,CCT,Arg,1
0p_90m,3,l11Sp,Homo_sapiens_tRNA-Arg-TCG-1-1,76,True,38,76,A,C,False,True,,,CGA,TCG,Arg,1
0p_90m,3,l11Sp,Homo_sapiens_tRNA-Arg-TCG-1-1,76,True,46,76,A,C,False,True,,,CGA,TCG,Arg,1
0p_90m,3,l11Sp,Homo_sapiens_tRNA-Arg-TCG-2-1,76,True,27,76,T,C,False,True,,,CGA,TCG,Arg,1
0p_90m,3,l11Sp,Homo_sapiens_tRNA-Arg-TCG-2-1,76,True,38,76,A,C,False,True,,,CGA,TCG,Arg,1
0p_90m,3,l11Sp,Homo_sapiens_tRNA-Arg-TCG-2-1,76,True,38,76,A,C,False,True,GC,,CGA,TCG,Arg,1
0p_90m,3,l11Sp,Homo_sapiens_tRNA-Arg-TCG-3-1,76,True,27,76,T,C,False,True,,,CGA,TCG,Arg,3
0p_90m,3,l11Sp,Homo_sapiens_tRNA-Arg-TCG-3-1,76,True,30,76,G,C,False,True,,,CGA,TCG,Arg,1
0p_90m,3,l11Sp,Homo_sapiens_tRNA-Arg-TCG-5-1,76,True,8,76,T,C,False,True,,,CGA,TCG,Arg,1
0p_90m,3,l11Sp,Homo_sapiens_tRNA-Arg-TCG-5-1,76,True,31,76,A,C,False,True,TCAT,,CGA,TCG,Arg,2
0p_90m,3,l11Sp,Homo_sapiens_tRNA-Arg-TCG-5-1,76,True,38,76,A,C,False,True,,,CGA,TCG,Arg,1
0p_90m,3,l11Sp,Homo_sapiens_tRNA-Arg-TCG-5-1,76,True,44,76,A,C,False,True,G,,CGA,TCG,Arg,1
0p_90m,3,l11Sp,Homo_sapiens_tRNA-Arg-TCT-1-1,76,True,35,76,C,C,False,True,C,,AGA,TCT,Arg,2
0p_90m,3,l11Sp,Homo_sapiens_tRNA-Arg-TCT-1-1,76,True,35,76,C,C,False,True,TC,,AGA,TCT,Arg,1
0p_90m,3,l11Sp,Homo_sapiens_tRNA-Arg-TCT-1-1,76,True,36,76,T,C,False,True,,,AGA,TCT,Arg,1
0p_90m,3,l11Sp,Homo_sapiens_tRNA-Arg-TCT-2-1,76,True,33,76,T,C,False,True,AT,,AGA,TCT,Arg,1
0p_90m,3,l11Sp,Homo_sapiens_tRNA-Arg-TCT-2-1,76,True,35,72,C,C,False,False,TC,CCC,AGA,TCT,Arg,1
0p_90m,3,l11Sp,Homo_sapiens_tRNA-Arg-TCT-2-1,76,True,35,76,C,C,False,True,,,AGA,TCT,Arg,1
0p_90m,3,l11Sp,Homo_sapiens_tRNA-Arg-TCT-2-1,76,True,36,76,T,C,False,True,,,AGA,TCT,Arg,1
0p_90m,3,l11Sp,Homo_sapiens_tRNA-Arg-TCT-3-1,76,True,1,76,G,C,True,True,GG,,AGA,TCT,Arg,1
0p_90m,3,l11Sp,Homo_sapiens_tRNA-Arg-TCT-3-1,76,True,1,76,G,C,True,True,TTC,,AGA,TCT,Arg,1
0p_90m,3,l11Sp,Homo_sapiens_tRNA-Arg-TCT-3-1,76,True,33,76,T,C,False,True,,,AGA,TCT,Arg,1
0p_90m,3,l11Sp,Homo_sapiens_tRNA-Arg-TCT-3-1,76,True,34,76,T,C,False,True,,,AGA,TCT,Arg,1
0p_90m,3,l11Sp,Homo_sapiens_tRNA-Arg-TCT-3-1,76,True,35,76,C,C,False,True,,,AGA,TCT,Arg,1
0p_90m,3,l11Sp,Homo_sapiens_tRNA-Arg-TCT-3-1,76,True,35,76,C,C,False,True,TC,,AGA,TCT,Arg,1
0p_90m,3,l11Sp,Homo_sapiens_tRNA-Arg-TCT-4-1,77,True,34,77,T,C,False,True,TA,,AGA,TCT,Arg,1
0p_90m,3,l11Sp,Homo_sapiens_tRNA-Asn-GTT-1-1@Homo_sapiens_tRNA-Asn-GTT-3-1,77,False,1,77,G,C,True,True,CT,,AAC,GTT,Asn,1
0p_90m,3,l11Sp,Homo_sapiens_tRNA-Asn-GTT-2-1@Homo_sapiens_tRNA-Asn-GTT-3-1,77,False,1,77,G,C,True,True,ATTTC,,AAC,GTT,Asn,1
0p_90m,3,l11Sp,Homo_sapiens_tRNA-Asn-GTT-2-1@Homo_sapiens_tRNA-Asn-GTT-3-1,77,False,1,77,G,C,True,True,CTG,,AAC,GTT,Asn,1
0p_90m,3,l11Sp,Homo_sapiens_tRNA-Asn-GTT-2-1@Homo_sapiens_tRNA-Asn-GTT-3-1,77,False,1,77,G,C,True,True,CTT,,AAC,GTT,Asn,1
0p_90m,3,l11Sp,Homo_sapiens_tRNA-Asn-GTT-2-1@Homo_sapiens_tRNA-Asn-GTT-3-1,77,False,1,77,G,C,True,True,TTC,,AAC,GTT,Asn,1
0p_90m,3,l11Sp,Homo_sapiens_tRNA-Asn-GTT-2-1@Homo_sapiens_tRNA-Asn-GTT-3-1,77,False,1,77,G,C,True,True,TTT,,AAC,GTT,Asn,3
0p_90m,3,l11Sp,Homo_sapiens_tRNA-Asn-GTT-2-1@Homo_sapiens_tRNA-Asn-GTT-3-1,77,False,4,77,T,C,False,True,TTG,,AAC,GTT,Asn,1
0p_90m,3,l11Sp,Homo_sapiens_tRNA-Asn-GTT-2-1@Homo_sapiens_tRNA-Asn-GTT-3-1,77,False,21,77,T,C,False,True,,,AAC,GTT,Asn,1
0p_90m,3,l11Sp,Homo_sapiens_tRNA-Asn-GTT-2-1@Homo_sapiens_tRNA-Asn-GTT-3-1,77,False,28,77,T,C,False,True,TAGCCC,,AAC,GTT,Asn,1
0p_90m,3,l11Sp,Homo_sapiens_tRNA-Asn-GTT-2-1@Homo_sapiens_tRNA-Asn-GTT-3-1,77,False,30,77,C,C,False,True,,,AAC,GTT,Asn,1
0p_90m,3,l11Sp,Homo_sapiens_tRNA-Asn-GTT-2-1@Homo_sapiens_tRNA-Asn-GTT-3-1,77,False,34,77,T,C,False,True,,,AAC,GTT,Asn,1
0p_90m,3,l11Sp,Homo_sapiens_tRNA-Asn-GTT-2-1@Homo_sapiens_tRNA-Asn-GTT-3-1,77,False,37,77,T,C,False,True,,,AAC,GTT,Asn,1
0p_90m,3,l11Sp,Homo_sapiens_tRNA-Asn-GTT-2-1@Homo_sapiens_tRNA-Asn-GTT-3-1,77,False,38,77,A,C,False,True,A,,AAC,GTT,Asn,1
0p_90m,3,l11Sp,Homo_sapiens_tRNA-Asn-GTT-3-1,77,True,1,77,G,C,True,True,C,,AAC,GTT,Asn,1
0p_90m,3,l11Sp,Homo_sapiens_tRNA-Asn-GTT-3-1,77,True,1,77,G,C,True,True,TGT,,AAC,GTT,Asn,1
0p_90m,3,l11Sp,Homo_sapiens_tRNA-Asn-GTT-3-1,77,True,4,77,T,C,False,True,TTTTTTTG,,AAC,GTT,Asn,1
0p_90m,3,l11Sp,Homo_sapiens_tRNA-Asn-GTT-3-1,77,True,16,77,T,C,False,True,TT,,AAC,GTT,Asn,1
0p_90m,3,l11Sp,Homo_sapiens_tRNA-Asn-GTT-3-1,77,True,24,77,C,C,False,True,T,,AAC,GTT,Asn,1
0p_90m,3,l11Sp,Homo_sapiens_tRNA-Asn-GTT-3-1,77,True,27,77,A,C,False,True,AAA,,AAC,GTT,Asn,2
0p_90m,3,l11Sp,Homo_sapiens_tRNA-Asn-GTT-4-1,77,True,47,77,A,C,False,True,,,AAC,GTT,Asn,1
0p_90m,3,l11Sp,Homo_sapiens_tRNA-Asn-GTT-5-1,77,True,1,77,G,C,True,True,TTT,,AAC,GTT,Asn,1
0p_90m,3,l11Sp,Homo_sapiens_tRNA-Asp-GTC-1-1,75,True,1,75,T,C,True,True,TTT,,GAC,GTC,Asp,1
0p_90m,3,l11Sp,Homo_sapiens_tRNA-Asp-GTC-2-1,75,True,1,75,T,C,True,True,,,GAC,GTC,Asp,1
0p_90m,3,l11Sp,Homo_sapiens_tRNA-Asp-GTC-2-1,75,True,1,75,T,C,True,True,TCT,,GAC,GTC,Asp,1
0p_90m,3,l11Sp,Homo_sapiens_tRNA-Asp-GTC-2-1,75,True,1,75,T,C,True,True,TT,,GAC,GTC,Asp,1
0p_90m,3,l11Sp,Homo_sapiens_tRNA-Asp-GTC-2-1,75,True,1,75,T,C,True,True,TTT,,GAC,GTC,Asp,5
0p_90m,3,l11Sp,Homo_sapiens_tRNA-Asp-GTC-2-1,75,True,1,75,T,C,True,True,TTTTTTT,,GAC,GTC,Asp,1
0p_90m,3,l11Sp,Homo_sapiens_tRNA-Asp-GTC-2-1,75,True,10,75,G,C,False,True,TCTTCCTCCTTTT,,GAC,GTC,Asp,1
0p_90m,3,l11Sp,Homo_sapiens_tRNA-Asp-GTC-2-1,75,True,10,75,G,C,False,True,TTT,,GAC,GTC,Asp,1
0p_90m,3,l11Sp,Homo_sapiens_tRNA-Asp-GTC-2-1,75,True,20,75,G,C,False,True,CC,,GAC,GTC,Asp,2
0p_90m,3,l11Sp,Homo_sapiens_tRNA-Asp-GTC-2-1,75,True,23,75,T,C,False,True,C,,GAC,GTC,Asp,1
0p_90m,3,l11Sp,Homo_sapiens_tRNA-Asp-GTC-2-1@Homo_sapiens_tRNA-Asp-GTC-3-1,75,False,33,75,T,C,False,True,,,GAC,GTC,Asp,1
0p_90m,3,l11Sp,Homo_sapiens_tRNA-Asp-GTC-2-1@Homo_sapiens_tRNA-Asp-GTC-3-1,75,False,38,75,C,C,False,True,,,GAC,GTC,Asp,2
0p_90m,3,l11Sp,Homo_sapiens_tRNA-Asp-GTC-2-1@Homo_sapiens_tRNA-Asp-GTC-3-1,75,False,49,75,G,C,False,True,TTTT,,GAC,GTC,Asp,1
0p_90m,3,l11Sp,Homo_sapiens_tRNA-Cys-GCA-18-1@Homo_sapiens_tRNA-Cys-GCA-6-1@Homo_sapiens_tRNA-Cys-GCA-9-1,75,False,22,75,A,C,False,True,CTT,,UGC,GCA,Cys,1
0p_90m,3,l11Sp,Homo_sapiens_tRNA-Cys-GCA-18-1@Homo_sapiens_tRNA-Cys-GCA-9-1,75,False,15,75,G,C,False,True,TTT,,UGC,GCA,Cys,1
0p_90m,3,l11Sp,Homo_sapiens_tRNA-Cys-GCA-2-1,75,True,1,75,G,C,True,True,,,UGC,GCA,Cys,1
0p_90m,3,l11Sp,Homo_sapiens_tRNA-Cys-GCA-2-1,75,True,1,75,G,C,True,True,TT,,UGC,GCA,Cys,1
0p_90m,3,l11Sp,Homo_sapiens_tRNA-Cys-GCA-2-1,75,True,1,75,G,C,True,True,TTTC,,UGC,GCA,Cys,1
0p_90m,3,l11Sp,Homo_sapiens_tRNA-Cys-GCA-2-1,75,True,6,75,T,C,False,True,TTA,,UGC,GCA,Cys,1
0p_90m,3,l11Sp,Homo_sapiens_tRNA-Cys-GCA-2-1,75,True,12,75,T,C,False,True,,,UGC,GCA,Cys,1
0p_90m,3,l11Sp,Homo_sapiens_tRNA-Cys-GCA-4-1,75,True,1,75,G,C,True,True,CTGG,,UGC,GCA,Cys,1
0p_90m,3,l11Sp,Homo_sapiens_tRNA-Cys-GCA-4-1,75,True,11,75,C,C,False,True,TC,,UGC,GCA,Cys,1
0p_90m,3,l11Sp,Homo_sapiens_tRNA-Cys-GCA-5-1@Homo_sapiens_tRNA-Cys-GCA-7-1@Homo_sapiens_tRNA-Cys-GCA-8-1,76,False,18,76,G,C,False,True,,,UGC,GCA,Cys,1
0p_90m,3,l11Sp,Homo_sapiens_tRNA-Cys-GCA-5-1@Homo_sapiens_tRNA-Cys-GCA-7-1@Homo_sapiens_tRNA-Cys-GCA-8-1,76,False,21,76,A,C,False,True,C,,UGC,GCA,Cys,1
0p_90m,3,l11Sp,Homo_sapiens_tRNA-Cys-GCA-5-1@Homo_sapiens_tRNA-Cys-GCA-7-1@Homo_sapiens_tRNA-Cys-GCA-8-1,76,False,25,76,C,C,False,True,,,UGC,GCA,Cys,2
0p_90m,3,l11Sp,Homo_sapiens_tRNA-Cys-GCA-5-1@Homo_sapiens_tRNA-Cys-GCA-7-1@Homo_sapiens_tRNA-Cys-GCA-8-1,76,False,38,76,A,C,False,True,,,UGC,GCA,Cys,8
0p_90m,3,l11Sp,Homo_sapiens_tRNA-Cys-GCA-5-1@Homo_sapiens_tRNA-Cys-GCA-7-1@Homo_sapiens_tRNA-Cys-GCA-8-1,76,False,41,76,A,C,False,True,TTT,,UGC,GCA,Cys,1
0p_90m,3,l11Sp,Homo_sapiens_tRNA-Gln-CTG-1-1,75,True,1,75,G,C,True,True,ATT,,CAG,CTG,Gln,1
0p_90m,3,l11Sp,Homo_sapiens_tRNA-Gln-CTG-1-1,75,True,1,75,G,C,True,True,C,,CAG,CTG,Gln,1
0p_90m,3,l11Sp,Homo_sapiens_tRNA-Gln-CTG-1-1,75,True,1,75,G,C,True,True,CC,,CAG,CTG,Gln,1
0p_90m,3,l11Sp,Homo_sapiens_tRNA-Gln-CTG-1-1,75,True,1,75,G,C,True,True,CTC,,CAG,CTG,Gln,1
0p_90m,3,l11Sp,Homo_sapiens_tRNA-Gln-CTG-1-1,75,True,1,75,G,C,True,True,GCT,,CAG,CTG,Gln,2
0p_90m,3,l11Sp,Homo_sapiens_tRNA-Gln-CTG-1-1,75,True,1,75,G,C,True,True,TA,,CAG,CTG,Gln,2
0p_90m,3,l11Sp,Homo_sapiens_tRNA-Gln-CTG-1-1,75,True,1,75,G,C,True,True,TAT,,CAG,CTG,Gln,1
0p_90m,3,l11Sp,Homo_sapiens_tRNA-Gln-CTG-1-1,75,True,1,75,G,C,True,True,TC,,CAG,CTG,Gln,4
0p_90m,3,l11Sp,Homo_sapiens_tRNA-Gln-CTG-1-1,75,True,1,75,G,C,True,True,TTC,,CAG,CTG,Gln,1
0p_90m,3,l11Sp,Homo_sapiens_tRNA-Gln-CTG-1-1,75,True,1,75,G,C,True,True,TTG,,CAG,CTG,Gln,2
0p_90m,3,l11Sp,Homo_sapiens_tRNA-Gln-CTG-1-1,75,True,1,75,G,C,True,True,TTT,,CAG,CTG,Gln,1
0p_90m,3,l11Sp,Homo_sapiens_tRNA-Gln-CTG-1-1,75,True,1,75,G,C,True,True,TTTT,,CAG,CTG,Gln,1
0p_90m,3,l11Sp,Homo_sapiens_tRNA-Gln-CTG-1-1,75,True,10,75,G,C,False,True,TC,,CAG,CTG,Gln,2
0p_90m,3,l11Sp,Homo_sapiens_tRNA-Gln-CTG-1-1,75,True,15,75,A,C,False,True,TTT,,CAG,CTG,Gln,1
0p_90m,3,l11Sp,Homo_sapiens_tRNA-Gln-CTG-1-1,75,True,19,75,T,C,False,True,,,CAG,CTG,Gln,1
0p_90m,3,l11Sp,Homo_sapiens_tRNA-Gln-CTG-1-1,75,True,23,75,C,C,False,True,,,CAG,CTG,Gln,1
0p_90m,3,l11Sp,Homo_sapiens_tRNA-Gln-CTG-1-1,75,True,31,75,A,C,False,True,,,CAG,CTG,Gln,2
0p_90m,3,l11Sp,Homo_sapiens_tRNA-Gln-CTG-1-1,75,True,44,75,C,C,False,True,C,,CAG,CTG,Gln,1
0p_90m,3,l11Sp,Homo_sapiens_tRNA-Gln-CTG-1-1,75,True,45,75,G,C,False,True,,,CAG,CTG,Gln,1
0p_90m,3,l11Sp,Homo_sapiens_tRNA-Gln-CTG-1-1@Homo_sapiens_tRNA-Gln-CTG-5-1,75,False,47,75,T,C,False,True,,,CAG,CTG,Gln,1
0p_90m,3,l11Sp,Homo_sapiens_tRNA-Gln-CTG-2-1,75,True,1,75,G,C,True,True,TAT,,CAG,CTG,Gln,1
0p_90m,3,l11Sp,Homo_sapiens_tRNA-Gln-CTG-2-1,75,True,1,75,G,C,True,True,TC,,CAG,CTG,Gln,1
0p_90m,3,l11Sp,Homo_sapiens_tRNA-Gln-CTG-2-1,75,True,1,75,G,C,True,True,TT,,CAG,CTG,Gln,1
0p_90m,3,l11Sp,Homo_sapiens_tRNA-Gln-CTG-2-1,75,True,17,75,G,C,False,True,,,CAG,CTG,Gln,1
0p_90m,3,l11Sp,Homo_sapiens_tRNA-Gln-TTG-1-1,75,True,1,75,G,C,True,True,TC,,CAA,TTG,Gln,1
0p_90m,3,l11Sp,Homo_sapiens_tRNA-Gln-TTG-1-1@Homo_sapiens_tRNA-Gln-TTG-3-1,75,False,33,75,T,C,False,True,,,CAA,TTG,Gln,2
0p_90m,3,l11Sp,Homo_sapiens_tRNA-Gln-TTG-1-1@Homo_sapiens_tRNA-Gln-TTG-3-1,75,False,35,75,T,C,False,True,,,CAA,TTG,Gln,1
0p_90m,3,l11Sp,Homo_sapiens_tRNA-Gln-TTG-1-1@Homo_sapiens_tRNA-Gln-TTG-3-1,75,False,35,75,T,C,False,True,TC,,CAA,TTG,Gln,3
0p_90m,3,l11Sp,Homo_sapiens_tRNA-Gln-TTG-1-1@Homo_sapiens_tRNA-Gln-TTG-3-1,75,False,37,75,A,C,False,True,A,,CAA,TTG,Gln,2
0p_90m,3,l11Sp,Homo_sapiens_tRNA-Gln-TTG-1-1@Homo_sapiens_tRNA-Gln-TTG-3-1,75,False,52,75,G,C,False,True,,,CAA,TTG,Gln,1
0p_90m,3,l11Sp,Homo_sapiens_tRNA-Gln-TTG-2-1,75,True,1,75,G,C,True,True,TTC,,CAA,TTG,Gln,1
0p_90m,3,l11Sp,Homo_sapiens_tRNA-Gln-TTG-3-1,75,True,1,75,G,C,True,True,TC,,CAA,TTG,Gln,1
0p_90m,3,l11Sp,Homo_sapiens_tRNA-Gln-TTG-3-1,75,True,1,75,G,C,True,True,TCT,,CAA,TTG,Gln,1
0p_90m,3,l11Sp,Homo_sapiens_tRNA-Gln-TTG-3-1,75,True,1,75,G,C,True,True,TTC,,CAA,TTG,Gln,1
0p_90m,3,l11Sp,Homo_sapiens_tRNA-Gln-TTG-3-1,75,True,1,75,G,C,True,True,TTTTT,,CAA,TTG,Gln,1
0p_90m,3,l11Sp,Homo_sapiens_tRNA-Glu-CTC-1-1,75,True,1,75,T,C,True,True,,,GAG,CTC,Glu,3
0p_90m,3,l11Sp,Homo_sapiens_tRNA-Glu-CTC-1-1,75,True,1,75,T,C,True,True,ACGAAGGGGTC,,GAG,CTC,Glu,1
0p_90m,3,l11Sp,Homo_sapiens_tRNA-Glu-CTC-1-1,75,True,1,75,T,C,True,True,CTTT,,GAG,CTC,Glu,1
0p_90m,3,l11Sp,Homo_sapiens_tRNA-Glu-CTC-1-1,75,True,1,75,T,C,True,True,GC,,GAG,CTC,Glu,2
0p_90m,3,l11Sp,Homo_sapiens_tRNA-Glu-CTC-1-1,75,True,1,75,T,C,True,True,T,,GAG,CTC,Glu,1
0p_90m,3,l11Sp,Homo_sapiens_tRNA-Glu-CTC-1-1,75,True,1,75,T,C,True,True,TC,,GAG,CTC,Glu,1
0p_90m,3,l11Sp,Homo_sapiens_tRNA-Glu-CTC-1-1,75,True,1,75,T,C,True,True,TG,,GAG,CTC,Glu,1
0p_90m,3,l11Sp,Homo_sapiens_tRNA-Glu-CTC-1-1,75,True,1,75,T,C,True,True,TTT,,GAG,CTC,Glu,5
0p_90m,3,l11Sp,Homo_sapiens_tRNA-Glu-CTC-1-1,75,True,6,75,G,C,False,True,,,GAG,CTC,Glu,1
0p_90m,3,l11Sp,Homo_sapiens_tRNA-Glu-CTC-1-1,75,True,11,75,T,C,False,True,,,GAG,CTC,Glu,1
0p_90m,3,l11Sp,Homo_sapiens_tRNA-Glu-CTC-1-1,75,True,29,75,G,C,False,True,C,,GAG,CTC,Glu,1
0p_90m,3,l11Sp,Homo_sapiens_tRNA-Glu-CTC-1-1,75,True,33,75,T,C,False,True,,,GAG,CTC,Glu,1
0p_90m,3,l11Sp,Homo_sapiens_tRNA-Glu-CTC-1-1@Homo_sapiens_tRNA-Glu-TTC-14-1@Homo_sapiens_tRNA-Glu-TTC-4-1,75,False,46,75,G,C,False,True,,,GAG,CTC,Glu,2
0p_90m,3,l11Sp,Homo_sapiens_tRNA-Glu-CTC-1-1@Homo_sapiens_tRNA-Glu-TTC-14-1@Homo_sapiens_tRNA-Glu-TTC-4-1,75,False,49,75,C,C,False,True,AGCTGGGGATAT,,GAG,CTC,Glu,2
0p_90m,3,l11Sp,Homo_sapiens_tRNA-Glu-CTC-1-1@Homo_sapiens_tRNA-Glu-TTC-14-1@Homo_sapiens_tRNA-Glu-TTC-4-1,75,False,51,75,G,C,False,True,,,GAG,CTC,Glu,1
0p_90m,3,l11Sp,Homo_sapiens_tRNA-Glu-CTC-1-1@Homo_sapiens_tRNA-Glu-TTC-14-1@Homo_sapiens_tRNA-Glu-TTC-4-1,75,False,51,75,G,C,False,True,TT,,GAG,CTC,Glu,1
0p_90m,3,l11Sp,Homo_sapiens_tRNA-Glu-CTC-1-1@Homo_sapiens_tRNA-Glu-TTC-14-1@Homo_sapiens_tRNA-Glu-TTC-4-1,75,False,52,75,G,A,False,True,C,,GAG,CTC,Glu,1
0p_90m,3,l11Sp,Homo_sapiens_tRNA-Glu-CTC-1-1@Homo_sapiens_tRNA-Glu-TTC-14-1@Homo_sapiens_tRNA-Glu-TTC-4-1,75,False,52,75,G,C,False,True,T,,GAG,CTC,Glu,1
0p_90m,3,l11Sp,Homo_sapiens_tRNA-Glu-TTC-1-1,75,True,1,75,T,C,True,True,CC,,GAA,TTC,Glu,1
0p_90m,3,l11Sp,Homo_sapiens_tRNA-Glu-TTC-1-1,75,True,1,75,T,C,True,True,TTT,,GAA,TTC,Glu,1
0p_90m,3,l11Sp,Homo_sapiens_tRNA-Glu-TTC-1-1,75,True,34,75,T,C,False,True,,,GAA,TTC,Glu,1
0p_90m,3,l11Sp,Homo_sapiens_tRNA-Glu-TTC-1-1,75,True,35,75,T,C,False,True,AC,,GAA,TTC,Glu,1
0p_90m,3,l11Sp,Homo_sapiens_tRNA-Glu-TTC-1-1,75,True,35,75,T,C,False,True,C,,GAA,TTC,Glu,1
0p_90m,3,l11Sp,Homo_sapiens_tRNA-Glu-TTC-2-1,75,True,1,75,T,C,True,True,CCT,,GAA,TTC,Glu,1
0p_90m,3,l11Sp,Homo_sapiens_tRNA-Glu-TTC-2-1,75,True,1,75,T,C,True,True,CTT,,GAA,TTC,Glu,2
0p_90m,3,l11Sp,Homo_sapiens_tRNA-Glu-TTC-2-1,75,True,1,75,T,C,True,True,T,,GAA,TTC,Glu,1
0p_90m,3,l11Sp,Homo_sapiens_tRNA-Glu-TTC-2-1,75,True,1,75,T,C,True,True,TT,,GAA,TTC,Glu,2
0p_90m,3,l11Sp,Homo_sapiens_tRNA-Glu-TTC-2-1,75,True,1,75,T,C,True,True,TTT,,GAA,TTC,Glu,3
0p_90m,3,l11Sp,Homo_sapiens_tRNA-Glu-TTC-2-1,75,True,4,75,C,C,False,True,CTT,,GAA,TTC,Glu,1
0p_90m,3,l11Sp,Homo_sapiens_tRNA-Glu-TTC-2-1,75,True,21,75,A,C,False,True,TC,,GAA,TTC,Glu,1
0p_90m,3,l11Sp,Homo_sapiens_tRNA-Glu-TTC-2-1,75,True,34,75,T,C,False,True,,,GAA,TTC,Glu,1
0p_90m,3,l11Sp,Homo_sapiens_tRNA-Glu-TTC-2-1,75,True,44,75,C,C,False,True,CCT,,GAA,TTC,Glu,1
0p_90m,3,l11Sp,Homo_sapiens_tRNA-Glu-TTC-2-1,75,True,52,75,G,C,False,True,,,GAA,TTC,Glu,1
0p_90m,3,l11Sp,Homo_sapiens_tRNA-Gly-CCC-1-1,74,True,1,74,G,C,True,True,,,GGG,CCC,Gly,1
0p_90m,3,l11Sp,Homo_sapiens_tRNA-Gly-CCC-1-1,74,True,1,74,G,C,True,True,CTT,,GGG,CCC,Gly,1
0p_90m,3,l11Sp,Homo_sapiens_tRNA-Gly-CCC-1-1,74,True,1,74,G,C,True,True,TTC,,GGG,CCC,Gly,1
0p_90m,3,l11Sp,Homo_sapiens_tRNA-Gly-CCC-1-1,74,True,1,74,G,C,True,True,TTT,,GGG,CCC,Gly,2
0p_90m,3,l11Sp,Homo_sapiens_tRNA-Gly-CCC-1-1,74,True,39,74,C,C,False,True,C,,GGG,CCC,Gly,1
0p_90m,3,l11Sp,Homo_sapiens_tRNA-Gly-CCC-2-1,74,True,1,74,G,C,True,True,CT,,GGG,CCC,Gly,1
0p_90m,3,l11Sp,Homo_sapiens_tRNA-Gly-CCC-2-1,74,True,1,74,G,C,True,True,TTT,,GGG,CCC,Gly,1
0p_90m,3,l11Sp,Homo_sapiens_tRNA-Gly-CCC-2-1,74,True,18,74,G,C,False,True,TT,,GGG,CCC,Gly,1
0p_90m,3,l11Sp,Homo_sapiens_tRNA-Gly-CCC-2-1,74,True,19,74,T,C,False,True,TT,,GGG,CCC,Gly,2
0p_90m,3,l11Sp,Homo_sapiens_tRNA-Gly-CCC-2-1,74,True,24,74,T,C,False,True,TTTT,,GGG,CCC,Gly,1
0p_90m,3,l11Sp,Homo_sapiens_tRNA-Gly-CCC-2-1,74,True,32,74,T,C,False,True,,,GGG,CCC,Gly,1
0p_90m,3,l11Sp,Homo_sapiens_tRNA-Gly-GCC-1-1,74,True,1,74,G,C,True,True,TC,,GGC,GCC,Gly,2
0p_90m,3,l11Sp,Homo_sapiens_tRNA-Gly-GCC-1-1,74,True,1,74,G,C,True,True,TT,,GGC,GCC,Gly,1
0p_90m,3,l11Sp,Homo_sapiens_tRNA-Gly-GCC-1-1,74,True,1,74,G,C,True,True,TTT,,GGC,GCC,Gly,3
0p_90m,3,l11Sp,Homo_sapiens_tRNA-Gly-GCC-1-1,74,True,1,74,G,C,True,True,TTTTTT,,GGC,GCC,Gly,1
0p_90m,3,l11Sp,Homo_sapiens_tRNA-Gly-GCC-1-1,74,True,2,74,C,C,False,True,C,,GGC,GCC,Gly,1
0p_90m,3,l11Sp,Homo_sapiens_tRNA-Gly-GCC-1-1,74,True,26,74,C,C,False,True,CC,,GGC,GCC,Gly,1
0p_90m,3,l11Sp,Homo_sapiens_tRNA-Gly-GCC-2-1,74,True,1,74,G,C,True,True,AT,,GGC,GCC,Gly,1
0p_90m,3,l11Sp,Homo_sapiens_tRNA-Gly-GCC-2-1,74,True,1,74,G,C,True,True,CTT,,GGC,GCC,Gly,1
0p_90m,3,l11Sp,Homo_sapiens_tRNA-Gly-GCC-2-1,74,True,1,74,G,C,True,True,TC,,GGC,GCC,Gly,1
0p_90m,3,l11Sp,Homo_sapiens_tRNA-Gly-GCC-2-1,74,True,1,74,G,C,True,True,TCT,,GGC,GCC,Gly,1
0p_90m,3,l11Sp,Homo_sapiens_tRNA-Gly-GCC-2-1,74,True,1,74,G,C,True,True,TTT,,GGC,GCC,Gly,1
0p_90m,3,l11Sp,Homo_sapiens_tRNA-Gly-GCC-2-1,74,True,2,74,C,C,False,True,,,GGC,GCC,Gly,1
0p_90m,3,l11Sp,Homo_sapiens_tRNA-Gly-GCC-2-1,74,True,6,74,G,C,False,True,,,GGC,GCC,Gly,1
0p_90m,3,l11Sp,Homo_sapiens_tRNA-Gly-GCC-2-1,74,True,16,74,T,C,False,True,TAT,,GGC,GCC,Gly,1
0p_90m,3,l11Sp,Homo_sapiens_tRNA-Gly-GCC-2-1,74,True,19,74,T,C,False,True,TTT,,GGC,GCC,Gly,1
0p_90m,3,l11Sp,Homo_sapiens_tRNA-Gly-GCC-2-1,74,True,24,74,T,C,False,True,TT,,GGC,GCC,Gly,1
0p_90m,3,l11Sp,Homo_sapiens_tRNA-Gly-GCC-2-1,74,True,33,74,G,C,False,True,,,GGC,GCC,Gly,1
0p_90m,3,l11Sp,Homo_sapiens_tRNA-Gly-GCC-2-1@Homo_sapiens_tRNA-Gly-GCC-3-1,74,False,38,74,G,C,False,True,TTTTT,,GGC,GCC,Gly,1
0p_90m,3,l11Sp,Homo_sapiens_tRNA-Gly-TCC-1-1,75,True,1,75,G,C,True,True,ATT,,GGA,TCC,Gly,2
0p_90m,3,l11Sp,Homo_sapiens_tRNA-Gly-TCC-1-1,75,True,1,75,G,C,True,True,TTT,,GGA,TCC,Gly,3
0p_90m,3,l11Sp,Homo_sapiens_tRNA-Gly-TCC-1-1@Homo_sapiens_tRNA-Gly-TCC-2-1@Homo_sapiens_tRNA-Gly-TCC-3-1,75,False,23,75,C,C,False,True,,,GGA,TCC,Gly,1
0p_90m,3,l11Sp,Homo_sapiens_tRNA-Gly-TCC-1-1@Homo_sapiens_tRNA-Gly-TCC-2-1@Homo_sapiens_tRNA-Gly-TCC-3-1,75,False,25,75,T,C,False,True,T,,GGA,TCC,Gly,1
0p_90m,3,l11Sp,Homo_sapiens_tRNA-Gly-TCC-1-1@Homo_sapiens_tRNA-Gly-TCC-2-1@Homo_sapiens_tRNA-Gly-TCC-3-1,75,False,31,75,C,C,False,True,CCTC,,GGA,TCC,Gly,1
0p_90m,3,l11Sp,Homo_sapiens_tRNA-Gly-TCC-1-1@Homo_sapiens_tRNA-Gly-TCC-2-1@Homo_sapiens_tRNA-Gly-TCC-3-1,75,False,34,75,T,C,False,True,,,GGA,TCC,Gly,1
0p_90m,3,l11Sp,Homo_sapiens_tRNA-Gly-TCC-1-1@Homo_sapiens_tRNA-Gly-TCC-2-1@Homo_sapiens_tRNA-Gly-TCC-3-1,75,False,51,75,G,C,False,True,,,GGA,TCC,Gly,1
0p_90m,3,l11Sp,Homo_sapiens_tRNA-Gly-TCC-2-1,75,True,1,70,G,G,True,False,TCT,TTCC,GGA,TCC,Gly,1
0p_90m,3,l11Sp,Homo_sapiens_tRNA-Gly-TCC-2-1,75,True,1,75,G,C,True,True,A,,GGA,TCC,Gly,1
0p_90m,3,l11Sp,Homo_sapiens_tRNA-Gly-TCC-2-1,75,True,1,75,G,C,True,True,G,,GGA,TCC,Gly,1
0p_90m,3,l11Sp,Homo_sapiens_tRNA-Gly-TCC-2-1,75,True,1,75,G,C,True,True,GC,,GGA,TCC,Gly,1
0p_90m,3,l11Sp,Homo_sapiens_tRNA-Gly-TCC-2-1,75,True,1,75,G,C,True,True,T,,GGA,TCC,Gly,1
0p_90m,3,l11Sp,Homo_sapiens_tRNA-Gly-TCC-2-1,75,True,1,75,G,C,True,True,TA,,GGA,TCC,Gly,1
0p_90m,3,l11Sp,Homo_sapiens_tRNA-Gly-TCC-2-1,75,True,1,75,G,C,True,True,TC,,GGA,TCC,Gly,1
0p_90m,3,l11Sp,Homo_sapiens_tRNA-Gly-TCC-2-1,75,True,1,75,G,C,True,True,TCT,,GGA,TCC,Gly,1
0p_90m,3,l11Sp,Homo_sapiens_tRNA-Gly-TCC-2-1,75,True,1,75,G,C,True,True,TTT,,GGA,TCC,Gly,5
0p_90m,3,l11Sp,Homo_sapiens_tRNA-Gly-TCC-2-1,75,True,1,75,G,C,True,True,TTTTT,,GGA,TCC,Gly,1
0p_90m,3,l11Sp,Homo_sapiens_tRNA-Gly-TCC-2-1,75,True,7,75,G,C,False,True,TATGCGTT,,GGA,TCC,Gly,3
0p_90m,3,l11Sp,Homo_sapiens_tRNA-Gly-TCC-3-1,75,True,1,75,G,C,True,True,A,,GGA,TCC,Gly,1
0p_90m,3,l11Sp,Homo_sapiens_tRNA-Gly-TCC-3-1,75,True,1,75,G,C,True,True,T,,GGA,TCC,Gly,2
0p_90m,3,l11Sp,Homo_sapiens_tRNA-Gly-TCC-3-1,75,True,1,75,G,C,True,True,TT,,GGA,TCC,Gly,1
0p_90m,3,l11Sp,Homo_sapiens_tRNA-Gly-TCC-3-1,75,True,1,75,G,C,True,True,TTT,,GGA,TCC,Gly,2
0p_90m,3,l11Sp,Homo_sapiens_tRNA-Gly-TCC-3-1,75,True,1,75,G,C,True,True,TTTT,,GGA,TCC,Gly,1
0p_90m,3,l11Sp,Homo_sapiens_tRNA-Gly-TCC-3-1,75,True,4,75,T,C,False,True,CT,,GGA,TCC,Gly,1
0p_90m,3,l11Sp,Homo_sapiens_tRNA-His-GTG-1-1,75,True,1,75,G,C,True,True,CATG,,CAC,GTG,His,1
0p_90m,3,l11Sp,Homo_sapiens_tRNA-His-GTG-1-1,75,True,1,75,G,C,True,True,CCTG,,CAC,GTG,His,1
0p_90m,3,l11Sp,Homo_sapiens_tRNA-His-GTG-1-1,75,True,1,75,G,C,True,True,CTCG,,CAC,GTG,His,2
0p_90m,3,l11Sp,Homo_sapiens_tRNA-His-GTG-1-1,75,True,1,75,G,C,True,True,CTTTG,,CAC,GTG,His,1
0p_90m,3,l11Sp,Homo_sapiens_tRNA-His-GTG-1-1,75,True,1,75,G,C,True,True,TATG,,CAC,GTG,His,1
0p_90m,3,l11Sp,Homo_sapiens_tRNA-His-GTG-1-1,75,True,1,75,G,C,True,True,TCG,,CAC,GTG,His,1
0p_90m,3,l11Sp,Homo_sapiens_tRNA-His-GTG-1-1,75,True,1,75,G,C,True,True,TG,,CAC,GTG,His,1
0p_90m,3,l11Sp,Homo_sapiens_tRNA-His-GTG-1-1,75,True,1,75,G,C,True,True,TTCG,,CAC,GTG,His,1
0p_90m,3,l11Sp,Homo_sapiens_tRNA-His-GTG-1-1,75,True,1,75,G,C,True,True,TTT,,CAC,GTG,His,1
0p_90m,3,l11Sp,Homo_sapiens_tRNA-His-GTG-1-1,75,True,1,75,G,C,True,True,TTTG,,CAC,GTG,His,2
0p_90m,3,l11Sp,Homo_sapiens_tRNA-His-GTG-1-1,75,True,3,75,C,C,False,True,G,,CAC,GTG,His,1
0p_90m,3,l11Sp,Homo_sapiens_tRNA-His-GTG-1-1,75,True,6,75,G,C,False,True,,,CAC,GTG,His,1
0p_90m,3,l11Sp,Homo_sapiens_tRNA-His-GTG-1-1,75,True,15,75,G,C,False,True,TCGGCC,,CAC,GTG,His,1
0p_90m,3,l11Sp,Homo_sapiens_tRNA-His-GTG-1-1,75,True,16,75,T,C,False,True,TT,,CAC,GTG,His,1
0p_90m,3,l11Sp,Homo_sapiens_tRNA-His-GTG-1-1,75,True,22,75,G,C,False,True,TT,,CAC,GTG,His,1
0p_90m,3,l11Sp,Homo_sapiens_tRNA-His-GTG-1-1,75,True,36,75,G,C,False,True,,,CAC,GTG,His,2
0p_90m,3,l11Sp,Homo_sapiens_tRNA-His-GTG-1-1,75,True,38,75,C,C,False,True,,,CAC,GTG,His,4
0p_90m,3,l11Sp,Homo_sapiens_tRNA-His-GTG-1-1,75,True,41,75,C,C,False,True,,,CAC,GTG,His,2
0p_90m,3,l11Sp,Homo_sapiens_tRNA-Ile-AAT-2-1@Homo_sapiens_tRNA-Ile-AAT-3-1,77,False,32,77,G,C,False,True,A,,AUU,AAT,Ile,1
0p_90m,3,l11Sp,Homo_sapiens_tRNA-Ile-AAT-4-1,77,True,1,77,G,C,True,True,TTT,,AUU,AAT,Ile,1
0p_90m,3,l11Sp,Homo_sapiens_tRNA-Ile-AAT-4-1,77,True,36,77,A,C,False,True,TTTG,,AUU,AAT,Ile,1
0p_90m,3,l11Sp,Homo_sapiens_tRNA-Ile-AAT-5-1,77,True,1,77,G,C,True,True,,,AUU,AAT,Ile,2
0p_90m,3,l11Sp,Homo_sapiens_tRNA-Ile-AAT-5-1,77,True,1,77,G,C,True,True,G,,AUU,AAT,Ile,1
0p_90m,3,l11Sp,Homo_sapiens_tRNA-Ile-AAT-5-1,77,True,1,77,G,C,True,True,TC,,AUU,AAT,Ile,2
0p_90m,3,l11Sp,Homo_sapiens_tRNA-Ile-AAT-5-1,77,True,1,77,G,C,True,True,TT,,AUU,AAT,Ile,1
0p_90m,3,l11Sp,Homo_sapiens_tRNA-Ile-AAT-5-1,77,True,1,77,G,C,True,True,TTT,,AUU,AAT,Ile,2
0p_90m,3,l11Sp,Homo_sapiens_tRNA-Ile-AAT-5-1,77,True,1,77,G,C,True,True,TTTT,,AUU,AAT,Ile,1
0p_90m,3,l11Sp,Homo_sapiens_tRNA-Ile-AAT-5-1,77,True,11,77,C,C,False,True,,,AUU,AAT,Ile,1
0p_90m,3,l11Sp,Homo_sapiens_tRNA-Ile-AAT-5-1@Homo_sapiens_tRNA-Ile-AAT-7-1@Homo_sapiens_tRNA-Ile-AAT-8-1,77,False,28,77,T,C,False,True,,,AUU,AAT,Ile,3
0p_90m,3,l11Sp,Homo_sapiens_tRNA-Ile-AAT-5-1@Homo_sapiens_tRNA-Ile-AAT-7-1@Homo_sapiens_tRNA-Ile-AAT-8-1,77,False,28,77,T,C,False,True,CA,,AUU,AAT,Ile,1
0p_90m,3,l11Sp,Homo_sapiens_tRNA-Ile-AAT-5-1@Homo_sapiens_tRNA-Ile-AAT-7-1@Homo_sapiens_tRNA-Ile-AAT-8-1,77,False,28,77,T,C,False,True,GCA,,AUU,AAT,Ile,1
0p_90m,3,l11Sp,Homo_sapiens_tRNA-Ile-AAT-5-1@Homo_sapiens_tRNA-Ile-AAT-7-1@Homo_sapiens_tRNA-Ile-AAT-8-1,77,False,28,77,T,C,False,True,T,,AUU,AAT,Ile,1
0p_90m,3,l11Sp,Homo_sapiens_tRNA-Ile-AAT-5-1@Homo_sapiens_tRNA-Ile-AAT-7-1@Homo_sapiens_tRNA-Ile-AAT-8-1,77,False,36,77,A,C,False,True,TG,,AUU,AAT,Ile,2
0p_90m,3,l11Sp,Homo_sapiens_tRNA-Ile-AAT-5-1@Homo_sapiens_tRNA-Ile-AAT-7-1@Homo_sapiens_tRNA-Ile-AAT-8-1,77,False,36,77,A,C,False,True,TTG,,AUU,AAT,Ile,1
0p_90m,3,l11Sp,Homo_sapiens_tRNA-Ile-AAT-5-1@Homo_sapiens_tRNA-Ile-AAT-7-1@Homo_sapiens_tRNA-Ile-AAT-8-1,77,False,37,77,T,C,False,True,CT,,AUU,AAT,Ile,1
0p_90m,3,l11Sp,Homo_sapiens_tRNA-Ile-AAT-5-1@Homo_sapiens_tRNA-Ile-AAT-7-1@Homo_sapiens_tRNA-Ile-AAT-8-1,77,False,42,77,C,C,False,True,T,,AUU,AAT,Ile,1
0p_90m,3,l11Sp,Homo_sapiens_tRNA-Ile-AAT-5-1@Homo_sapiens_tRNA-Ile-AAT-7-1@Homo_sapiens_tRNA-Ile-AAT-8-1,77,False,48,77,T,C,False,True,TT,,AUU,AAT,Ile,1
0p_90m,3,l11Sp,Homo_sapiens_tRNA-Ile-AAT-6-1,77,True,1,77,G,C,True,True,CCTT,,AUU,AAT,Ile,1
0p_90m,3,l11Sp,Homo_sapiens_tRNA-Ile-AAT-6-1,77,True,1,77,G,C,True,True,G,,AUU,AAT,Ile,1
0p_90m,3,l11Sp,Homo_sapiens_tRNA-Ile-AAT-6-1,77,True,1,77,G,C,True,True,GTTT,,AUU,AAT,Ile,1
0p_90m,3,l11Sp,Homo_sapiens_tRNA-Ile-AAT-6-1,77,True,1,77,G,C,True,True,TTT,,AUU,AAT,Ile,2
0p_90m,3,l11Sp,Homo_sapiens_tRNA-Ile-AAT-6-1,77,True,2,77,G,C,False,True,T,,AUU,AAT,Ile,1
0p_90m,3,l11Sp,Homo_sapiens_tRNA-Ile-AAT-6-1,77,True,28,77,T,C,False,True,,,AUU,AAT,Ile,2
0p_90m,3,l11Sp,Homo_sapiens_tRNA-Ile-AAT-7-1,77,True,1,77,G,C,True,True,TTT,,AUU,AAT,Ile,1
0p_90m,3,l11Sp,Homo_sapiens_tRNA-Ile-TAT-1-1@Homo_sapiens_tRNA-Ile-TAT-2-1,77,False,35,77,T,C,False,True,,,AUA,TAT,Ile,1
0p_90m,3,l11Sp,Homo_sapiens_tRNA-Ile-TAT-2-1,77,True,1,77,G,C,True,True,ATTTT,,AUA,TAT,Ile,1
0p_90m,3,l11Sp,Homo_sapiens_tRNA-Ile-TAT-2-1,77,True,1,77,G,C,True,True,TTTC,,AUA,TAT,Ile,1
0p_90m,3,l11Sp,Homo_sapiens_tRNA-Ile-TAT-2-1,77,True,33,77,C,C,False,True,,,AUA,TAT,Ile,2
0p_90m,3,l11Sp,Homo_sapiens_tRNA-Ile-TAT-2-1,77,True,35,77,T,C,False,True,,,AUA,TAT,Ile,1
0p_90m,3,l11Sp,Homo_sapiens_tRNA-Ile-TAT-2-1,77,True,48,77,T,C,False,True,T,,AUA,TAT,Ile,1
0p_90m,3,l11Sp,Homo_sapiens_tRNA-Leu-AAG-1-1@Homo_sapiens_tRNA-Leu-TAG-1-1,85,False,36,85,A,C,False,True,AAGAGACTGGAGCCTCAAGAGACTTG,,CUU,AAG,Leu,1
0p_90m,3,l11Sp,Homo_sapiens_tRNA-Leu-AAG-1-1@Homo_sapiens_tRNA-Leu-TAG-1-1,85,False,36,85,A,C,False,True,G,,CUU,AAG,Leu,1
0p_90m,3,l11Sp,Homo_sapiens_tRNA-Leu-AAG-1-1@Homo_sapiens_tRNA-Leu-TAG-1-1,85,False,39,85,C,C,False,True,,,CUU,AAG,Leu,1
0p_90m,3,l11Sp,Homo_sapiens_tRNA-Leu-AAG-2-1,85,True,1,85,G,C,True,True,CTT,,CUU,AAG,Leu,1
0p_90m,3,l11Sp,Homo_sapiens_tRNA-Leu-AAG-2-1,85,True,11,85,C,C,False,True,T,,CUU,AAG,Leu,1
0p_90m,3,l11Sp,Homo_sapiens_tRNA-Leu-AAG-2-1,85,True,39,85,C,C,False,True,CT,,CUU,AAG,Leu,1
0p_90m,3,l11Sp,Homo_sapiens_tRNA-Leu-AAG-2-1,85,True,39,85,C,C,False,True,TT,,CUU,AAG,Leu,1
0p_90m,3,l11Sp,Homo_sapiens_tRNA-Leu-AAG-2-1,85,True,40,85,T,C,False,True,,,CUU,AAG,Leu,1
0p_90m,3,l11Sp,Homo_sapiens_tRNA-Leu-AAG-3-1,85,True,1,85,G,C,True,True,C,,CUU,AAG,Leu,1
0p_90m,3,l11Sp,Homo_sapiens_tRNA-Leu-CAA-1-1,86,True,19,86,T,C,False,True,TT,,UUG,CAA,Leu,1
0p_90m,3,l11Sp,Homo_sapiens_tRNA-Leu-CAA-2-1,87,True,1,87,G,C,True,True,GTT,,UUG,CAA,Leu,1
0p_90m,3,l11Sp,Homo_sapiens_tRNA-Leu-CAA-2-1,87,True,39,87,T,C,False,True,A,,UUG,CAA,Leu,1
0p_90m,3,l11Sp,Homo_sapiens_tRNA-Leu-CAA-3-1,87,True,51,87,C,C,False,True,TT,,UUG,CAA,Leu,1
0p_90m,3,l11Sp,Homo_sapiens_tRNA-Leu-CAA-4-1,87,True,39,87,T,C,False,True,T,,UUG,CAA,Leu,1
0p_90m,3,l11Sp,Homo_sapiens_tRNA-Leu-CAG-1-1,86,True,1,86,G,C,True,True,CTT,,CUG,CAG,Leu,1
0p_90m,3,l11Sp,Homo_sapiens_tRNA-Leu-CAG-1-1,86,True,1,86,G,C,True,True,TTT,,CUG,CAG,Leu,1
0p_90m,3,l11Sp,Homo_sapiens_tRNA-Leu-CAG-1-1,86,True,6,86,G,C,False,True,TTTTC,,CUG,CAG,Leu,1
0p_90m,3,l11Sp,Homo_sapiens_tRNA-Leu-CAG-1-1,86,True,8,86,T,C,False,True,TC,,CUG,CAG,Leu,1
0p_90m,3,l11Sp,Homo_sapiens_tRNA-Leu-CAG-1-1,86,True,14,86,A,C,False,True,,,CUG,CAG,Leu,1
0p_90m,3,l11Sp,Homo_sapiens_tRNA-Leu-CAG-1-1,86,True,31,86,C,C,False,True,CT,,CUG,CAG,Leu,1
0p_90m,3,l11Sp,Homo_sapiens_tRNA-Leu-CAG-1-1,86,True,45,86,T,C,False,True,,,CUG,CAG,Leu,1
0p_90m,3,l11Sp,Homo_sapiens_tRNA-Leu-CAG-2-1,86,True,32,86,G,C,False,True,,,CUG,CAG,Leu,1
0p_90m,3,l11Sp,Homo_sapiens_tRNA-Leu-CAG-2-1,86,True,39,86,T,C,False,True,TTTT,,CUG,CAG,Leu,1
0p_90m,3,l11Sp,Homo_sapiens_tRNA-Leu-TAA-1-1,86,True,1,86,A,C,True,True,TT,,UUA,TAA,Leu,1
0p_90m,3,l11Sp,Homo_sapiens_tRNA-Leu-TAA-1-1,86,True,27,86,T,C,False,True,CT,,UUA,TAA,Leu,1
0p_90m,3,l11Sp,Homo_sapiens_tRNA-Leu-TAA-1-1,86,True,38,86,A,C,False,True,,,UUA,TAA,Leu,1
0p_90m,3,l11Sp,Homo_sapiens_tRNA-Leu-TAA-1-1,86,True,64,86,T,C,False,True,T,,UUA,TAA,Leu,1
0p_90m,3,l11Sp,Homo_sapiens_tRNA-Leu-TAA-3-1,86,True,1,86,A,C,True,True,TTT,,UUA,TAA,Leu,1
0p_90m,3,l11Sp,Homo_sapiens_tRNA-Leu-TAG-1-1,85,True,28,85,C,C,False,True,,,CUA,TAG,Leu,1
0p_90m,3,l11Sp,Homo_sapiens_tRNA-Leu-TAG-1-1,85,True,28,85,C,C,False,True,TT,,CUA,TAG,Leu,1
0p_90m,3,l11Sp,Homo_sapiens_tRNA-Leu-TAG-1-1,85,True,33,85,T,C,False,True,,,CUA,TAG,Leu,1
0p_90m,3,l11Sp,Homo_sapiens_tRNA-Leu-TAG-2-1,85,True,4,85,A,C,False,True,,,CUA,TAG,Leu,1
0p_90m,3,l11Sp,Homo_sapiens_tRNA-Leu-TAG-2-1,85,True,28,85,C,C,False,True,,,CUA,TAG,Leu,1
0p_90m,3,l11Sp,Homo_sapiens_tRNA-Leu-TAG-2-1,85,True,39,85,C,C,False,True,,,CUA,TAG,Leu,3
0p_90m,3,l11Sp,Homo_sapiens_tRNA-Leu-TAG-3-1,85,True,16,85,T,C,False,True,A,,CUA,TAG,Leu,1
0p_90m,3,l11Sp,Homo_sapiens_tRNA-Leu-TAG-3-1,85,True,28,85,C,C,False,True,TTTGCC,,CUA,TAG,Leu,2
0p_90m,3,l11Sp,Homo_sapiens_tRNA-Leu-TAG-3-1,85,True,39,85,C,C,False,True,,,CUA,TAG,Leu,1
0p_90m,3,l11Sp,Homo_sapiens_tRNA-Leu-TAG-3-1,85,True,47,85,A,C,False,True,,,CUA,TAG,Leu,1
0p_90m,3,l11Sp,Homo_sapiens_tRNA-Lys-CTT-1-1,76,True,1,76,G,C,True,True,T,,AAG,CTT,Lys,1
0p_90m,3,l11Sp,Homo_sapiens_tRNA-Lys-CTT-1-1,76,True,1,76,G,C,True,True,TT,,AAG,CTT,Lys,1
0p_90m,3,l11Sp,Homo_sapiens_tRNA-Lys-CTT-1-1,76,True,1,76,G,C,True,True,TTT,,AAG,CTT,Lys,1
0p_90m,3,l11Sp,Homo_sapiens_tRNA-Lys-CTT-1-1,76,True,4,76,C,C,False,True,TT,,AAG,CTT,Lys,1
0p_90m,3,l11Sp,Homo_sapiens_tRNA-Lys-CTT-1-1,76,True,10,76,G,C,False,True,TTC,,AAG,CTT,Lys,1
0p_90m,3,l11Sp,Homo_sapiens_tRNA-Lys-CTT-1-1,76,True,20,76,T,C,False,True,,,AAG,CTT,Lys,1
0p_90m,3,l11Sp,Homo_sapiens_tRNA-Lys-CTT-1-1,76,True,20,76,T,C,False,True,TTT,,AAG,CTT,Lys,2
0p_90m,3,l11Sp,Homo_sapiens_tRNA-Lys-CTT-1-1,76,True,25,76,C,C,False,True,,,AAG,CTT,Lys,1
0p_90m,3,l11Sp,Homo_sapiens_tRNA-Lys-CTT-1-1,76,True,38,76,A,C,False,True,TTT,,AAG,CTT,Lys,1
0p_90m,3,l11Sp,Homo_sapiens_tRNA-Lys-CTT-1-1,76,True,41,76,C,C,False,True,TT,,AAG,CTT,Lys,1
0p_90m,3,l11Sp,Homo_sapiens_tRNA-Lys-CTT-2-1,76,True,1,76,G,C,True,True,GT,,AAG,CTT,Lys,2
0p_90m,3,l11Sp,Homo_sapiens_tRNA-Lys-CTT-2-1,76,True,1,76,G,C,True,True,T,,AAG,CTT,Lys,1
0p_90m,3,l11Sp,Homo_sapiens_tRNA-Lys-CTT-2-1,76,True,1,76,G,C,True,True,TT,,AAG,CTT,Lys,1
0p_90m,3,l11Sp,Homo_sapiens_tRNA-Lys-CTT-2-1,76,True,1,76,G,C,True,True,TTC,,AAG,CTT,Lys,1
0p_90m,3,l11Sp,Homo_sapiens_tRNA-Lys-CTT-2-1,76,True,1,76,G,C,True,True,TTT,,AAG,CTT,Lys,2
0p_90m,3,l11Sp,Homo_sapiens_tRNA-Lys-CTT-2-1,76,True,2,76,C,C,False,True,C,,AAG,CTT,Lys,1
0p_90m,3,l11Sp,Homo_sapiens_tRNA-Lys-CTT-2-1,76,True,2,76,C,C,False,True,TTT,,AAG,CTT,Lys,1
0p_90m,3,l11Sp,Homo_sapiens_tRNA-Lys-CTT-2-1,76,True,16,76,T,C,False,True,TTT,,AAG,CTT,Lys,1
0p_90m,3,l11Sp,Homo_sapiens_tRNA-Lys-CTT-2-1@Homo_sapiens_tRNA-Lys-CTT-3-1@Homo_sapiens_tRNA-Lys-CTT-4-1,76,False,44,76,G,C,False,True,TTTTTT,,AAG,CTT,Lys,1
0p_90m,3,l11Sp,Homo_sapiens_tRNA-Lys-CTT-2-1@Homo_sapiens_tRNA-Lys-CTT-3-1@Homo_sapiens_tRNA-Lys-CTT-4-1,76,False,46,76,G,C,False,True,,,AAG,CTT,Lys,1
0p_90m,3,l11Sp,Homo_sapiens_tRNA-Lys-CTT-2-1@Homo_sapiens_tRNA-Lys-CTT-3-1@Homo_sapiens_tRNA-Lys-CTT-4-1,76,False,47,76,T,C,False,True,,,AAG,CTT,Lys,1
0p_90m,3,l11Sp,Homo_sapiens_tRNA-Lys-CTT-2-1@Homo_sapiens_tRNA-Lys-CTT-3-1@Homo_sapiens_tRNA-Lys-CTT-4-1,76,False,47,76,T,C,False,True,T,,AAG,CTT,Lys,1
0p_90m,3,l11Sp,Homo_sapiens_tRNA-Lys-CTT-2-1@Homo_sapiens_tRNA-Lys-CTT-3-1@Homo_sapiens_tRNA-Lys-CTT-4-1,76,False,47,76,T,C,False,True,TT,,AAG,CTT,Lys,1
0p_90m,3,l11Sp,Homo_sapiens_tRNA-Lys-CTT-2-1@Homo_sapiens_tRNA-Lys-CTT-4-1,76,False,31,76,A,C,False,True,T,,AAG,CTT,Lys,1
0p_90m,3,l11Sp,Homo_sapiens_tRNA-Lys-TTT-2-1,76,True,1,76,G,C,True,True,TTT,,AAA,TTT,Lys,1
0p_90m,3,l11Sp,Homo_sapiens_tRNA-Lys-TTT-2-1@Homo_sapiens_tRNA-Lys-TTT-4-1,76,False,35,76,T,C,False,True,,,AAA,TTT,Lys,1
0p_90m,3,l11Sp,Homo_sapiens_tRNA-Lys-TTT-2-1@Homo_sapiens_tRNA-Lys-TTT-4-1,76,False,38,76,A,C,False,True,,,AAA,TTT,Lys,2
0p_90m,3,l11Sp,Homo_sapiens_tRNA-Lys-TTT-2-1@Homo_sapiens_tRNA-Lys-TTT-4-1,76,False,38,76,A,C,False,True,TT,,AAA,TTT,Lys,1
0p_90m,3,l11Sp,Homo_sapiens_tRNA-Lys-TTT-2-1@Homo_sapiens_tRNA-Lys-TTT-4-1,76,False,40,76,C,C,False,True,,,AAA,TTT,Lys,1
0p_90m,3,l11Sp,Homo_sapiens_tRNA-Lys-TTT-2-1@Homo_sapiens_tRNA-Lys-TTT-4-1,76,False,45,76,G,C,False,True,,,AAA,TTT,Lys,1
0p_90m,3,l11Sp,Homo_sapiens_tRNA-Lys-TTT-3-1,76,True,1,76,G,C,True,True,TC,,AAA,TTT,Lys,1
0p_90m,3,l11Sp,Homo_sapiens_tRNA-Lys-TTT-3-1,76,True,1,76,G,C,True,True,TTC,,AAA,TTT,Lys,2
0p_90m,3,l11Sp,Homo_sapiens_tRNA-Lys-TTT-3-1,76,True,1,76,G,C,True,True,TTT,,AAA,TTT,Lys,1
0p_90m,3,l11Sp,Homo_sapiens_tRNA-Lys-TTT-3-1,76,True,19,76,G,C,False,True,TCT,,AAA,TTT,Lys,1
0p_90m,3,l11Sp,Homo_sapiens_tRNA-Lys-TTT-3-1,76,True,34,76,T,C,False,True,,,AAA,TTT,Lys,1
0p_90m,3,l11Sp,Homo_sapiens_tRNA-Lys-TTT-3-1,76,True,35,76,T,C,False,True,,,AAA,TTT,Lys,2
0p_90m,3,l11Sp,Homo_sapiens_tRNA-Lys-TTT-3-1,76,True,35,76,T,C,False,True,C,,AAA,TTT,Lys,2
0p_90m,3,l11Sp,Homo_sapiens_tRNA-Lys-TTT-3-1,76,True,38,76,A,C,False,True,,,AAA,TTT,Lys,9
0p_90m,3,l11Sp,Homo_sapiens_tRNA-Lys-TTT-3-1,76,True,47,76,T,C,False,True,,,AAA,TTT,Lys,1
0p_90m,3,l11Sp,Homo_sapiens_tRNA-Lys-TTT-4-1,76,True,1,76,G,C,True,True,CTT,,AAA,TTT,Lys,1
0p_90m,3,l11Sp,Homo_sapiens_tRNA-Lys-TTT-6-1,76,True,38,72,A,C,False,False,,TCC,AAA,TTT,Lys,1
0p_90m,3,l11Sp,Homo_sapiens_tRNA-Met-CAT-1-1,76,True,1,76,G,C,True,True,TTT,,AUG,CAT,Met,1
0p_90m,3,l11Sp,Homo_sapiens_tRNA-Met-CAT-1-1@Homo_sapiens_tRNA-Met-CAT-6-1,76,False,38,76,A,C,False,True,CTTTT,,AUG,CAT,Met,1
0p_90m,3,l11Sp,Homo_sapiens_tRNA-Met-CAT-2-1@Homo_sapiens_tRNA-Met-CAT-4-1,76,False,21,76,A,C,False,True,GG,,AUG,CAT,Met,1
0p_90m,3,l11Sp,Homo_sapiens_tRNA-Met-CAT-2-1@Homo_sapiens_tRNA-Met-CAT-4-1,76,False,27,76,T,C,False,True,CC,,AUG,CAT,Met,1
0p_90m,3,l11Sp,Homo_sapiens_tRNA-Met-CAT-2-1@Homo_sapiens_tRNA-Met-CAT-4-1,76,False,27,76,T,C,False,True,CT,,AUG,CAT,Met,1
0p_90m,3,l11Sp,Homo_sapiens_tRNA-Met-CAT-2-1@Homo_sapiens_tRNA-Met-CAT-4-1,76,False,27,76,T,C,False,True,TC,,AUG,CAT,Met,1
0p_90m,3,l11Sp,Homo_sapiens_tRNA-Met-CAT-2-1@Homo_sapiens_tRNA-Met-CAT-4-1,76,False,34,76,C,C,False,True,,,AUG,CAT,Met,1
0p_90m,3,l11Sp,Homo_sapiens_tRNA-Met-CAT-2-1@Homo_sapiens_tRNA-Met-CAT-4-1,76,False,41,76,T,C,False,True,TT,,AUG,CAT,Met,1
0p_90m,3,l11Sp,Homo_sapiens_tRNA-Met-CAT-2-1@Homo_sapiens_tRNA-Met-CAT-4-1,76,False,43,76,A,C,False,True,CATAATC,,AUG,CAT,Met,1
0p_90m,3,l11Sp,Homo_sapiens_tRNA-Met-CAT-2-1@Homo_sapiens_tRNA-Met-CAT-4-1,76,False,45,76,G,C,False,True,TTT,,AUG,CAT,Met,1
0p_90m,3,l11Sp,Homo_sapiens_tRNA-Met-CAT-3-1,76,True,1,76,G,C,True,True,TC,,AUG,CAT,Met,1
0p_90m,3,l11Sp,Homo_sapiens_tRNA-Met-CAT-3-1,76,True,1,76,G,C,True,True,TTC,,AUG,CAT,Met,1
0p_90m,3,l11Sp,Homo_sapiens_tRNA-Met-CAT-3-1,76,True,8,76,T,C,False,True,,,AUG,CAT,Met,1
0p_90m,3,l11Sp,Homo_sapiens_tRNA-Met-CAT-3-1,76,True,27,76,T,C,False,True,,,AUG,CAT,Met,1
0p_90m,3,l11Sp,Homo_sapiens_tRNA-Met-CAT-3-1,76,True,36,76,T,C,False,True,,,AUG,CAT,Met,2
0p_90m,3,l11Sp,Homo_sapiens_tRNA-Met-CAT-4-1,76,True,1,76,G,C,True,True,C,,AUG,CAT,Met,1
0p_90m,3,l11Sp,Homo_sapiens_tRNA-Met-CAT-4-1,76,True,1,76,G,C,True,True,CG,,AUG,CAT,Met,2
0p_90m,3,l11Sp,Homo_sapiens_tRNA-Met-CAT-4-1,76,True,1,76,G,C,True,True,TTC,,AUG,CAT,Met,2
0p_90m,3,l11Sp,Homo_sapiens_tRNA-Met-CAT-4-1,76,True,1,76,G,C,True,True,TTT,,AUG,CAT,Met,2
0p_90m,3,l11Sp,Homo_sapiens_tRNA-Met-CAT-6-1,76,True,1,76,G,C,True,True,CTT,,AUG,CAT,Met,1
0p_90m,3,l11Sp,Homo_sapiens_tRNA-Met-CAT-6-1,76,True,1,76,G,C,True,True,TTT,,AUG,CAT,Met,1
0p_90m,3,l11Sp,Homo_sapiens_tRNA-Phe-GAA-1-1,76,True,1,76,G,C,True,True,TT,,UUC,GAA,Phe,1
0p_90m,3,l11Sp,Homo_sapiens_tRNA-Phe-GAA-1-1,76,True,1,76,G,C,True,True,TTT,,UUC,GAA,Phe,1
0p_90m,3,l11Sp,Homo_sapiens_tRNA-Phe-GAA-1-1,76,True,2,76,C,C,False,True,,,UUC,GAA,Phe,1
0p_90m,3,l11Sp,Homo_sapiens_tRNA-Phe-GAA-1-1,76,True,27,71,T,G,False,False,GTTGTGAGACC,TCACC,UUC,GAA,Phe,1
0p_90m,3,l11Sp,Homo_sapiens_tRNA-Phe-GAA-1-1,76,True,27,76,T,C,False,True,,,UUC,GAA,Phe,1
0p_90m,3,l11Sp,Homo_sapiens_tRNA-Phe-GAA-1-1,76,True,27,76,T,C,False,True,CT,,UUC,GAA,Phe,1
0p_90m,3,l11Sp,Homo_sapiens_tRNA-Phe-GAA-1-1,76,True,27,76,T,C,False,True,T,,UUC,GAA,Phe,1
0p_90m,3,l11Sp,Homo_sapiens_tRNA-Phe-GAA-1-1,76,True,33,76,T,C,False,True,,,UUC,GAA,Phe,1
0p_90m,3,l11Sp,Homo_sapiens_tRNA-Phe-GAA-1-1,76,True,38,76,A,C,False,True,,,UUC,GAA,Phe,9
0p_90m,3,l11Sp,Homo_sapiens_tRNA-Phe-GAA-1-1,76,True,38,76,A,C,False,True,AAT,,UUC,GAA,Phe,1
0p_90m,3,l11Sp,Homo_sapiens_tRNA-Phe-GAA-1-1,76,True,38,76,A,C,False,True,TTA,,UUC,GAA,Phe,1
0p_90m,3,l11Sp,Homo_sapiens_tRNA-Phe-GAA-1-1,76,True,39,76,T,C,False,True,,,UUC,GAA,Phe,1
0p_90m,3,l11Sp,Homo_sapiens_tRNA-Phe-GAA-1-1,76,True,47,76,T,C,False,True,,,UUC,GAA,Phe,1
0p_90m,3,l11Sp,Homo_sapiens_tRNA-Phe-GAA-1-1,76,True,52,76,G,C,False,True,,,UUC,GAA,Phe,1
0p_90m,3,l11Sp,Homo_sapiens_tRNA-Phe-GAA-2-1,76,True,1,76,G,C,True,True,TTT,,UUC,GAA,Phe,1
0p_90m,3,l11Sp,Homo_sapiens_tRNA-Phe-GAA-2-1@Homo_sapiens_tRNA-Phe-GAA-3-1,76,False,15,76,G,C,False,True,,,UUC,GAA,Phe,1
0p_90m,3,l11Sp,Homo_sapiens_tRNA-Phe-GAA-2-1@Homo_sapiens_tRNA-Phe-GAA-3-1,76,False,31,76,A,C,False,True,T,,UUC,GAA,Phe,1
0p_90m,3,l11Sp,Homo_sapiens_tRNA-Phe-GAA-2-1@Homo_sapiens_tRNA-Phe-GAA-3-1,76,False,38,76,A,C,False,True,T,,UUC,GAA,Phe,1
0p_90m,3,l11Sp,Homo_sapiens_tRNA-Phe-GAA-3-1,76,True,1,76,G,C,True,True,TA,,UUC,GAA,Phe,1
0p_90m,3,l11Sp,Homo_sapiens_tRNA-Pro-AGG-1-1,75,True,7,75,T,C,False,True,,,CCU,AGG,Pro,1
0p_90m,3,l11Sp,Homo_sapiens_tRNA-Pro-AGG-2-1@Homo_sapiens_tRNA-Pro-CGG-1-1@Homo_sapiens_tRNA-Pro-TGG-3-1,75,False,1,75,G,C,True,True,AC,,CCU,AGG,Pro,2
0p_90m,3,l11Sp,Homo_sapiens_tRNA-Pro-AGG-2-1@Homo_sapiens_tRNA-Pro-CGG-1-1@Homo_sapiens_tRNA-Pro-TGG-3-1,75,False,1,75,G,C,True,True,T,,CCU,AGG,Pro,1
0p_90m,3,l11Sp,Homo_sapiens_tRNA-Pro-AGG-2-1@Homo_sapiens_tRNA-Pro-CGG-1-1@Homo_sapiens_tRNA-Pro-TGG-3-1,75,False,1,75,G,C,True,True,TC,,CCU,AGG,Pro,1
0p_90m,3,l11Sp,Homo_sapiens_tRNA-Pro-AGG-2-1@Homo_sapiens_tRNA-Pro-CGG-1-1@Homo_sapiens_tRNA-Pro-TGG-3-1,75,False,1,75,G,C,True,True,TCG,,CCU,AGG,Pro,1
0p_90m,3,l11Sp,Homo_sapiens_tRNA-Pro-AGG-2-1@Homo_sapiens_tRNA-Pro-CGG-1-1@Homo_sapiens_tRNA-Pro-TGG-3-1,75,False,1,75,G,C,True,True,TCT,,CCU,AGG,Pro,1
0p_90m,3,l11Sp,Homo_sapiens_tRNA-Pro-AGG-2-1@Homo_sapiens_tRNA-Pro-CGG-1-1@Homo_sapiens_tRNA-Pro-TGG-3-1,75,False,1,75,G,C,True,True,TT,,CCU,AGG,Pro,1
0p_90m,3,l11Sp,Homo_sapiens_tRNA-Pro-AGG-2-1@Homo_sapiens_tRNA-Pro-CGG-1-1@Homo_sapiens_tRNA-Pro-TGG-3-1,75,False,1,75,G,C,True,True,TTT,,CCU,AGG,Pro,2
0p_90m,3,l11Sp,Homo_sapiens_tRNA-Pro-AGG-2-1@Homo_sapiens_tRNA-Pro-CGG-1-1@Homo_sapiens_tRNA-Pro-TGG-3-1,75,False,4,75,T,C,False,True,,,CCU,AGG,Pro,2
0p_90m,3,l11Sp,Homo_sapiens_tRNA-Pro-AGG-2-1@Homo_sapiens_tRNA-Pro-CGG-1-1@Homo_sapiens_tRNA-Pro-TGG-3-1,75,False,7,75,T,C,False,True,CT,,CCU,AGG,Pro,1
0p_90m,3,l11Sp,Homo_sapiens_tRNA-Pro-AGG-2-1@Homo_sapiens_tRNA-Pro-CGG-1-1@Homo_sapiens_tRNA-Pro-TGG-3-1,75,False,10,75,G,C,False,True,CCTTT,,CCU,AGG,Pro,1
0p_90m,3,l11Sp,Homo_sapiens_tRNA-Pro-AGG-2-1@Homo_sapiens_tRNA-Pro-CGG-1-1@Homo_sapiens_tRNA-Pro-TGG-3-1,75,False,10,75,G,C,False,True,TTT,,CCU,AGG,Pro,1
0p_90m,3,l11Sp,Homo_sapiens_tRNA-Pro-AGG-2-1@Homo_sapiens_tRNA-Pro-CGG-1-1@Homo_sapiens_tRNA-Pro-TGG-3-1,75,False,11,75,T,C,False,True,T,,CCU,AGG,Pro,1
0p_90m,3,l11Sp,Homo_sapiens_tRNA-Pro-AGG-2-1@Homo_sapiens_tRNA-Pro-CGG-1-1@Homo_sapiens_tRNA-Pro-TGG-3-1,75,False,14,75,A,C,False,True,TTG,,CCU,AGG,Pro,1
0p_90m,3,l11Sp,Homo_sapiens_tRNA-Pro-CGG-1-1,75,True,1,75,G,C,True,True,CT,,CCG,CGG,Pro,1
0p_90m,3,l11Sp,Homo_sapiens_tRNA-Pro-CGG-1-1,75,True,1,75,G,C,True,True,TC,,CCG,CGG,Pro,1
0p_90m,3,l11Sp,Homo_sapiens_tRNA-Pro-CGG-1-1,75,True,1,75,G,C,True,True,TTT,,CCG,CGG,Pro,1
0p_90m,3,l11Sp,Homo_sapiens_tRNA-Pro-CGG-1-1,75,True,10,75,G,C,False,True,TTC,,CCG,CGG,Pro,1
0p_90m,3,l11Sp,Homo_sapiens_tRNA-Pro-CGG-1-1,75,True,27,75,T,C,False,True,,,CCG,CGG,Pro,1
0p_90m,3,l11Sp,Homo_sapiens_tRNA-Pro-CGG-1-1@Homo_sapiens_tRNA-Pro-TGG-1-1@Homo_sapiens_tRNA-Pro-TGG-3-1,75,False,1,75,G,C,True,True,TTTTC,,CCG,CGG,Pro,1
0p_90m,3,l11Sp,Homo_sapiens_tRNA-Pro-CGG-1-1@Homo_sapiens_tRNA-Pro-TGG-1-1@Homo_sapiens_tRNA-Pro-TGG-3-1,75,False,19,75,T,C,False,True,T,,CCG,CGG,Pro,3
0p_90m,3,l11Sp,Homo_sapiens_tRNA-Pro-CGG-1-1@Homo_sapiens_tRNA-Pro-TGG-1-1@Homo_sapiens_tRNA-Pro-TGG-3-1,75,False,22,75,G,C,False,True,G,,CCG,CGG,Pro,1
0p_90m,3,l11Sp,Homo_sapiens_tRNA-Pro-CGG-1-1@Homo_sapiens_tRNA-Pro-TGG-1-1@Homo_sapiens_tRNA-Pro-TGG-3-1,75,False,24,75,T,C,False,True,TT,,CCG,CGG,Pro,1
0p_90m,3,l11Sp,Homo_sapiens_tRNA-Pro-CGG-1-1@Homo_sapiens_tRNA-Pro-TGG-1-1@Homo_sapiens_tRNA-Pro-TGG-3-1,75,False,37,75,T,C,False,True,TTTGGGC,,CCG,CGG,Pro,1
0p_90m,3,l11Sp,Homo_sapiens_tRNA-Pro-CGG-1-1@Homo_sapiens_tRNA-Pro-TGG-1-1@Homo_sapiens_tRNA-Pro-TGG-3-1,75,False,38,75,G,C,False,True,,,CCG,CGG,Pro,1
0p_90m,3,l11Sp,Homo_sapiens_tRNA-Pro-CGG-1-1@Homo_sapiens_tRNA-Pro-TGG-1-1@Homo_sapiens_tRNA-Pro-TGG-3-1,75,False,38,75,G,C,False,True,GGTTATC,,CCG,CGG,Pro,1
0p_90m,3,l11Sp,Homo_sapiens_tRNA-Pro-CGG-2-1,75,True,1,75,G,C,True,True,CTT,,CCG,CGG,Pro,1
0p_90m,3,l11Sp,Homo_sapiens_tRNA-Pro-CGG-2-1,75,True,1,75,G,C,True,True,TTT,,CCG,CGG,Pro,1
0p_90m,3,l11Sp,Homo_sapiens_tRNA-Pro-CGG-2-1,75,True,1,75,G,C,True,True,TTTTT,,CCG,CGG,Pro,1
0p_90m,3,l11Sp,Homo_sapiens_tRNA-Pro-CGG-2-1,75,True,10,75,G,C,False,True,,,CCG,CGG,Pro,1
0p_90m,3,l11Sp,Homo_sapiens_tRNA-Pro-TGG-1-1,75,True,1,75,G,C,True,True,TTT,,CCA,TGG,Pro,2
0p_90m,3,l11Sp,Homo_sapiens_tRNA-Pro-TGG-1-1,75,True,16,75,T,C,False,True,,,CCA,TGG,Pro,1
0p_90m,3,l11Sp,Homo_sapiens_tRNA-Pro-TGG-1-1@Homo_sapiens_tRNA-Pro-TGG-2-1@Homo_sapiens_tRNA-Pro-TGG-3-1,75,False,43,75,A,C,False,True,,,CCA,TGG,Pro,1
0p_90m,3,l11Sp,Homo_sapiens_tRNA-Pro-TGG-1-1@Homo_sapiens_tRNA-Pro-TGG-2-1@Homo_sapiens_tRNA-Pro-TGG-3-1,75,False,46,75,T,C,False,True,,,CCA,TGG,Pro,1
0p_90m,3,l11Sp,Homo_sapiens_tRNA-Pro-TGG-1-1@Homo_sapiens_tRNA-Pro-TGG-2-1@Homo_sapiens_tRNA-Pro-TGG-3-1,75,False,51,75,G,C,False,True,C,,CCA,TGG,Pro,1
0p_90m,3,l11Sp,Homo_sapiens_tRNA-Pro-TGG-1-1@Homo_sapiens_tRNA-Pro-TGG-2-1@Homo_sapiens_tRNA-Pro-TGG-3-1,75,False,51,75,G,C,False,True,TTC,,CCA,TGG,Pro,1
0p_90m,3,l11Sp,Homo_sapiens_tRNA-Pro-TGG-1-1@Homo_sapiens_tRNA-Pro-TGG-2-1@Homo_sapiens_tRNA-Pro-TGG-3-1,75,False,52,75,G,C,False,True,,,CCA,TGG,Pro,2
0p_90m,3,l11Sp,Homo_sapiens_tRNA-Pro-TGG-1-1@Homo_sapiens_tRNA-Pro-TGG-3-1,75,False,19,75,T,C,False,True,,,CCA,TGG,Pro,1
0p_90m,3,l11Sp,Homo_sapiens_tRNA-Pro-TGG-2-1,75,True,1,75,G,C,True,True,TAT,,CCA,TGG,Pro,1
0p_90m,3,l11Sp,Homo_sapiens_tRNA-Pro-TGG-2-1,75,True,1,75,G,C,True,True,TT,,CCA,TGG,Pro,1
0p_90m,3,l11Sp,Homo_sapiens_tRNA-Pro-TGG-2-1,75,True,1,75,G,C,True,True,TTT,,CCA,TGG,Pro,2
0p_90m,3,l11Sp,Homo_sapiens_tRNA-Pro-TGG-2-1,75,True,1,75,G,C,True,True,TTTTT,,CCA,TGG,Pro,1
0p_90m,3,l11Sp,Homo_sapiens_tRNA-Pro-TGG-2-1,75,True,10,75,G,C,False,True,TT,,CCA,TGG,Pro,1
0p_90m,3,l11Sp,Homo_sapiens_tRNA-Pro-TGG-3-1,75,True,1,75,G,C,True,True,CTC,,CCA,TGG,Pro,1
0p_90m,3,l11Sp,Homo_sapiens_tRNA-Pro-TGG-3-1,75,True,1,75,G,C,True,True,GC,,CCA,TGG,Pro,1
0p_90m,3,l11Sp,Homo_sapiens_tRNA-Pro-TGG-3-1,75,True,1,75,G,C,True,True,TTT,,CCA,TGG,Pro,2
0p_90m,3,l11Sp,Homo_sapiens_tRNA-Pro-TGG-3-1,75,True,10,75,G,C,False,True,TC,,CCA,TGG,Pro,1
0p_90m,3,l11Sp,Homo_sapiens_tRNA-Pro-TGG-3-1,75,True,10,75,G,C,False,True,TTC,,CCA,TGG,Pro,1
0p_90m,3,l11Sp,Homo_sapiens_tRNA-Pro-TGG-3-1,75,True,16,75,G,C,False,True,,,CCA,TGG,Pro,1
0p_90m,3,l11Sp,Homo_sapiens_tRNA-Ser-AGA-1-1@Homo_sapiens_tRNA-Ser-TGA-2-1,85,False,27,85,A,C,False,True,CT,,UCU,AGA,Ser,1
0p_90m,3,l11Sp,Homo_sapiens_tRNA-Ser-AGA-1-1@Homo_sapiens_tRNA-Ser-TGA-2-1,85,False,35,85,G,C,False,True,CTTTG,,UCU,AGA,Ser,1
0p_90m,3,l11Sp,Homo_sapiens_tRNA-Ser-AGA-1-1@Homo_sapiens_tRNA-Ser-TGA-2-1,85,False,48,85,G,C,False,True,TC,,UCU,AGA,Ser,1
0p_90m,3,l11Sp,Homo_sapiens_tRNA-Ser-AGA-1-1@Homo_sapiens_tRNA-Ser-TGA-2-1,85,False,49,85,T,C,False,True,T,,UCU,AGA,Ser,1
0p_90m,3,l11Sp,Homo_sapiens_tRNA-Ser-AGA-2-1@Homo_sapiens_tRNA-Ser-AGA-4-1@Homo_sapiens_tRNA-Ser-TGA-3-1,85,False,46,85,G,C,False,True,C,,UCU,AGA,Ser,1
0p_90m,3,l11Sp,Homo_sapiens_tRNA-Ser-AGA-2-1@Homo_sapiens_tRNA-Ser-TGA-2-1@Homo_sapiens_tRNA-Ser-TGA-3-1,85,False,1,85,G,C,True,True,TTT,,UCU,AGA,Ser,1
0p_90m,3,l11Sp,Homo_sapiens_tRNA-Ser-AGA-2-1@Homo_sapiens_tRNA-Ser-TGA-2-1@Homo_sapiens_tRNA-Ser-TGA-3-1,85,False,27,85,A,C,False,True,CTGCA,,UCU,AGA,Ser,1
0p_90m,3,l11Sp,Homo_sapiens_tRNA-Ser-AGA-2-1@Homo_sapiens_tRNA-Ser-TGA-2-1@Homo_sapiens_tRNA-Ser-TGA-3-1,85,False,35,85,G,C,False,True,CTGTAGTCATTG,,UCU,AGA,Ser,1
0p_90m,3,l11Sp,Homo_sapiens_tRNA-Ser-AGA-2-1@Homo_sapiens_tRNA-Ser-TGA-3-1,85,False,1,85,G,C,True,True,TTC,,UCU,AGA,Ser,1
0p_90m,3,l11Sp,Homo_sapiens_tRNA-Ser-AGA-2-1@Homo_sapiens_tRNA-Ser-TGA-3-1,85,False,20,85,T,C,False,True,TA,,UCU,AGA,Ser,1
0p_90m,3,l11Sp,Homo_sapiens_tRNA-Ser-AGA-4-1,85,True,27,85,A,C,False,True,TTTGGGT,,UCU,AGA,Ser,1
0p_90m,3,l11Sp,Homo_sapiens_tRNA-Ser-CGA-1-1,85,True,15,85,G,C,False,True,,,UCG,CGA,Ser,1
0p_90m,3,l11Sp,Homo_sapiens_tRNA-Ser-CGA-1-1,85,True,27,85,T,C,False,True,,,UCG,CGA,Ser,1
0p_90m,3,l11Sp,Homo_sapiens_tRNA-Ser-CGA-1-1,85,True,36,85,A,C,False,True,A,,UCG,CGA,Ser,1
0p_90m,3,l11Sp,Homo_sapiens_tRNA-Ser-CGA-1-1,85,True,51,85,T,C,False,True,TTT,,UCG,CGA,Ser,2
0p_90m,3,l11Sp,Homo_sapiens_tRNA-Ser-CGA-4-1,85,True,27,85,T,C,False,True,CT,,UCG,CGA,Ser,1
0p_90m,3,l11Sp,Homo_sapiens_tRNA-Ser-CGA-4-1,85,True,35,85,G,C,False,True,TT,,UCG,CGA,Ser,1
0p_90m,3,l11Sp,Homo_sapiens_tRNA-Ser-GCT-1-1,85,True,51,85,T,C,False,True,,,AGC,GCT,Ser,1
0p_90m,3,l11Sp,Homo_sapiens_tRNA-Ser-GCT-1-1,85,True,58,85,G,C,False,True,TTT,,AGC,GCT,Ser,1
0p_90m,3,l11Sp,Homo_sapiens_tRNA-Ser-GCT-1-1@Homo_sapiens_tRNA-Ser-GCT-3-1,85,False,15,85,G,C,False,True,,,AGC,GCT,Ser,1
0p_90m,3,l11Sp,Homo_sapiens_tRNA-Ser-GCT-2-1,85,True,2,85,A,C,False,True,,,AGC,GCT,Ser,1
0p_90m,3,l11Sp,Homo_sapiens_tRNA-Ser-GCT-3-1,85,True,1,85,G,C,True,True,ATT,,AGC,GCT,Ser,1
0p_90m,3,l11Sp,Homo_sapiens_tRNA-Ser-GCT-3-1,85,True,27,85,A,C,False,True,T,,AGC,GCT,Ser,1
0p_90m,3,l11Sp,Homo_sapiens_tRNA-Ser-GCT-3-1,85,True,27,85,A,C,False,True,TAAGTAATTATAGATCGGAAGTAATTTGCT,,AGC,GCT,Ser,1
0p_90m,3,l11Sp,Homo_sapiens_tRNA-Ser-GCT-3-1,85,True,31,85,A,C,False,True,TTAAC,,AGC,GCT,Ser,1
0p_90m,3,l11Sp,Homo_sapiens_tRNA-Ser-GCT-3-1,85,True,33,85,T,C,False,True,TTTTT,,AGC,GCT,Ser,1
0p_90m,3,l11Sp,Homo_sapiens_tRNA-Ser-GCT-3-1,85,True,35,85,C,C,False,True,CT,,AGC,GCT,Ser,1
0p_90m,3,l11Sp,Homo_sapiens_tRNA-Ser-GCT-3-1,85,True,37,85,A,C,False,True,,,AGC,GCT,Ser,1
0p_90m,3,l11Sp,Homo_sapiens_tRNA-Ser-GCT-3-1,85,True,38,85,A,C,False,True,,,AGC,GCT,Ser,1
0p_90m,3,l11Sp,Homo_sapiens_tRNA-Ser-GCT-3-1@Homo_sapiens_tRNA-Ser-GCT-4-1,85,False,5,85,A,C,False,True,CTT,,AGC,GCT,Ser,1
0p_90m,3,l11Sp,Homo_sapiens_tRNA-Ser-GCT-3-1@Homo_sapiens_tRNA-Ser-GCT-4-1@Homo_sapiens_tRNA-Ser-GCT-6-1,85,False,25,85,C,C,False,True,TCCATCGTCCTGATTGGA,,AGC,GCT,Ser,1
0p_90m,3,l11Sp,Homo_sapiens_tRNA-Ser-GCT-3-1@Homo_sapiens_tRNA-Ser-GCT-4-1@Homo_sapiens_tRNA-Ser-GCT-6-1,85,False,51,81,T,C,False,False,TG,ACC,AGC,GCT,Ser,1
0p_90m,3,l11Sp,Homo_sapiens_tRNA-Ser-GCT-3-1@Homo_sapiens_tRNA-Ser-GCT-5-1,85,False,1,85,G,C,True,True,TTT,,AGC,GCT,Ser,1
0p_90m,3,l11Sp,Homo_sapiens_tRNA-Ser-GCT-3-1@Homo_sapiens_tRNA-Ser-GCT-5-1,85,False,38,85,A,C,False,True,,,AGC,GCT,Ser,1
0p_90m,3,l11Sp,Homo_sapiens_tRNA-Ser-GCT-5-1,85,True,8,85,T,C,False,True,TT,,AGC,GCT,Ser,1
0p_90m,3,l11Sp,Homo_sapiens_tRNA-Ser-GCT-5-1,85,True,50,85,C,C,False,True,C,,AGC,GCT,Ser,1
0p_90m,3,l11Sp,Homo_sapiens_tRNA-Ser-TGA-1-1,85,True,5,85,C,C,False,True,T,,UCA,TGA,Ser,1
0p_90m,3,l11Sp,Homo_sapiens_tRNA-Ser-TGA-1-1,85,True,11,85,C,C,False,True,C,,UCA,TGA,Ser,1
0p_90m,3,l11Sp,Homo_sapiens_tRNA-Ser-TGA-1-1,85,True,18,85,G,C,False,True,TCGTCTAGGGGTATGATTCTC,,UCA,TGA,Ser,1
0p_90m,3,l11Sp,Homo_sapiens_tRNA-Ser-TGA-1-1,85,True,33,85,T,C,False,True,AACCCCA,,UCA,TGA,Ser,1
0p_90m,3,l11Sp,Homo_sapiens_tRNA-Ser-TGA-1-1,85,True,51,85,T,C,False,True,GTA,,UCA,TGA,Ser,1
0p_90m,3,l11Sp,Homo_sapiens_tRNA-Thr-AGT-1-1,77,True,6,77,C,C,False,True,TTTGG,,ACU,AGT,Thr,1
0p_90m,3,l11Sp,Homo_sapiens_tRNA-Thr-AGT-1-1,77,True,10,77,G,C,False,True,ATCGGATC,,ACU,AGT,Thr,1
0p_90m,3,l11Sp,Homo_sapiens_tRNA-Thr-AGT-1-1@Homo_sapiens_tRNA-Thr-AGT-5-1,77,False,28,77,C,C,False,True,,,ACU,AGT,Thr,1
0p_90m,3,l11Sp,Homo_sapiens_tRNA-Thr-AGT-1-1@Homo_sapiens_tRNA-Thr-AGT-5-1,77,False,28,77,C,C,False,True,AAAAAAAAAACC,,ACU,AGT,Thr,1
0p_90m,3,l11Sp,Homo_sapiens_tRNA-Thr-AGT-1-1@Homo_sapiens_tRNA-Thr-AGT-5-1,77,False,36,77,G,C,False,True,ACTTTG,,ACU,AGT,Thr,1
0p_90m,3,l11Sp,Homo_sapiens_tRNA-Thr-AGT-1-1@Homo_sapiens_tRNA-Thr-AGT-5-1,77,False,36,77,G,C,False,True,TGTATG,,ACU,AGT,Thr,1
0p_90m,3,l11Sp,Homo_sapiens_tRNA-Thr-AGT-1-1@Homo_sapiens_tRNA-Thr-AGT-5-1,77,False,36,77,G,C,False,True,TTG,,ACU,AGT,Thr,1
0p_90m,3,l11Sp,Homo_sapiens_tRNA-Thr-AGT-1-1@Homo_sapiens_tRNA-Thr-AGT-5-1,77,False,36,77,G,C,False,True,TTTG,,ACU,AGT,Thr,1
0p_90m,3,l11Sp,Homo_sapiens_tRNA-Thr-AGT-1-1@Homo_sapiens_tRNA-Thr-AGT-5-1,77,False,39,77,A,C,False,True,GTT,,ACU,AGT,Thr,1
0p_90m,3,l11Sp,Homo_sapiens_tRNA-Thr-AGT-1-1@Homo_sapiens_tRNA-Thr-AGT-5-1,77,False,39,77,A,C,False,True,T,,ACU,AGT,Thr,1
0p_90m,3,l11Sp,Homo_sapiens_tRNA-Thr-AGT-2-1,77,True,1,77,G,C,True,True,CTC,,ACU,AGT,Thr,1
0p_90m,3,l11Sp,Homo_sapiens_tRNA-Thr-AGT-2-1,77,True,8,77,T,C,False,True,,,ACU,AGT,Thr,1
0p_90m,3,l11Sp,Homo_sapiens_tRNA-Thr-AGT-2-1@Homo_sapiens_tRNA-Thr-AGT-6-1,77,False,10,77,G,C,False,True,TTCGGCTTC,,ACU,AGT,Thr,1
0p_90m,3,l11Sp,Homo_sapiens_tRNA-Thr-AGT-2-1@Homo_sapiens_tRNA-Thr-AGT-6-1@Homo_sapiens_tRNA-Thr-CGT-3-1,77,False,22,77,A,C,False,True,AAA,,ACU,AGT,Thr,1
0p_90m,3,l11Sp,Homo_sapiens_tRNA-Thr-AGT-2-1@Homo_sapiens_tRNA-Thr-AGT-6-1@Homo_sapiens_tRNA-Thr-CGT-3-1,77,False,28,77,C,C,False,True,,,ACU,AGT,Thr,1
0p_90m,3,l11Sp,Homo_sapiens_tRNA-Thr-AGT-2-1@Homo_sapiens_tRNA-Thr-AGT-6-1@Homo_sapiens_tRNA-Thr-CGT-3-1,77,False,28,77,C,C,False,True,CA,,ACU,AGT,Thr,1
0p_90m,3,l11Sp,Homo_sapiens_tRNA-Thr-AGT-2-1@Homo_sapiens_tRNA-Thr-AGT-6-1@Homo_sapiens_tRNA-Thr-CGT-3-1,77,False,28,77,C,C,False,True,T,,ACU,AGT,Thr,1
0p_90m,3,l11Sp,Homo_sapiens_tRNA-Thr-AGT-2-1@Homo_sapiens_tRNA-Thr-AGT-6-1@Homo_sapiens_tRNA-Thr-CGT-3-1,77,False,36,77,G,C,False,True,TATG,,ACU,AGT,Thr,1
0p_90m,3,l11Sp,Homo_sapiens_tRNA-Thr-AGT-2-1@Homo_sapiens_tRNA-Thr-AGT-6-1@Homo_sapiens_tRNA-Thr-CGT-3-1,77,False,39,77,A,C,False,True,,,ACU,AGT,Thr,1
0p_90m,3,l11Sp,Homo_sapiens_tRNA-Thr-AGT-3-1,77,True,29,77,C,C,False,True,,,ACU,AGT,Thr,1
0p_90m,3,l11Sp,Homo_sapiens_tRNA-Thr-AGT-3-1,77,True,49,77,C,C,False,True,,,ACU,AGT,Thr,1
0p_90m,3,l11Sp,Homo_sapiens_tRNA-Thr-AGT-4-1,77,True,36,77,G,C,False,True,TGTG,,ACU,AGT,Thr,1
0p_90m,3,l11Sp,Homo_sapiens_tRNA-Thr-AGT-5-1,77,True,1,77,G,C,True,True,TCT,,ACU,AGT,Thr,1
0p_90m,3,l11Sp,Homo_sapiens_tRNA-Thr-CGT-1-1,77,True,34,77,T,C,False,True,,,ACG,CGT,Thr,1
0p_90m,3,l11Sp,Homo_sapiens_tRNA-Thr-CGT-2-1,75,True,32,75,T,C,False,True,TT,,ACG,CGT,Thr,1
0p_90m,3,l11Sp,Homo_sapiens_tRNA-Thr-CGT-3-1,77,True,34,77,T,C,False,True,,,ACG,CGT,Thr,2
0p_90m,3,l11Sp,Homo_sapiens_tRNA-Thr-CGT-4-1,75,True,26,75,T,C,False,True,CA,,ACG,CGT,Thr,1
0p_90m,3,l11Sp,Homo_sapiens_tRNA-Thr-TGT-1-1,77,True,1,77,G,C,True,True,TTT,,ACA,TGT,Thr,1
0p_90m,3,l11Sp,Homo_sapiens_tRNA-Thr-TGT-1-1,77,True,22,77,A,C,False,True,AA,,ACA,TGT,Thr,1
0p_90m,3,l11Sp,Homo_sapiens_tRNA-Thr-TGT-1-1,77,True,28,77,C,C,False,True,TTTACAAGACAGGGGTGGTTAAACC,,ACA,TGT,Thr,1
0p_90m,3,l11Sp,Homo_sapiens_tRNA-Thr-TGT-1-1,77,True,34,77,T,C,False,True,,,ACA,TGT,Thr,1
0p_90m,3,l11Sp,Homo_sapiens_tRNA-Thr-TGT-1-1,77,True,34,77,T,C,False,True,TTTGGCTCTA,,ACA,TGT,Thr,2
0p_90m,3,l11Sp,Homo_sapiens_tRNA-Thr-TGT-1-1,77,True,54,77,G,C,False,True,T,,ACA,TGT,Thr,1
0p_90m,3,l11Sp,Homo_sapiens_tRNA-Thr-TGT-2-1,76,True,1,76,G,C,True,True,ATTT,,ACA,TGT,Thr,2
0p_90m,3,l11Sp,Homo_sapiens_tRNA-Thr-TGT-2-1,76,True,1,76,G,C,True,True,TTT,,ACA,TGT,Thr,1
0p_90m,3,l11Sp,Homo_sapiens_tRNA-Thr-TGT-4-1,76,True,1,76,G,C,True,True,TTTT,,ACA,TGT,Thr,1
0p_90m,3,l11Sp,Homo_sapiens_tRNA-Thr-TGT-4-1@Homo_sapiens_tRNA-Thr-TGT-5-1,76,False,27,76,C,C,False,True,TTT,,ACA,TGT,Thr,1
0p_90m,3,l11Sp,Homo_sapiens_tRNA-Thr-TGT-4-1@Homo_sapiens_tRNA-Thr-TGT-5-1,76,False,30,76,G,C,False,True,,,ACA,TGT,Thr,1
0p_90m,3,l11Sp,Homo_sapiens_tRNA-Thr-TGT-4-1@Homo_sapiens_tRNA-Thr-TGT-5-1,76,False,32,76,C,C,False,True,,,ACA,TGT,Thr,1
0p_90m,3,l11Sp,Homo_sapiens_tRNA-Thr-TGT-4-1@Homo_sapiens_tRNA-Thr-TGT-5-1,76,False,34,76,T,C,False,True,,,ACA,TGT,Thr,1
0p_90m,3,l11Sp,Homo_sapiens_tRNA-Thr-TGT-5-1,76,True,1,76,G,C,True,True,TTT,,ACA,TGT,Thr,1
0p_90m,3,l11Sp,Homo_sapiens_tRNA-Trp-CCA-1-1@Homo_sapiens_tRNA-Trp-CCA-3-1@Homo_sapiens_tRNA-Trp-CCA-5-1,75,False,26,75,T,C,False,True,,,UGG,CCA,Trp,1
0p_90m,3,l11Sp,Homo_sapiens_tRNA-Trp-CCA-1-1@Homo_sapiens_tRNA-Trp-CCA-3-1@Homo_sapiens_tRNA-Trp-CCA-5-1,75,False,37,75,A,C,False,True,,,UGG,CCA,Trp,1
0p_90m,3,l11Sp,Homo_sapiens_tRNA-Trp-CCA-1-1@Homo_sapiens_tRNA-Trp-CCA-3-1@Homo_sapiens_tRNA-Trp-CCA-5-1,75,False,37,75,A,C,False,True,CA,,UGG,CCA,Trp,1
0p_90m,3,l11Sp,Homo_sapiens_tRNA-Trp-CCA-1-1@Homo_sapiens_tRNA-Trp-CCA-3-1@Homo_sapiens_tRNA-Trp-CCA-5-1,75,False,38,75,T,C,False,True,,,UGG,CCA,Trp,1
0p_90m,3,l11Sp,Homo_sapiens_tRNA-Trp-CCA-2-1,75,True,1,75,G,C,True,True,TGT,,UGG,CCA,Trp,1
0p_90m,3,l11Sp,Homo_sapiens_tRNA-Trp-CCA-4-1,75,True,1,75,G,C,True,True,TAT,,UGG,CCA,Trp,1
0p_90m,3,l11Sp,Homo_sapiens_tRNA-Trp-CCA-4-1,75,True,1,75,G,C,True,True,TC,,UGG,CCA,Trp,1
0p_90m,3,l11Sp,Homo_sapiens_tRNA-Trp-CCA-4-1,75,True,1,75,G,C,True,True,TTT,,UGG,CCA,Trp,1
0p_90m,3,l11Sp,Homo_sapiens_tRNA-Trp-CCA-4-1,75,True,10,75,G,C,False,True,,,UGG,CCA,Trp,1
0p_90m,3,l11Sp,Homo_sapiens_tRNA-Tyr-GTA-1-1@Homo_sapiens_tRNA-Tyr-GTA-8-1,76,False,28,76,A,C,False,True,A,,UAC,GTA,Tyr,1
0p_90m,3,l11Sp,Homo_sapiens_tRNA-Tyr-GTA-1-1@Homo_sapiens_tRNA-Tyr-GTA-8-1,76,False,31,76,A,C,False,True,C,,UAC,GTA,Tyr,1
0p_90m,3,l11Sp,Homo_sapiens_tRNA-Tyr-GTA-1-1@Homo_sapiens_tRNA-Tyr-GTA-8-1,76,False,38,76,A,C,False,True,AGGACTGT,,UAC,GTA,Tyr,1
0p_90m,3,l11Sp,Homo_sapiens_tRNA-Tyr-GTA-1-1@Homo_sapiens_tRNA-Tyr-GTA-8-1,76,False,47,76,T,C,False,True,C,,UAC,GTA,Tyr,1
0p_90m,3,l11Sp,Homo_sapiens_tRNA-Tyr-GTA-1-1@Homo_sapiens_tRNA-Tyr-GTA-8-1,76,False,50,76,C,C,False,True,C,,UAC,GTA,Tyr,1
0p_90m,3,l11Sp,Homo_sapiens_tRNA-Tyr-GTA-2-1@Homo_sapiens_tRNA-Tyr-GTA-4-1@Homo_sapiens_tRNA-Tyr-GTA-5-1,76,False,28,76,A,C,False,True,TA,,UAC,GTA,Tyr,1
0p_90m,3,l11Sp,Homo_sapiens_tRNA-Tyr-GTA-2-1@Homo_sapiens_tRNA-Tyr-GTA-5-1,76,False,28,76,A,C,False,True,,,UAC,GTA,Tyr,3
0p_90m,3,l11Sp,Homo_sapiens_tRNA-Tyr-GTA-2-1@Homo_sapiens_tRNA-Tyr-GTA-5-1,76,False,28,76,A,C,False,True,A,,UAC,GTA,Tyr,3
0p_90m,3,l11Sp,Homo_sapiens_tRNA-Tyr-GTA-2-1@Homo_sapiens_tRNA-Tyr-GTA-5-1,76,False,28,76,A,C,False,True,T,,UAC,GTA,Tyr,1
0p_90m,3,l11Sp,Homo_sapiens_tRNA-Tyr-GTA-2-1@Homo_sapiens_tRNA-Tyr-GTA-5-1,76,False,38,76,A,C,False,True,,,UAC,GTA,Tyr,2
0p_90m,3,l11Sp,Homo_sapiens_tRNA-Tyr-GTA-2-1@Homo_sapiens_tRNA-Tyr-GTA-5-1,76,False,38,76,A,C,False,True,T,,UAC,GTA,Tyr,2
0p_90m,3,l11Sp,Homo_sapiens_tRNA-Tyr-GTA-2-1@Homo_sapiens_tRNA-Tyr-GTA-5-1,76,False,48,76,C,C,False,True,,,UAC,GTA,Tyr,1
0p_90m,3,l11Sp,Homo_sapiens_tRNA-Tyr-GTA-3-1,76,True,13,76,C,C,False,True,,,UAC,GTA,Tyr,1
0p_90m,3,l11Sp,Homo_sapiens_tRNA-Tyr-GTA-3-1@Homo_sapiens_tRNA-Tyr-GTA-5-1@Homo_sapiens_tRNA-Tyr-GTA-6-1,76,False,28,76,A,C,False,True,A,,UAC,GTA,Tyr,1
0p_90m,3,l11Sp,Homo_sapiens_tRNA-Tyr-GTA-3-1@Homo_sapiens_tRNA-Tyr-GTA-6-1,76,False,27,76,G,C,False,True,CT,,UAC,GTA,Tyr,1
0p_90m,3,l11Sp,Homo_sapiens_tRNA-Tyr-GTA-3-1@Homo_sapiens_tRNA-Tyr-GTA-6-1,76,False,28,76,A,C,False,True,A,,UAC,GTA,Tyr,1
0p_90m,3,l11Sp,Homo_sapiens_tRNA-Tyr-GTA-3-1@Homo_sapiens_tRNA-Tyr-GTA-6-1,76,False,28,76,A,C,False,True,T,,UAC,GTA,Tyr,1
0p_90m,3,l11Sp,Homo_sapiens_tRNA-Tyr-GTA-3-1@Homo_sapiens_tRNA-Tyr-GTA-6-1,76,False,38,76,A,C,False,True,,,UAC,GTA,Tyr,3
0p_90m,3,l11Sp,Homo_sapiens_tRNA-Tyr-GTA-6-1,76,True,1,76,C,C,True,True,TTT,,UAC,GTA,Tyr,1
0p_90m,3,l11Sp,Homo_sapiens_tRNA-Val-AAC-1-1@Homo_sapiens_tRNA-Val-AAC-2-1@Homo_sapiens_tRNA-Val-CAC-1-1,76,False,40,76,C,C,False,True,,,GUU,AAC,Val,2
0p_90m,3,l11Sp,Homo_sapiens_tRNA-Val-AAC-1-1@Homo_sapiens_tRNA-Val-AAC-2-1@Homo_sapiens_tRNA-Val-CAC-1-1,76,False,46,76,G,C,False,True,,,GUU,AAC,Val,2
0p_90m,3,l11Sp,Homo_sapiens_tRNA-Val-AAC-1-1@Homo_sapiens_tRNA-Val-AAC-2-1@Homo_sapiens_tRNA-Val-CAC-1-1,76,False,46,76,G,C,False,True,TTT,,GUU,AAC,Val,1
0p_90m,3,l11Sp,Homo_sapiens_tRNA-Val-AAC-1-1@Homo_sapiens_tRNA-Val-AAC-2-1@Homo_sapiens_tRNA-Val-CAC-1-1,76,False,47,76,T,C,False,True,,,GUU,AAC,Val,1
0p_90m,3,l11Sp,Homo_sapiens_tRNA-Val-AAC-1-1@Homo_sapiens_tRNA-Val-CAC-1-1,76,False,1,76,G,C,True,True,CTT,,GUU,AAC,Val,1
0p_90m,3,l11Sp,Homo_sapiens_tRNA-Val-AAC-1-1@Homo_sapiens_tRNA-Val-CAC-1-1,76,False,1,76,G,C,True,True,TAT,,GUU,AAC,Val,1
0p_90m,3,l11Sp,Homo_sapiens_tRNA-Val-AAC-1-1@Homo_sapiens_tRNA-Val-CAC-1-1,76,False,1,76,G,C,True,True,TC,,GUU,AAC,Val,1
0p_90m,3,l11Sp,Homo_sapiens_tRNA-Val-AAC-1-1@Homo_sapiens_tRNA-Val-CAC-1-1,76,False,16,76,T,C,False,True,,,GUU,AAC,Val,1
0p_90m,3,l11Sp,Homo_sapiens_tRNA-Val-AAC-1-1@Homo_sapiens_tRNA-Val-CAC-1-1,76,False,18,76,G,C,False,True,TTT,,GUU,AAC,Val,1
0p_90m,3,l11Sp,Homo_sapiens_tRNA-Val-AAC-2-1,76,True,1,76,G,C,True,True,TC,,GUU,AAC,Val,1
0p_90m,3,l11Sp,Homo_sapiens_tRNA-Val-AAC-2-1,76,True,1,76,G,C,True,True,TTT,,GUU,AAC,Val,1
0p_90m,3,l11Sp,Homo_sapiens_tRNA-Val-AAC-2-1,76,True,10,76,G,C,False,True,AGC,,GUU,AAC,Val,1
0p_90m,3,l11Sp,Homo_sapiens_tRNA-Val-AAC-3-1,76,True,1,76,G,C,True,True,CTT,,GUU,AAC,Val,1
0p_90m,3,l11Sp,Homo_sapiens_tRNA-Val-CAC-1-1,76,True,1,76,G,A,True,True,TC,,GUG,CAC,Val,1
0p_90m,3,l11Sp,Homo_sapiens_tRNA-Val-CAC-1-1,76,True,1,76,G,C,True,True,ATT,,GUG,CAC,Val,1
0p_90m,3,l11Sp,Homo_sapiens_tRNA-Val-CAC-1-1,76,True,1,76,G,C,True,True,CT,,GUG,CAC,Val,1
0p_90m,3,l11Sp,Homo_sapiens_tRNA-Val-CAC-1-1,76,True,1,76,G,C,True,True,G,,GUG,CAC,Val,1
0p_90m,3,l11Sp,Homo_sapiens_tRNA-Val-CAC-1-1,76,True,1,76,G,C,True,True,GTTC,,GUG,CAC,Val,1
0p_90m,3,l11Sp,Homo_sapiens_tRNA-Val-CAC-1-1,76,True,1,76,G,C,True,True,T,,GUG,CAC,Val,1
0p_90m,3,l11Sp,Homo_sapiens_tRNA-Val-CAC-1-1,76,True,1,76,G,C,True,True,TC,,GUG,CAC,Val,1
0p_90m,3,l11Sp,Homo_sapiens_tRNA-Val-CAC-1-1,76,True,1,76,G,C,True,True,TTC,,GUG,CAC,Val,1
0p_90m,3,l11Sp,Homo_sapiens_tRNA-Val-CAC-1-1,76,True,1,76,G,C,True,True,TTT,,GUG,CAC,Val,2
0p_90m,3,l11Sp,Homo_sapiens_tRNA-Val-CAC-1-1,76,True,1,76,G,C,True,True,TTTG,,GUG,CAC,Val,2
0p_90m,3,l11Sp,Homo_sapiens_tRNA-Val-CAC-1-1,76,True,2,76,T,C,False,True,T,,GUG,CAC,Val,1
0p_90m,3,l11Sp,Homo_sapiens_tRNA-Val-CAC-1-1,76,True,2,76,T,C,False,True,TT,,GUG,CAC,Val,1
0p_90m,3,l11Sp,Homo_sapiens_tRNA-Val-CAC-1-1,76,True,13,76,T,C,False,True,TT,,GUG,CAC,Val,1
0p_90m,3,l11Sp,Homo_sapiens_tRNA-Val-CAC-1-1,76,True,27,76,T,C,False,True,,,GUG,CAC,Val,1
0p_90m,3,l11Sp,Homo_sapiens_tRNA-Val-CAC-2-1,76,True,1,76,G,C,True,True,TTC,,GUG,CAC,Val,1
0p_90m,3,l11Sp,Homo_sapiens_tRNA-Val-CAC-2-1,76,True,1,76,G,C,True,True,TTT,,GUG,CAC,Val,1
0p_90m,3,l11Sp,Homo_sapiens_tRNA-Val-CAC-3-1,76,True,1,76,G,C,True,True,TTC,,GUG,CAC,Val,1
0p_90m,3,l11Sp,Homo_sapiens_tRNA-Val-CAC-3-1,76,True,40,76,C,C,False,True,C,,GUG,CAC,Val,2
0p_90m,3,l11Sp,Homo_sapiens_tRNA-Val-TAC-1-1,76,True,1,76,G,C,True,True,TC,,GUA,TAC,Val,1
0p_90m,3,l11Sp,Homo_sapiens_tRNA-Val-TAC-1-1,76,True,1,76,G,C,True,True,TCTTT,,GUA,TAC,Val,1
0p_90m,3,l11Sp,Homo_sapiens_tRNA-Val-TAC-1-1,76,True,1,76,G,C,True,True,TGT,,GUA,TAC,Val,1
0p_90m,3,l11Sp,Homo_sapiens_tRNA-Val-TAC-1-1,76,True,1,76,G,C,True,True,TTT,,GUA,TAC,Val,1
0p_90m,3,l11Sp,Homo_sapiens_tRNA-Val-TAC-1-1,76,True,3,76,T,C,False,True,TT,,GUA,TAC,Val,1
0p_90m,3,l11Sp,Homo_sapiens_tRNA-Val-TAC-1-1@Homo_sapiens_tRNA-Val-TAC-2-1,76,False,19,76,T,C,False,True,C,,GUA,TAC,Val,1
0p_90m,3,l11Sp,Homo_sapiens_tRNA-Val-TAC-1-1@Homo_sapiens_tRNA-Val-TAC-2-1,76,False,27,76,T,C,False,True,,,GUA,TAC,Val,2
0p_90m,3,l11Sp,Homo_sapiens_tRNA-Val-TAC-1-1@Homo_sapiens_tRNA-Val-TAC-2-1,76,False,38,76,C,C,False,True,T,,GUA,TAC,Val,1
0p_90m,3,l11Sp,Homo_sapiens_tRNA-Val-TAC-1-1@Homo_sapiens_tRNA-Val-TAC-2-1,76,False,38,76,C,C,False,True,TC,,GUA,TAC,Val,1
0p_90m,3,l11Sp,Homo_sapiens_tRNA-Val-TAC-1-1@Homo_sapiens_tRNA-Val-TAC-2-1,76,False,46,76,G,C,False,True,A,,GUA,TAC,Val,1
0p_90m,3,l11Sp,Homo_sapiens_tRNA-Val-TAC-1-1@Homo_sapiens_tRNA-Val-TAC-2-1,76,False,47,76,T,C,False,True,T,,GUA,TAC,Val,1
0p_90m,3,l11Sp,Homo_sapiens_tRNA-Val-TAC-1-1@Homo_sapiens_tRNA-Val-TAC-2-1,76,False,49,76,C,C,False,True,T,,GUA,TAC,Val,1
0p_90m,3,l11Sp,Homo_sapiens_tRNA-Val-TAC-2-1,76,True,1,76,G,C,True,True,T,,GUA,TAC,Val,1
0p_90m,3,l11Sp,Homo_sapiens_tRNA-iMet-CAT-1-1,75,True,1,75,A,C,True,True,,,AUG,CAT,iMet,1
0p_90m,3,l11Sp,Homo_sapiens_tRNA-iMet-CAT-1-1,75,True,1,75,A,C,True,True,CTT,,AUG,CAT,iMet,1
0p_90m,3,l11Sp,Homo_sapiens_tRNA-iMet-CAT-1-1,75,True,1,75,A,C,True,True,G,,AUG,CAT,iMet,1
0p_90m,3,l11Sp,Homo_sapiens_tRNA-iMet-CAT-1-1,75,True,1,75,A,C,True,True,TC,,AUG,CAT,iMet,1
0p_90m,3,l11Sp,Homo_sapiens_tRNA-iMet-CAT-1-1,75,True,1,75,A,C,True,True,TT,,AUG,CAT,iMet,3
0p_90m,3,l11Sp,Homo_sapiens_tRNA-iMet-CAT-1-1,75,True,1,75,A,C,True,True,TTT,,AUG,CAT,iMet,4
0p_90m,3,l11Sp,Homo_sapiens_tRNA-iMet-CAT-1-1,75,True,3,75,C,C,False,True,A,,AUG,CAT,iMet,2
0p_90m,3,l11Sp,Homo_sapiens_tRNA-iMet-CAT-1-1,75,True,6,75,A,C,False,True,TT,,AUG,CAT,iMet,1
0p_90m,3,l11Sp,Homo_sapiens_tRNA-iMet-CAT-1-1,75,True,8,75,T,C,False,True,,,AUG,CAT,iMet,1
0p_90m,3,l11Sp,Homo_sapiens_tRNA-iMet-CAT-1-1,75,True,22,75,C,C,False,True,T,,AUG,CAT,iMet,1
0p_90m,3,l11Sp,Homo_sapiens_tRNA-iMet-CAT-1-1,75,True,40,75,C,C,False,True,TTT,,AUG,CAT,iMet,1
0p_90m,3,l11Sp,Homo_sapiens_tRNA-iMet-CAT-1-1,75,True,43,75,A,C,False,True,TCT,,AUG,CAT,iMet,1
0p_90m,3,l11Sp,Homo_sapiens_tRNA-iMet-CAT-1-1,75,True,45,75,G,C,False,True,,,AUG,CAT,iMet,1
0p_90m,3,l11Sp,Homo_sapiens_tRNA-iMet-CAT-1-1,75,True,46,75,T,C,False,True,AT,,AUG,CAT,iMet,1
0p_90m,3,l11Sp,Homo_sapiens_tRNA-iMet-CAT-1-1@Homo_sapiens_tRNA-iMet-CAT-2-1,75,False,35,75,T,C,False,True,,,AUG,CAT,iMet,1
