sample_name_unique,sample_name,replicate,barcode,tRNA_annotation,align_score,unique_annotation,tRNA_annotation_len,align_5p_idx,align_3p_idx,align_5p_nt,align_3p_nt,5p_cover,3p_cover,5p_non-temp,3p_non-temp,codon,anticodon,amino_acid,count
25p1,25p,1,l9Sp,Homo_sapiens_mito_tRNA-Arg-TCG,48,True,68,17,68,C,C,False,True,AT,,CGA,TCG,Arg,1
25p1,25p,1,l9Sp,Homo_sapiens_mito_tRNA-Asn-GTT,73,True,76,1,76,T,A,True,True,C,,AAC,GTT,Asn,1
25p1,25p,1,l9Sp,Homo_sapiens_mito_tRNA-Gln-TTG,37,True,75,38,75,A,C,False,True,TGT,,CAA,TTG,Gln,1
25p1,25p,1,l9Sp,Homo_sapiens_mito_tRNA-Gln-TTG,38,True,75,34,75,T,C,False,True,,,CAA,TTG,Gln,1
25p1,25p,1,l9Sp,Homo_sapiens_mito_tRNA-Glu-TTC,37,True,72,32,72,T,C,False,True,C,,GAA,TTC,Glu,1
25p1,25p,1,l9Sp,Homo_sapiens_mito_tRNA-Glu-TTC,46,True,72,26,72,G,C,False,True,,,GAA,TTC,Glu,1
25p1,25p,1,l9Sp,Homo_sapiens_mito_tRNA-Glu-TTC,58,True,72,1,72,G,C,True,True,CT,,GAA,TTC,Glu,1
25p1,25p,1,l9Sp,Homo_sapiens_mito_tRNA-Glu-TTC,68,True,72,1,72,G,C,True,True,GTC,,GAA,TTC,Glu,1
25p1,25p,1,l9Sp,Homo_sapiens_mito_tRNA-Gly-TCC,62,True,71,1,71,A,C,True,True,GCCGGCTGCCATGCACACTTT,,GGA,TCC,Gly,2
25p1,25p,1,l9Sp,Homo_sapiens_mito_tRNA-Gly-TCC,70,True,71,1,71,A,C,True,True,TTT,,GGA,TCC,Gly,1
25p1,25p,1,l9Sp,Homo_sapiens_mito_tRNA-Ile-GAT,65,True,72,1,72,A,C,True,True,TTT,,AUC,GAT,Ile,1
25p1,25p,1,l9Sp,Homo_sapiens_mito_tRNA-Leu1-TAG,58,True,74,13,74,T,C,False,True,TT,,CUA,TAG,Leu1,1
25p1,25p,1,l9Sp,Homo_sapiens_mito_tRNA-Leu2-TAA,55,True,78,20,78,G,C,False,True,TTT,,UUA,TAA,Leu2,2
25p1,25p,1,l9Sp,Homo_sapiens_mito_tRNA-Lys-TTT,47,True,73,1,73,C,C,True,True,TTT,,AAA,TTT,Lys,1
25p1,25p,1,l9Sp,Homo_sapiens_mito_tRNA-Lys-TTT,67,True,73,1,73,C,A,True,True,TT,,AAA,TTT,Lys,1
25p1,25p,1,l9Sp,Homo_sapiens_mito_tRNA-Lys-TTT,69,True,73,1,73,C,C,True,True,TTT,,AAA,TTT,Lys,1
25p1,25p,1,l9Sp,Homo_sapiens_mito_tRNA-Met-CAT,71,True,71,1,71,A,A,True,True,TTC,,AUG,CAT,Met,1
25p1,25p,1,l9Sp,Homo_sapiens_mito_tRNA-Met-CAT,71,True,71,1,71,A,A,True,True,TTT,,AUG,CAT,Met,1
25p1,25p,1,l9Sp,Homo_sapiens_mito_tRNA-Pro-TGG,29,True,71,42,71,T,C,False,True,TT,,CCA,TGG,Pro,1
25p1,25p,1,l9Sp,Homo_sapiens_mito_tRNA-Pro-TGG,59,True,71,1,71,C,C,True,True,TAT,,CCA,TGG,Pro,1
25p1,25p,1,l9Sp,Homo_sapiens_mito_tRNA-Pro-TGG,62,True,71,1,71,C,C,True,True,TT,,CCA,TGG,Pro,1
25p1,25p,1,l9Sp,Homo_sapiens_mito_tRNA-Thr-TGT,35,True,69,34,69,T,C,False,True,,,ACA,TGT,Thr,1
25p1,25p,1,l9Sp,Homo_sapiens_mito_tRNA-Thr-TGT,39,True,69,31,69,T,A,False,True,,,ACA,TGT,Thr,2
25p1,25p,1,l9Sp,Homo_sapiens_mito_tRNA-Thr-TGT,62,True,69,1,69,G,C,True,True,TC,,ACA,TGT,Thr,1
25p1,25p,1,l9Sp,Homo_sapiens_mito_tRNA-Trp-TCA,22,True,71,50,71,T,A,False,True,TTTT,,UGA,TCA,Trp,1
25p1,25p,1,l9Sp,Homo_sapiens_mito_tRNA-Tyr-GTA,25,True,69,44,69,A,C,False,True,TTT,,UAC,GTA,Tyr,1
25p1,25p,1,l9Sp,Homo_sapiens_mito_tRNA-Tyr-GTA,35,True,69,34,69,A,C,False,True,,,UAC,GTA,Tyr,1
25p1,25p,1,l9Sp,Homo_sapiens_mito_tRNA-Val-TAC,24,True,72,48,72,C,C,False,True,G,,GUA,TAC,Val,1
25p1,25p,1,l9Sp,Homo_sapiens_mito_tRNA-Val-TAC,53,True,72,19,72,A,C,False,True,T,,GUA,TAC,Val,1
25p1,25p,1,l9Sp,Homo_sapiens_mito_tRNA-Val-TAC,65,True,72,1,72,C,C,True,True,ATAATCTTGAAAAATT,,GUA,TAC,Val,1
25p1,25p,1,l9Sp,Homo_sapiens_mito_tRNA-Val-TAC,68,True,72,1,72,C,C,True,True,GCTT,,GUA,TAC,Val,1
25p1,25p,1,l9Sp,Homo_sapiens_tRNA-Ala-AGC-11-1,25,True,76,48,76,A,C,False,True,TA,,GCU,AGC,Ala,1
25p1,25p,1,l9Sp,Homo_sapiens_tRNA-Ala-AGC-11-1,27,True,76,46,76,G,C,False,True,T,,GCU,AGC,Ala,1
25p1,25p,1,l9Sp,Homo_sapiens_tRNA-Ala-AGC-11-1,32,True,76,38,76,T,C,False,True,CG,,GCU,AGC,Ala,1
25p1,25p,1,l9Sp,Homo_sapiens_tRNA-Ala-AGC-11-1,32,True,76,41,76,G,C,False,True,TGT,,GCU,AGC,Ala,1
25p1,25p,1,l9Sp,Homo_sapiens_tRNA-Ala-AGC-11-1,35,True,76,38,76,T,C,False,True,,,GCU,AGC,Ala,1
25p1,25p,1,l9Sp,Homo_sapiens_tRNA-Ala-AGC-11-1,35,True,76,38,76,T,C,False,True,TGGCT,,GCU,AGC,Ala,1
25p1,25p,1,l9Sp,Homo_sapiens_tRNA-Ala-AGC-11-1,37,True,76,27,76,C,C,False,True,TTT,,GCU,AGC,Ala,2
25p1,25p,1,l9Sp,Homo_sapiens_tRNA-Ala-AGC-2-1,31,True,75,41,75,C,C,False,True,CTTTT,,GCU,AGC,Ala,1
25p1,25p,1,l9Sp,Homo_sapiens_tRNA-Ala-AGC-2-1,38,True,75,37,75,T,C,False,True,CGTGCTTGGC,,GCU,AGC,Ala,1
25p1,25p,1,l9Sp,Homo_sapiens_tRNA-Ala-AGC-2-1,41,True,75,26,75,C,A,False,True,,,GCU,AGC,Ala,1
25p1,25p,1,l9Sp,Homo_sapiens_tRNA-Ala-AGC-2-1,42,True,75,16,75,T,C,False,True,TT,,GCU,AGC,Ala,1
25p1,25p,1,l9Sp,Homo_sapiens_tRNA-Ala-AGC-2-1,54,True,75,1,75,G,C,True,True,TTCG,,GCU,AGC,Ala,1
25p1,25p,1,l9Sp,Homo_sapiens_tRNA-Ala-AGC-2-1,56,True,75,6,75,T,A,False,True,TT,,GCU,AGC,Ala,1
25p1,25p,1,l9Sp,Homo_sapiens_tRNA-Ala-AGC-2-1,62,True,75,1,75,G,C,True,True,C,,GCU,AGC,Ala,1
25p1,25p,1,l9Sp,Homo_sapiens_tRNA-Ala-AGC-2-1,65,True,75,1,75,G,C,True,True,TT,,GCU,AGC,Ala,1
25p1,25p,1,l9Sp,Homo_sapiens_tRNA-Ala-AGC-2-1@Homo_sapiens_tRNA-Ala-AGC-3-1,23,False,75,53,75,T,A,False,True,T,,GCU,AGC,Ala,1
25p1,25p,1,l9Sp,Homo_sapiens_tRNA-Ala-AGC-3-1,33,True,75,39,75,T,C,False,True,TT,,GCU,AGC,Ala,1
25p1,25p,1,l9Sp,Homo_sapiens_tRNA-Ala-AGC-3-1,35,True,75,37,75,T,C,False,True,C,,GCU,AGC,Ala,1
25p1,25p,1,l9Sp,Homo_sapiens_tRNA-Ala-AGC-3-1,35,True,75,37,75,T,C,False,True,GCT,,GCU,AGC,Ala,1
25p1,25p,1,l9Sp,Homo_sapiens_tRNA-Ala-AGC-3-1,65,True,75,1,75,G,C,True,True,TTT,,GCU,AGC,Ala,1
25p1,25p,1,l9Sp,Homo_sapiens_tRNA-Ala-AGC-4-1,28,True,75,37,75,T,C,False,True,,,GCU,AGC,Ala,1
25p1,25p,1,l9Sp,Homo_sapiens_tRNA-Ala-AGC-4-1,35,True,75,37,75,T,C,False,True,,,GCU,AGC,Ala,1
25p1,25p,1,l9Sp,Homo_sapiens_tRNA-Ala-AGC-4-1,35,True,75,37,75,T,C,False,True,CATGCTTGGC,,GCU,AGC,Ala,1
25p1,25p,1,l9Sp,Homo_sapiens_tRNA-Ala-AGC-4-1,58,True,75,6,75,T,A,False,True,TT,,GCU,AGC,Ala,1
25p1,25p,1,l9Sp,Homo_sapiens_tRNA-Ala-AGC-4-1,61,True,75,1,75,G,C,True,True,TTC,,GCU,AGC,Ala,2
25p1,25p,1,l9Sp,Homo_sapiens_tRNA-Ala-AGC-5-1,46,True,75,26,75,C,C,False,True,,,GCU,AGC,Ala,1
25p1,25p,1,l9Sp,Homo_sapiens_tRNA-Ala-AGC-6-1,31,True,75,41,75,C,C,False,True,GTC,,GCU,AGC,Ala,1
25p1,25p,1,l9Sp,Homo_sapiens_tRNA-Ala-AGC-6-1,63,True,75,1,75,G,A,True,True,TT,,GCU,AGC,Ala,1
25p1,25p,1,l9Sp,Homo_sapiens_tRNA-Ala-AGC-6-1,65,True,75,1,75,G,C,True,True,TCT,,GCU,AGC,Ala,1
25p1,25p,1,l9Sp,Homo_sapiens_tRNA-Ala-AGC-8-1,27,True,76,46,76,G,C,False,True,,,GCU,AGC,Ala,1
25p1,25p,1,l9Sp,Homo_sapiens_tRNA-Ala-AGC-8-1,32,True,76,44,76,A,C,False,True,,,GCU,AGC,Ala,1
25p1,25p,1,l9Sp,Homo_sapiens_tRNA-Ala-AGC-8-1,36,True,76,38,76,T,A,False,True,TAT,,GCU,AGC,Ala,1
25p1,25p,1,l9Sp,Homo_sapiens_tRNA-Ala-AGC-8-1,37,True,76,19,76,G,C,False,True,T,,GCU,AGC,Ala,1
25p1,25p,1,l9Sp,Homo_sapiens_tRNA-Ala-AGC-8-1,40,True,76,19,76,G,C,False,True,T,,GCU,AGC,Ala,1
25p1,25p,1,l9Sp,Homo_sapiens_tRNA-Ala-AGC-8-1,49,True,76,1,76,G,C,True,True,TTTG,,GCU,AGC,Ala,1
25p1,25p,1,l9Sp,Homo_sapiens_tRNA-Ala-AGC-8-1,53,True,76,1,76,G,C,True,True,CC,,GCU,AGC,Ala,1
25p1,25p,1,l9Sp,Homo_sapiens_tRNA-Ala-AGC-8-1,55,True,76,9,76,A,C,False,True,,,GCU,AGC,Ala,1
25p1,25p,1,l9Sp,Homo_sapiens_tRNA-Ala-AGC-8-1,60,True,76,1,76,G,C,True,True,TTTG,,GCU,AGC,Ala,1
25p1,25p,1,l9Sp,Homo_sapiens_tRNA-Ala-AGC-8-1,63,True,76,1,76,G,C,True,True,TTT,,GCU,AGC,Ala,1
25p1,25p,1,l9Sp,Homo_sapiens_tRNA-Ala-CGC-1-1,30,True,75,26,75,C,C,False,True,A,,GCG,CGC,Ala,1
25p1,25p,1,l9Sp,Homo_sapiens_tRNA-Ala-CGC-1-1,43,True,75,26,75,C,C,False,True,,,GCG,CGC,Ala,1
25p1,25p,1,l9Sp,Homo_sapiens_tRNA-Ala-CGC-1-1,43,True,75,27,75,A,A,False,True,TCT,,GCG,CGC,Ala,1
25p1,25p,1,l9Sp,Homo_sapiens_tRNA-Ala-CGC-1-1@Homo_sapiens_tRNA-Ala-TGC-2-1,35,False,75,37,75,T,C,False,True,,,GCG,CGC,Ala,1
25p1,25p,1,l9Sp,Homo_sapiens_tRNA-Ala-CGC-1-1@Homo_sapiens_tRNA-Ala-TGC-2-1,38,False,75,37,75,T,C,False,True,,,GCG,CGC,Ala,3
25p1,25p,1,l9Sp,Homo_sapiens_tRNA-Ala-CGC-2-1,46,True,75,26,75,C,C,False,True,A,,GCG,CGC,Ala,1
25p1,25p,1,l9Sp,Homo_sapiens_tRNA-Ala-CGC-2-1,57,True,75,1,75,G,C,True,True,AC,,GCG,CGC,Ala,1
25p1,25p,1,l9Sp,Homo_sapiens_tRNA-Ala-CGC-2-1,65,True,75,1,75,G,C,True,True,TC,,GCG,CGC,Ala,1
25p1,25p,1,l9Sp,Homo_sapiens_tRNA-Ala-CGC-2-1@Homo_sapiens_tRNA-Ala-TGC-2-1@Homo_sapiens_tRNA-Ala-TGC-3-1,26,False,75,49,75,C,C,False,True,TT,,GCG,CGC,Ala,1
25p1,25p,1,l9Sp,Homo_sapiens_tRNA-Ala-CGC-2-1@Homo_sapiens_tRNA-Ala-TGC-2-1@Homo_sapiens_tRNA-Ala-TGC-3-1,27,False,75,48,75,C,C,False,True,,,GCG,CGC,Ala,1
25p1,25p,1,l9Sp,Homo_sapiens_tRNA-Ala-CGC-2-1@Homo_sapiens_tRNA-Ala-TGC-3-1,20,False,75,37,75,T,C,False,True,T,,GCG,CGC,Ala,1
25p1,25p,1,l9Sp,Homo_sapiens_tRNA-Ala-CGC-2-1@Homo_sapiens_tRNA-Ala-TGC-3-1,30,False,75,39,75,T,C,False,True,,,GCG,CGC,Ala,1
25p1,25p,1,l9Sp,Homo_sapiens_tRNA-Ala-CGC-2-1@Homo_sapiens_tRNA-Ala-TGC-3-1,33,False,75,37,75,T,A,False,True,,,GCG,CGC,Ala,1
25p1,25p,1,l9Sp,Homo_sapiens_tRNA-Ala-CGC-2-1@Homo_sapiens_tRNA-Ala-TGC-3-1,34,False,75,38,75,G,C,False,True,C,,GCG,CGC,Ala,1
25p1,25p,1,l9Sp,Homo_sapiens_tRNA-Ala-CGC-2-1@Homo_sapiens_tRNA-Ala-TGC-3-1,35,False,75,37,75,T,C,False,True,,,GCG,CGC,Ala,3
25p1,25p,1,l9Sp,Homo_sapiens_tRNA-Ala-CGC-2-1@Homo_sapiens_tRNA-Ala-TGC-3-1,35,False,75,37,75,T,C,False,True,C,,GCG,CGC,Ala,1
25p1,25p,1,l9Sp,Homo_sapiens_tRNA-Ala-CGC-2-1@Homo_sapiens_tRNA-Ala-TGC-3-1,35,False,75,37,75,T,C,False,True,T,,GCG,CGC,Ala,1
25p1,25p,1,l9Sp,Homo_sapiens_tRNA-Ala-CGC-2-1@Homo_sapiens_tRNA-Ala-TGC-3-1,38,False,75,37,75,T,C,False,True,,,GCG,CGC,Ala,1
25p1,25p,1,l9Sp,Homo_sapiens_tRNA-Ala-CGC-2-1@Homo_sapiens_tRNA-Ala-TGC-3-1,38,False,75,37,75,T,C,False,True,T,,GCG,CGC,Ala,1
25p1,25p,1,l9Sp,Homo_sapiens_tRNA-Ala-CGC-2-1@Homo_sapiens_tRNA-Ala-TGC-3-1,39,False,75,36,75,A,C,False,True,,,GCG,CGC,Ala,1
25p1,25p,1,l9Sp,Homo_sapiens_tRNA-Ala-CGC-3-1,32,True,75,41,75,T,A,False,True,A,,GCG,CGC,Ala,2
25p1,25p,1,l9Sp,Homo_sapiens_tRNA-Ala-CGC-3-1,35,True,75,37,75,T,C,False,True,GCT,,GCG,CGC,Ala,1
25p1,25p,1,l9Sp,Homo_sapiens_tRNA-Ala-CGC-3-1,38,True,75,31,75,T,C,False,True,,,GCG,CGC,Ala,1
25p1,25p,1,l9Sp,Homo_sapiens_tRNA-Ala-CGC-3-1,43,True,75,26,75,C,C,False,True,,,GCG,CGC,Ala,1
25p1,25p,1,l9Sp,Homo_sapiens_tRNA-Ala-CGC-3-1,44,True,75,26,75,C,A,False,True,,,GCG,CGC,Ala,3
25p1,25p,1,l9Sp,Homo_sapiens_tRNA-Ala-CGC-3-1,57,True,75,1,75,G,C,True,True,,,GCG,CGC,Ala,1
25p1,25p,1,l9Sp,Homo_sapiens_tRNA-Ala-CGC-3-1@Homo_sapiens_tRNA-Ala-TGC-4-1,24,False,75,48,75,C,C,False,True,CCT,,GCG,CGC,Ala,1
25p1,25p,1,l9Sp,Homo_sapiens_tRNA-Ala-TGC-1-1,38,True,75,31,75,T,C,False,True,TTT,,GCA,TGC,Ala,1
25p1,25p,1,l9Sp,Homo_sapiens_tRNA-Ala-TGC-2-1,47,True,75,26,75,C,A,False,True,,,GCA,TGC,Ala,3
25p1,25p,1,l9Sp,Homo_sapiens_tRNA-Ala-TGC-3-1,42,True,75,30,75,C,C,False,True,,,GCA,TGC,Ala,1
25p1,25p,1,l9Sp,Homo_sapiens_tRNA-Ala-TGC-3-1,57,True,75,1,75,G,C,True,True,TTT,,GCA,TGC,Ala,2
25p1,25p,1,l9Sp,Homo_sapiens_tRNA-Ala-TGC-3-1,63,True,75,3,75,G,C,False,True,TCGGC,,GCA,TGC,Ala,1
25p1,25p,1,l9Sp,Homo_sapiens_tRNA-Ala-TGC-3-1,65,True,75,1,75,G,C,True,True,CTT,,GCA,TGC,Ala,1
25p1,25p,1,l9Sp,Homo_sapiens_tRNA-Ala-TGC-3-1,65,True,75,1,75,G,C,True,True,GTT,,GCA,TGC,Ala,1
25p1,25p,1,l9Sp,Homo_sapiens_tRNA-Ala-TGC-3-1,68,True,75,1,75,G,C,True,True,CTT,,GCA,TGC,Ala,1
25p1,25p,1,l9Sp,Homo_sapiens_tRNA-Ala-TGC-3-1,68,True,75,1,75,G,C,True,True,TC,,GCA,TGC,Ala,1
25p1,25p,1,l9Sp,Homo_sapiens_tRNA-Ala-TGC-4-1,38,True,75,37,75,C,C,False,True,,,GCA,TGC,Ala,1
25p1,25p,1,l9Sp,Homo_sapiens_tRNA-Ala-TGC-4-1,46,True,75,20,75,A,C,False,True,,,GCA,TGC,Ala,1
25p1,25p,1,l9Sp,Homo_sapiens_tRNA-Ala-TGC-4-1,47,True,75,26,75,C,A,False,True,TC,,GCA,TGC,Ala,1
25p1,25p,1,l9Sp,Homo_sapiens_tRNA-Ala-TGC-4-1,49,True,75,26,75,C,C,False,True,TCGCA,,GCA,TGC,Ala,1
25p1,25p,1,l9Sp,Homo_sapiens_tRNA-Ala-TGC-4-1,72,True,75,1,75,G,A,True,True,TTC,,GCA,TGC,Ala,2
25p1,25p,1,l9Sp,Homo_sapiens_tRNA-Ala-TGC-5-1,22,True,75,50,75,G,C,False,True,,,GCA,TGC,Ala,1
25p1,25p,1,l9Sp,Homo_sapiens_tRNA-Ala-TGC-5-1,27,True,75,46,75,C,A,False,True,C,,GCA,TGC,Ala,1
25p1,25p,1,l9Sp,Homo_sapiens_tRNA-Ala-TGC-5-1,69,True,75,1,75,G,A,True,True,TTC,,GCA,TGC,Ala,1
25p1,25p,1,l9Sp,Homo_sapiens_tRNA-Arg-ACG-1-1,35,True,76,38,76,A,C,False,True,,,CGU,ACG,Arg,1
25p1,25p,1,l9Sp,Homo_sapiens_tRNA-Arg-ACG-1-1,35,True,76,38,76,A,C,False,True,A,,CGU,ACG,Arg,1
25p1,25p,1,l9Sp,Homo_sapiens_tRNA-Arg-ACG-1-1,35,True,76,38,76,A,C,False,True,TTGGGCCAGTTGCGC,,CGU,ACG,Arg,1
25p1,25p,1,l9Sp,Homo_sapiens_tRNA-Arg-ACG-1-1,35,True,76,38,76,A,C,False,True,TTT,,CGU,ACG,Arg,1
25p1,25p,1,l9Sp,Homo_sapiens_tRNA-Arg-ACG-1-1,38,True,76,38,76,A,C,False,True,,,CGU,ACG,Arg,1
25p1,25p,1,l9Sp,Homo_sapiens_tRNA-Arg-ACG-1-1,40,True,76,27,76,T,C,False,True,TTT,,CGU,ACG,Arg,1
25p1,25p,1,l9Sp,Homo_sapiens_tRNA-Arg-ACG-1-1,43,True,76,27,76,T,C,False,True,,,CGU,ACG,Arg,1
25p1,25p,1,l9Sp,Homo_sapiens_tRNA-Arg-ACG-1-1,55,True,76,10,76,G,A,False,True,TT,,CGU,ACG,Arg,1
25p1,25p,1,l9Sp,Homo_sapiens_tRNA-Arg-ACG-1-1,60,True,76,1,76,G,C,True,True,TTT,,CGU,ACG,Arg,2
25p1,25p,1,l9Sp,Homo_sapiens_tRNA-Arg-ACG-1-1,63,True,76,1,76,G,C,True,True,,,CGU,ACG,Arg,1
25p1,25p,1,l9Sp,Homo_sapiens_tRNA-Arg-ACG-2-1,35,True,76,38,76,A,C,False,True,,,CGU,ACG,Arg,2
25p1,25p,1,l9Sp,Homo_sapiens_tRNA-Arg-ACG-2-1,38,True,76,35,76,C,C,False,True,TG,,CGU,ACG,Arg,1
25p1,25p,1,l9Sp,Homo_sapiens_tRNA-Arg-ACG-2-1,60,True,76,1,76,G,C,True,True,ATT,,CGU,ACG,Arg,1
25p1,25p,1,l9Sp,Homo_sapiens_tRNA-Arg-ACG-2-1,60,True,76,1,76,G,C,True,True,TTT,,CGU,ACG,Arg,2
25p1,25p,1,l9Sp,Homo_sapiens_tRNA-Arg-CCG-1-1,38,True,76,32,76,T,C,False,True,TT,,CGG,CCG,Arg,1
25p1,25p,1,l9Sp,Homo_sapiens_tRNA-Arg-CCG-1-1,40,True,76,33,76,T,C,False,True,,,CGG,CCG,Arg,1
25p1,25p,1,l9Sp,Homo_sapiens_tRNA-Arg-CCG-1-1,43,True,76,27,76,T,C,False,True,,,CGG,CCG,Arg,1
25p1,25p,1,l9Sp,Homo_sapiens_tRNA-Arg-CCG-1-1,56,True,76,11,76,C,C,False,True,,,CGG,CCG,Arg,1
25p1,25p,1,l9Sp,Homo_sapiens_tRNA-Arg-CCG-1-1,59,True,76,8,76,T,C,False,True,CTAGTCCCCACT,,CGG,CCG,Arg,1
25p1,25p,1,l9Sp,Homo_sapiens_tRNA-Arg-CCG-1-1,66,True,76,1,76,G,C,True,True,TTT,,CGG,CCG,Arg,1
25p1,25p,1,l9Sp,Homo_sapiens_tRNA-Arg-CCG-1-1@Homo_sapiens_tRNA-Arg-TCG-3-1,23,False,76,47,76,T,C,False,True,TTT,,CGG,CCG,Arg,1
25p1,25p,1,l9Sp,Homo_sapiens_tRNA-Arg-CCG-1-1@Homo_sapiens_tRNA-Arg-TCG-3-1,26,False,76,47,76,T,C,False,True,C,,CGG,CCG,Arg,1
25p1,25p,1,l9Sp,Homo_sapiens_tRNA-Arg-CCG-1-1@Homo_sapiens_tRNA-Arg-TCG-3-1,30,False,76,46,76,A,C,False,True,C,,CGG,CCG,Arg,1
25p1,25p,1,l9Sp,Homo_sapiens_tRNA-Arg-CCG-1-1@Homo_sapiens_tRNA-Arg-TCG-3-1,35,False,76,38,76,A,C,False,True,,,CGG,CCG,Arg,1
25p1,25p,1,l9Sp,Homo_sapiens_tRNA-Arg-CCG-1-1@Homo_sapiens_tRNA-Arg-TCG-3-1,36,False,76,41,76,A,A,False,True,,,CGG,CCG,Arg,1
25p1,25p,1,l9Sp,Homo_sapiens_tRNA-Arg-CCG-2-1,32,True,76,38,76,A,C,False,True,,,CGG,CCG,Arg,1
25p1,25p,1,l9Sp,Homo_sapiens_tRNA-Arg-CCG-2-1,36,True,76,38,76,A,A,False,True,,,CGG,CCG,Arg,1
25p1,25p,1,l9Sp,Homo_sapiens_tRNA-Arg-CCG-2-1,38,True,76,36,76,G,A,False,True,,,CGG,CCG,Arg,1
25p1,25p,1,l9Sp,Homo_sapiens_tRNA-Arg-CCG-2-1,38,True,76,39,76,G,A,False,True,,,CGG,CCG,Arg,1
25p1,25p,1,l9Sp,Homo_sapiens_tRNA-Arg-CCG-2-1,58,True,76,16,76,T,A,False,True,T,,CGG,CCG,Arg,1
25p1,25p,1,l9Sp,Homo_sapiens_tRNA-Arg-CCG-2-1,61,True,76,1,76,G,C,True,True,TTT,,CGG,CCG,Arg,1
25p1,25p,1,l9Sp,Homo_sapiens_tRNA-Arg-CCG-2-1,66,True,76,1,76,G,C,True,True,GC,,CGG,CCG,Arg,1
25p1,25p,1,l9Sp,Homo_sapiens_tRNA-Arg-CCG-2-1,66,True,76,8,76,T,A,False,True,,,CGG,CCG,Arg,1
25p1,25p,1,l9Sp,Homo_sapiens_tRNA-Arg-CCG-2-1,67,True,76,1,76,G,A,True,True,TTT,,CGG,CCG,Arg,1
25p1,25p,1,l9Sp,Homo_sapiens_tRNA-Arg-CCT-1-1,27,True,76,46,76,A,C,False,True,,,AGG,CCT,Arg,1
25p1,25p,1,l9Sp,Homo_sapiens_tRNA-Arg-CCT-1-1,40,True,76,33,76,T,C,False,True,,,AGG,CCT,Arg,2
25p1,25p,1,l9Sp,Homo_sapiens_tRNA-Arg-CCT-1-1,63,True,76,10,76,G,C,False,True,C,,AGG,CCT,Arg,1
25p1,25p,1,l9Sp,Homo_sapiens_tRNA-Arg-CCT-2-1,34,True,76,40,76,C,A,False,True,TCCT,,AGG,CCT,Arg,1
25p1,25p,1,l9Sp,Homo_sapiens_tRNA-Arg-CCT-2-1,37,True,76,36,76,T,C,False,True,ATCG,,AGG,CCT,Arg,1
25p1,25p,1,l9Sp,Homo_sapiens_tRNA-Arg-CCT-4-1,61,True,76,1,76,G,C,True,True,TCC,,AGG,CCT,Arg,1
25p1,25p,1,l9Sp,Homo_sapiens_tRNA-Arg-CCT-4-1,69,True,76,1,76,G,C,True,True,TT,,AGG,CCT,Arg,1
25p1,25p,1,l9Sp,Homo_sapiens_tRNA-Arg-TCG-1-1,60,True,76,1,76,G,C,True,True,TCT,,CGA,TCG,Arg,1
25p1,25p,1,l9Sp,Homo_sapiens_tRNA-Arg-TCG-2-1,27,True,76,46,76,A,C,False,True,T,,CGA,TCG,Arg,1
25p1,25p,1,l9Sp,Homo_sapiens_tRNA-Arg-TCG-2-1,43,True,76,27,76,T,C,False,True,,,CGA,TCG,Arg,1
25p1,25p,1,l9Sp,Homo_sapiens_tRNA-Arg-TCG-3-1,34,True,76,33,72,T,C,False,False,,CCC,CGA,TCG,Arg,1
25p1,25p,1,l9Sp,Homo_sapiens_tRNA-Arg-TCG-3-1,41,True,76,32,76,C,C,False,True,TCTTCTGAT,,CGA,TCG,Arg,1
25p1,25p,1,l9Sp,Homo_sapiens_tRNA-Arg-TCG-3-1,47,True,76,27,76,T,A,False,True,,,CGA,TCG,Arg,2
25p1,25p,1,l9Sp,Homo_sapiens_tRNA-Arg-TCG-3-1,63,True,76,1,76,G,C,True,True,TTT,,CGA,TCG,Arg,1
25p1,25p,1,l9Sp,Homo_sapiens_tRNA-Arg-TCG-5-1,24,True,76,49,76,G,C,False,True,TTC,,CGA,TCG,Arg,1
25p1,25p,1,l9Sp,Homo_sapiens_tRNA-Arg-TCG-5-1,34,True,76,39,76,T,C,False,True,,,CGA,TCG,Arg,1
25p1,25p,1,l9Sp,Homo_sapiens_tRNA-Arg-TCG-5-1,43,True,76,27,76,T,C,False,True,,,CGA,TCG,Arg,1
25p1,25p,1,l9Sp,Homo_sapiens_tRNA-Arg-TCT-1-1,38,True,76,35,76,C,C,False,True,TC,,AGA,TCT,Arg,1
25p1,25p,1,l9Sp,Homo_sapiens_tRNA-Arg-TCT-1-1,45,True,76,29,76,G,A,False,True,TG,,AGA,TCT,Arg,1
25p1,25p,1,l9Sp,Homo_sapiens_tRNA-Arg-TCT-1-1,63,True,76,1,76,G,C,True,True,CTT,,AGA,TCT,Arg,1
25p1,25p,1,l9Sp,Homo_sapiens_tRNA-Arg-TCT-1-1,65,True,76,1,76,G,C,True,True,TTT,,AGA,TCT,Arg,1
25p1,25p,1,l9Sp,Homo_sapiens_tRNA-Arg-TCT-2-1,38,True,76,38,76,A,C,False,True,,,AGA,TCT,Arg,1
25p1,25p,1,l9Sp,Homo_sapiens_tRNA-Arg-TCT-2-1,40,True,76,33,76,T,C,False,True,TGAAA,,AGA,TCT,Arg,1
25p1,25p,1,l9Sp,Homo_sapiens_tRNA-Arg-TCT-2-1,66,True,76,1,76,G,C,True,True,ATC,,AGA,TCT,Arg,1
25p1,25p,1,l9Sp,Homo_sapiens_tRNA-Arg-TCT-2-1@Homo_sapiens_tRNA-Arg-TCT-3-1,34,False,76,35,76,C,A,False,True,C,,AGA,TCT,Arg,2
25p1,25p,1,l9Sp,Homo_sapiens_tRNA-Arg-TCT-3-1,38,True,76,35,76,C,C,False,True,TC,,AGA,TCT,Arg,2
25p1,25p,1,l9Sp,Homo_sapiens_tRNA-Arg-TCT-3-1,39,True,76,35,76,C,A,False,True,C,,AGA,TCT,Arg,1
25p1,25p,1,l9Sp,Homo_sapiens_tRNA-Arg-TCT-4-1,40,True,77,34,77,T,C,False,True,,,AGA,TCT,Arg,1
25p1,25p,1,l9Sp,Homo_sapiens_tRNA-Asn-GTT-1-1,42,True,77,32,77,G,C,False,True,TAT,,AAC,GTT,Asn,1
25p1,25p,1,l9Sp,Homo_sapiens_tRNA-Asn-GTT-1-1,46,True,77,28,77,T,C,False,True,T,,AAC,GTT,Asn,1
25p1,25p,1,l9Sp,Homo_sapiens_tRNA-Asn-GTT-1-1,64,True,77,4,77,T,C,False,True,TTT,,AAC,GTT,Asn,1
25p1,25p,1,l9Sp,Homo_sapiens_tRNA-Asn-GTT-2-1@Homo_sapiens_tRNA-Asn-GTT-3-1,34,False,77,32,77,G,C,False,True,,,AAC,GTT,Asn,1
25p1,25p,1,l9Sp,Homo_sapiens_tRNA-Asn-GTT-2-1@Homo_sapiens_tRNA-Asn-GTT-3-1,39,False,77,38,77,A,C,False,True,,,AAC,GTT,Asn,2
25p1,25p,1,l9Sp,Homo_sapiens_tRNA-Asn-GTT-2-1@Homo_sapiens_tRNA-Asn-GTT-3-1,40,False,77,34,77,T,C,False,True,,,AAC,GTT,Asn,1
25p1,25p,1,l9Sp,Homo_sapiens_tRNA-Asn-GTT-2-1@Homo_sapiens_tRNA-Asn-GTT-3-1,46,False,77,28,77,T,C,False,True,TT,,AAC,GTT,Asn,2
25p1,25p,1,l9Sp,Homo_sapiens_tRNA-Asn-GTT-2-1@Homo_sapiens_tRNA-Asn-GTT-3-1,47,False,77,28,77,T,A,False,True,T,,AAC,GTT,Asn,1
25p1,25p,1,l9Sp,Homo_sapiens_tRNA-Asn-GTT-2-1@Homo_sapiens_tRNA-Asn-GTT-3-1,49,False,77,22,77,A,C,False,True,TC,,AAC,GTT,Asn,1
25p1,25p,1,l9Sp,Homo_sapiens_tRNA-Asn-GTT-2-1@Homo_sapiens_tRNA-Asn-GTT-3-1,52,False,77,19,77,G,C,False,True,,,AAC,GTT,Asn,1
25p1,25p,1,l9Sp,Homo_sapiens_tRNA-Asn-GTT-2-1@Homo_sapiens_tRNA-Asn-GTT-3-1,53,False,77,10,77,G,C,False,True,TC,,AAC,GTT,Asn,1
25p1,25p,1,l9Sp,Homo_sapiens_tRNA-Asn-GTT-2-1@Homo_sapiens_tRNA-Asn-GTT-3-1,53,False,77,18,77,G,C,False,True,TTGG,,AAC,GTT,Asn,1
25p1,25p,1,l9Sp,Homo_sapiens_tRNA-Asn-GTT-2-1@Homo_sapiens_tRNA-Asn-GTT-3-1,61,False,77,13,77,C,C,False,True,,,AAC,GTT,Asn,1
25p1,25p,1,l9Sp,Homo_sapiens_tRNA-Asn-GTT-2-1@Homo_sapiens_tRNA-Asn-GTT-3-1,67,False,77,1,77,G,C,True,True,CTT,,AAC,GTT,Asn,1
25p1,25p,1,l9Sp,Homo_sapiens_tRNA-Asn-GTT-2-1@Homo_sapiens_tRNA-Asn-GTT-3-1,70,False,77,1,77,G,C,True,True,TTT,,AAC,GTT,Asn,1
25p1,25p,1,l9Sp,Homo_sapiens_tRNA-Asn-GTT-2-1@Homo_sapiens_tRNA-Asn-GTT-3-1,73,False,77,1,77,G,C,True,True,TC,,AAC,GTT,Asn,2
25p1,25p,1,l9Sp,Homo_sapiens_tRNA-Asn-GTT-2-1@Homo_sapiens_tRNA-Asn-GTT-3-1@Homo_sapiens_tRNA-Asn-GTT-5-1,29,False,77,45,77,A,C,False,True,,,AAC,GTT,Asn,1
25p1,25p,1,l9Sp,Homo_sapiens_tRNA-Asn-GTT-3-1,61,True,77,4,77,T,A,False,True,T,,AAC,GTT,Asn,1
25p1,25p,1,l9Sp,Homo_sapiens_tRNA-Asn-GTT-3-1,64,True,77,10,77,G,C,False,True,TCTGTCTCTT,,AAC,GTT,Asn,1
25p1,25p,1,l9Sp,Homo_sapiens_tRNA-Asn-GTT-3-1,65,True,77,1,77,G,C,True,True,TTTT,,AAC,GTT,Asn,1
25p1,25p,1,l9Sp,Homo_sapiens_tRNA-Asn-GTT-3-1,67,True,77,4,77,T,C,False,True,TTG,,AAC,GTT,Asn,1
25p1,25p,1,l9Sp,Homo_sapiens_tRNA-Asn-GTT-3-1,70,True,77,1,77,G,C,True,True,TTC,,AAC,GTT,Asn,1
25p1,25p,1,l9Sp,Homo_sapiens_tRNA-Asn-GTT-3-1,70,True,77,1,77,G,C,True,True,TTT,,AAC,GTT,Asn,1
25p1,25p,1,l9Sp,Homo_sapiens_tRNA-Asp-GTC-1-1@Homo_sapiens_tRNA-Asp-GTC-2-1,59,False,75,10,75,G,C,False,True,TTT,,GAC,GTC,Asp,1
25p1,25p,1,l9Sp,Homo_sapiens_tRNA-Asp-GTC-2-1,59,True,75,13,75,T,C,False,True,TTT,,GAC,GTC,Asp,1
25p1,25p,1,l9Sp,Homo_sapiens_tRNA-Asp-GTC-2-1,62,True,75,10,75,G,C,False,True,TTT,,GAC,GTC,Asp,1
25p1,25p,1,l9Sp,Homo_sapiens_tRNA-Asp-GTC-2-1,66,True,75,10,75,G,A,False,True,TTT,,GAC,GTC,Asp,1
25p1,25p,1,l9Sp,Homo_sapiens_tRNA-Asp-GTC-2-1,69,True,75,4,75,T,A,False,True,,,GAC,GTC,Asp,2
25p1,25p,1,l9Sp,Homo_sapiens_tRNA-Asp-GTC-2-1,71,True,75,1,75,T,C,True,True,TT,,GAC,GTC,Asp,4
25p1,25p,1,l9Sp,Homo_sapiens_tRNA-Asp-GTC-2-1,71,True,75,1,75,T,C,True,True,TTTT,,GAC,GTC,Asp,1
25p1,25p,1,l9Sp,Homo_sapiens_tRNA-Asp-GTC-2-1,72,True,75,1,75,T,A,True,True,TTG,,GAC,GTC,Asp,1
25p1,25p,1,l9Sp,Homo_sapiens_tRNA-Asp-GTC-2-1,74,True,75,1,75,T,C,True,True,TC,,GAC,GTC,Asp,2
25p1,25p,1,l9Sp,Homo_sapiens_tRNA-Asp-GTC-2-1@Homo_sapiens_tRNA-Asp-GTC-3-1,23,False,75,50,75,G,A,False,True,TTC,,GAC,GTC,Asp,1
25p1,25p,1,l9Sp,Homo_sapiens_tRNA-Asp-GTC-2-1@Homo_sapiens_tRNA-Asp-GTC-3-1,29,False,75,43,75,G,C,False,True,,,GAC,GTC,Asp,1
25p1,25p,1,l9Sp,Homo_sapiens_tRNA-Asp-GTC-2-1@Homo_sapiens_tRNA-Asp-GTC-3-1,31,False,75,44,75,A,C,False,True,,,GAC,GTC,Asp,1
25p1,25p,1,l9Sp,Homo_sapiens_tRNA-Cys-GCA-10-1,31,True,75,41,75,A,C,False,True,TTT,,UGC,GCA,Cys,1
25p1,25p,1,l9Sp,Homo_sapiens_tRNA-Cys-GCA-12-1,66,True,75,1,75,G,A,True,True,TTT,,UGC,GCA,Cys,1
25p1,25p,1,l9Sp,Homo_sapiens_tRNA-Cys-GCA-2-1,52,True,75,14,75,A,C,False,True,TTT,,UGC,GCA,Cys,1
25p1,25p,1,l9Sp,Homo_sapiens_tRNA-Cys-GCA-2-1,60,True,75,1,75,G,C,True,True,TTTG,,UGC,GCA,Cys,2
25p1,25p,1,l9Sp,Homo_sapiens_tRNA-Cys-GCA-4-1,25,True,75,47,75,C,C,False,True,,,UGC,GCA,Cys,1
25p1,25p,1,l9Sp,Homo_sapiens_tRNA-Cys-GCA-4-1,62,True,75,1,75,G,C,True,True,TTT,,UGC,GCA,Cys,2
25p1,25p,1,l9Sp,Homo_sapiens_tRNA-Cys-GCA-5-1@Homo_sapiens_tRNA-Cys-GCA-7-1@Homo_sapiens_tRNA-Cys-GCA-8-1,20,False,76,53,76,G,C,False,True,C,,UGC,GCA,Cys,1
25p1,25p,1,l9Sp,Homo_sapiens_tRNA-Cys-GCA-5-1@Homo_sapiens_tRNA-Cys-GCA-7-1@Homo_sapiens_tRNA-Cys-GCA-8-1,32,False,76,38,76,A,C,False,True,,,UGC,GCA,Cys,2
25p1,25p,1,l9Sp,Homo_sapiens_tRNA-Cys-GCA-5-1@Homo_sapiens_tRNA-Cys-GCA-7-1@Homo_sapiens_tRNA-Cys-GCA-8-1,35,False,76,38,76,A,C,False,True,,,UGC,GCA,Cys,1
25p1,25p,1,l9Sp,Homo_sapiens_tRNA-Cys-GCA-5-1@Homo_sapiens_tRNA-Cys-GCA-7-1@Homo_sapiens_tRNA-Cys-GCA-8-1,35,False,76,38,76,A,C,False,True,CCAT,,UGC,GCA,Cys,1
25p1,25p,1,l9Sp,Homo_sapiens_tRNA-Cys-GCA-5-1@Homo_sapiens_tRNA-Cys-GCA-7-1@Homo_sapiens_tRNA-Cys-GCA-8-1,42,False,76,31,76,A,C,False,True,,,UGC,GCA,Cys,1
25p1,25p,1,l9Sp,Homo_sapiens_tRNA-Cys-GCA-5-1@Homo_sapiens_tRNA-Cys-GCA-7-1@Homo_sapiens_tRNA-Cys-GCA-8-1,49,False,76,21,76,A,C,False,True,TG,,UGC,GCA,Cys,1
25p1,25p,1,l9Sp,Homo_sapiens_tRNA-Cys-GCA-6-1,71,True,75,1,75,G,C,True,True,TCG,,UGC,GCA,Cys,1
25p1,25p,1,l9Sp,Homo_sapiens_tRNA-Gln-CTG-1-1,52,True,75,23,75,C,C,False,True,TT,,CAG,CTG,Gln,1
25p1,25p,1,l9Sp,Homo_sapiens_tRNA-Gln-CTG-1-1,53,True,75,19,75,T,C,False,True,,,CAG,CTG,Gln,1
25p1,25p,1,l9Sp,Homo_sapiens_tRNA-Gln-CTG-1-1,54,True,75,18,75,G,C,False,True,,,CAG,CTG,Gln,1
25p1,25p,1,l9Sp,Homo_sapiens_tRNA-Gln-CTG-1-1,55,True,75,20,75,T,C,False,True,,,CAG,CTG,Gln,1
25p1,25p,1,l9Sp,Homo_sapiens_tRNA-Gln-CTG-1-1,59,True,75,10,75,G,C,False,True,T,,CAG,CTG,Gln,1
25p1,25p,1,l9Sp,Homo_sapiens_tRNA-Gln-CTG-1-1,63,True,75,10,75,G,A,False,True,TA,,CAG,CTG,Gln,1
25p1,25p,1,l9Sp,Homo_sapiens_tRNA-Gln-CTG-1-1,66,True,75,3,75,T,C,False,True,GC,,CAG,CTG,Gln,1
25p1,25p,1,l9Sp,Homo_sapiens_tRNA-Gln-CTG-1-1,68,True,75,1,75,G,C,True,True,TC,,CAG,CTG,Gln,1
25p1,25p,1,l9Sp,Homo_sapiens_tRNA-Gln-CTG-1-1,68,True,75,1,75,G,C,True,True,TCG,,CAG,CTG,Gln,1
25p1,25p,1,l9Sp,Homo_sapiens_tRNA-Gln-CTG-1-1,68,True,75,1,75,G,C,True,True,TTT,,CAG,CTG,Gln,2
25p1,25p,1,l9Sp,Homo_sapiens_tRNA-Gln-CTG-1-1,69,True,75,1,75,G,A,True,True,TCT,,CAG,CTG,Gln,1
25p1,25p,1,l9Sp,Homo_sapiens_tRNA-Gln-CTG-1-1,71,True,75,1,75,G,C,True,True,TT,,CAG,CTG,Gln,1
25p1,25p,1,l9Sp,Homo_sapiens_tRNA-Gln-CTG-1-1,71,True,75,1,75,G,C,True,True,TTTTT,,CAG,CTG,Gln,1
25p1,25p,1,l9Sp,Homo_sapiens_tRNA-Gln-CTG-1-1,74,True,75,1,75,G,C,True,True,CTC,,CAG,CTG,Gln,1
25p1,25p,1,l9Sp,Homo_sapiens_tRNA-Gln-CTG-1-1@Homo_sapiens_tRNA-Gln-CTG-5-1,26,False,75,49,75,C,C,False,True,T,,CAG,CTG,Gln,1
25p1,25p,1,l9Sp,Homo_sapiens_tRNA-Gln-CTG-1-1@Homo_sapiens_tRNA-Gln-CTG-5-1,29,False,75,46,75,A,C,False,True,CGGTTCC,,CAG,CTG,Gln,1
25p1,25p,1,l9Sp,Homo_sapiens_tRNA-Gln-CTG-1-1@Homo_sapiens_tRNA-Gln-TTG-1-1@Homo_sapiens_tRNA-Gln-TTG-3-1,53,False,75,19,75,T,C,False,True,T,,CAG,CTG,Gln,1
25p1,25p,1,l9Sp,Homo_sapiens_tRNA-Gln-CTG-1-1@Homo_sapiens_tRNA-Gln-TTG-1-1@Homo_sapiens_tRNA-Gln-TTG-3-1,59,False,75,10,75,G,C,False,True,TCGGTCCCTT,,CAG,CTG,Gln,1
25p1,25p,1,l9Sp,Homo_sapiens_tRNA-Gln-CTG-2-1,44,True,75,31,75,A,C,False,True,T,,CAG,CTG,Gln,2
25p1,25p,1,l9Sp,Homo_sapiens_tRNA-Gln-CTG-2-1,56,True,75,16,75,T,C,False,True,,,CAG,CTG,Gln,1
25p1,25p,1,l9Sp,Homo_sapiens_tRNA-Gln-CTG-4-1,71,True,75,1,75,G,C,True,True,AC,,CAG,CTG,Gln,1
25p1,25p,1,l9Sp,Homo_sapiens_tRNA-Gln-TTG-1-1,68,True,75,1,75,G,C,True,True,CTT,,CAA,TTG,Gln,1
25p1,25p,1,l9Sp,Homo_sapiens_tRNA-Gln-TTG-1-1,69,True,75,1,75,G,A,True,True,TTT,,CAA,TTG,Gln,1
25p1,25p,1,l9Sp,Homo_sapiens_tRNA-Gln-TTG-1-1@Homo_sapiens_tRNA-Gln-TTG-3-1,26,False,75,46,75,A,C,False,True,,,CAA,TTG,Gln,1
25p1,25p,1,l9Sp,Homo_sapiens_tRNA-Gln-TTG-1-1@Homo_sapiens_tRNA-Gln-TTG-3-1,36,False,75,36,75,G,C,False,True,,,CAA,TTG,Gln,1
25p1,25p,1,l9Sp,Homo_sapiens_tRNA-Gln-TTG-1-1@Homo_sapiens_tRNA-Gln-TTG-3-1,37,False,75,35,75,T,C,False,True,C,,CAA,TTG,Gln,5
25p1,25p,1,l9Sp,Homo_sapiens_tRNA-Gln-TTG-1-1@Homo_sapiens_tRNA-Gln-TTG-3-1,37,False,75,35,75,T,C,False,True,GAC,,CAA,TTG,Gln,1
25p1,25p,1,l9Sp,Homo_sapiens_tRNA-Gln-TTG-1-1@Homo_sapiens_tRNA-Gln-TTG-3-1,40,False,75,35,75,T,C,False,True,TC,,CAA,TTG,Gln,3
25p1,25p,1,l9Sp,Homo_sapiens_tRNA-Gln-TTG-1-1@Homo_sapiens_tRNA-Gln-TTG-3-1,41,False,75,35,75,T,A,False,True,C,,CAA,TTG,Gln,1
25p1,25p,1,l9Sp,Homo_sapiens_tRNA-Gln-TTG-2-1,34,True,75,35,75,T,C,False,True,TC,,CAA,TTG,Gln,1
25p1,25p,1,l9Sp,Homo_sapiens_tRNA-Gln-TTG-2-1,35,True,75,37,75,A,C,False,True,A,,CAA,TTG,Gln,2
25p1,25p,1,l9Sp,Homo_sapiens_tRNA-Gln-TTG-3-1,61,True,75,1,75,G,C,True,True,TTC,,CAA,TTG,Gln,1
25p1,25p,1,l9Sp,Homo_sapiens_tRNA-Gln-TTG-3-1,64,True,75,1,75,G,A,True,True,TTT,,CAA,TTG,Gln,1
25p1,25p,1,l9Sp,Homo_sapiens_tRNA-Gln-TTG-3-1,69,True,75,1,75,G,A,True,True,TTTT,,CAA,TTG,Gln,1
25p1,25p,1,l9Sp,Homo_sapiens_tRNA-Glu-CTC-1-1,38,True,75,34,75,C,C,False,True,,,GAG,CTC,Glu,3
25p1,25p,1,l9Sp,Homo_sapiens_tRNA-Glu-CTC-1-1,43,True,75,29,75,G,C,False,True,CC,,GAG,CTC,Glu,1
25p1,25p,1,l9Sp,Homo_sapiens_tRNA-Glu-CTC-1-1,68,True,75,1,75,T,C,True,True,TTTT,,GAG,CTC,Glu,1
25p1,25p,1,l9Sp,Homo_sapiens_tRNA-Glu-CTC-1-1,68,True,75,4,75,C,C,False,True,TTT,,GAG,CTC,Glu,1
25p1,25p,1,l9Sp,Homo_sapiens_tRNA-Glu-CTC-1-1,69,True,75,1,75,T,A,True,True,TTT,,GAG,CTC,Glu,1
25p1,25p,1,l9Sp,Homo_sapiens_tRNA-Glu-CTC-1-1,71,True,75,1,75,T,C,True,True,TAT,,GAG,CTC,Glu,1
25p1,25p,1,l9Sp,Homo_sapiens_tRNA-Glu-CTC-1-1,71,True,75,1,75,T,C,True,True,TC,,GAG,CTC,Glu,1
25p1,25p,1,l9Sp,Homo_sapiens_tRNA-Glu-CTC-1-1,74,True,75,1,75,T,C,True,True,,,GAG,CTC,Glu,3
25p1,25p,1,l9Sp,Homo_sapiens_tRNA-Glu-CTC-1-1,74,True,75,1,75,T,C,True,True,TCT,,GAG,CTC,Glu,1
25p1,25p,1,l9Sp,Homo_sapiens_tRNA-Glu-CTC-1-1,74,True,75,1,75,T,C,True,True,TT,,GAG,CTC,Glu,2
25p1,25p,1,l9Sp,Homo_sapiens_tRNA-Glu-CTC-1-1,74,True,75,1,75,T,C,True,True,TTT,,GAG,CTC,Glu,1
25p1,25p,1,l9Sp,Homo_sapiens_tRNA-Glu-CTC-1-1@Homo_sapiens_tRNA-Glu-TTC-14-1@Homo_sapiens_tRNA-Glu-TTC-4-1,30,False,75,45,75,G,C,False,True,G,,GAG,CTC,Glu,1
25p1,25p,1,l9Sp,Homo_sapiens_tRNA-Glu-CTC-1-1@Homo_sapiens_tRNA-Glu-TTC-4-1,37,False,75,35,75,T,C,False,True,,,GAG,CTC,Glu,1
25p1,25p,1,l9Sp,Homo_sapiens_tRNA-Glu-TTC-1-1,37,True,75,35,75,T,C,False,True,TC,,GAA,TTC,Glu,1
25p1,25p,1,l9Sp,Homo_sapiens_tRNA-Glu-TTC-1-1,38,True,75,34,75,T,C,False,True,,,GAA,TTC,Glu,1
25p1,25p,1,l9Sp,Homo_sapiens_tRNA-Glu-TTC-1-1,38,True,75,35,75,T,A,False,True,,,GAA,TTC,Glu,1
25p1,25p,1,l9Sp,Homo_sapiens_tRNA-Glu-TTC-1-1,46,True,75,23,75,G,C,False,True,TC,,GAA,TTC,Glu,1
25p1,25p,1,l9Sp,Homo_sapiens_tRNA-Glu-TTC-1-1,66,True,75,1,75,T,A,True,True,TT,,GAA,TTC,Glu,1
25p1,25p,1,l9Sp,Homo_sapiens_tRNA-Glu-TTC-2-1,25,True,75,47,75,C,C,False,True,,,GAA,TTC,Glu,1
25p1,25p,1,l9Sp,Homo_sapiens_tRNA-Glu-TTC-2-1,40,True,75,32,75,T,C,False,True,T,,GAA,TTC,Glu,1
25p1,25p,1,l9Sp,Homo_sapiens_tRNA-Glu-TTC-2-1,40,True,75,35,75,T,C,False,True,TTC,,GAA,TTC,Glu,1
25p1,25p,1,l9Sp,Homo_sapiens_tRNA-Glu-TTC-2-1,41,True,75,34,75,T,C,False,True,,,GAA,TTC,Glu,1
25p1,25p,1,l9Sp,Homo_sapiens_tRNA-Glu-TTC-2-1,45,True,75,24,75,A,C,False,True,T,,GAA,TTC,Glu,1
25p1,25p,1,l9Sp,Homo_sapiens_tRNA-Glu-TTC-2-1,58,True,75,17,75,G,C,False,True,TTT,,GAA,TTC,Glu,1
25p1,25p,1,l9Sp,Homo_sapiens_tRNA-Glu-TTC-2-1,61,True,75,1,75,T,C,True,True,TC,,GAA,TTC,Glu,1
25p1,25p,1,l9Sp,Homo_sapiens_tRNA-Glu-TTC-2-1,61,True,75,11,75,T,C,False,True,C,,GAA,TTC,Glu,1
25p1,25p,1,l9Sp,Homo_sapiens_tRNA-Glu-TTC-2-1,62,True,75,10,75,G,C,False,True,,,GAA,TTC,Glu,1
25p1,25p,1,l9Sp,Homo_sapiens_tRNA-Glu-TTC-2-1,63,True,75,1,75,T,C,True,True,TTT,,GAA,TTC,Glu,1
25p1,25p,1,l9Sp,Homo_sapiens_tRNA-Glu-TTC-2-1,68,True,75,1,75,T,C,True,True,TTTT,,GAA,TTC,Glu,1
25p1,25p,1,l9Sp,Homo_sapiens_tRNA-Glu-TTC-2-1,75,True,75,1,75,T,A,True,True,T,,GAA,TTC,Glu,1
25p1,25p,1,l9Sp,Homo_sapiens_tRNA-Glu-TTC-4-1,41,True,75,34,75,T,C,False,True,C,,GAA,TTC,Glu,1
25p1,25p,1,l9Sp,Homo_sapiens_tRNA-Glu-TTC-4-1,65,True,75,11,75,T,A,False,True,C,,GAA,TTC,Glu,1
25p1,25p,1,l9Sp,Homo_sapiens_tRNA-Gly-CCC-1-1,64,True,74,1,74,G,C,True,True,TTT,,GGG,CCC,Gly,1
25p1,25p,1,l9Sp,Homo_sapiens_tRNA-Gly-CCC-1-1,67,True,74,1,74,G,C,True,True,TCT,,GGG,CCC,Gly,1
25p1,25p,1,l9Sp,Homo_sapiens_tRNA-Gly-CCC-1-1,67,True,74,1,74,G,C,True,True,TTT,,GGG,CCC,Gly,1
25p1,25p,1,l9Sp,Homo_sapiens_tRNA-Gly-CCC-1-1,70,True,74,1,74,G,C,True,True,CTC,,GGG,CCC,Gly,1
25p1,25p,1,l9Sp,Homo_sapiens_tRNA-Gly-CCC-1-1,70,True,74,1,74,G,C,True,True,GTT,,GGG,CCC,Gly,1
25p1,25p,1,l9Sp,Homo_sapiens_tRNA-Gly-CCC-1-1,71,True,74,1,74,G,A,True,True,TTTTTC,,GGG,CCC,Gly,1
25p1,25p,1,l9Sp,Homo_sapiens_tRNA-Gly-CCC-2-1,56,True,74,15,74,G,C,False,True,TTT,,GGG,CCC,Gly,1
25p1,25p,1,l9Sp,Homo_sapiens_tRNA-Gly-CCC-2-1,58,True,74,16,74,T,C,False,True,CT,,GGG,CCC,Gly,1
25p1,25p,1,l9Sp,Homo_sapiens_tRNA-Gly-CCC-2-1,67,True,74,1,74,G,C,True,True,TC,,GGG,CCC,Gly,1
25p1,25p,1,l9Sp,Homo_sapiens_tRNA-Gly-CCC-2-1,70,True,74,1,74,G,C,True,True,TC,,GGG,CCC,Gly,1
25p1,25p,1,l9Sp,Homo_sapiens_tRNA-Gly-CCC-2-1,70,True,74,1,74,G,C,True,True,TTC,,GGG,CCC,Gly,1
25p1,25p,1,l9Sp,Homo_sapiens_tRNA-Gly-GCC-1-1,32,True,74,39,74,C,C,False,True,CTT,,GGC,GCC,Gly,1
25p1,25p,1,l9Sp,Homo_sapiens_tRNA-Gly-GCC-1-1,49,True,74,25,74,T,C,False,True,,,GGC,GCC,Gly,1
25p1,25p,1,l9Sp,Homo_sapiens_tRNA-Gly-GCC-1-1,59,True,74,1,74,G,C,True,True,CTT,,GGC,GCC,Gly,1
25p1,25p,1,l9Sp,Homo_sapiens_tRNA-Gly-GCC-1-1,64,True,74,1,74,G,C,True,True,T,,GGC,GCC,Gly,1
25p1,25p,1,l9Sp,Homo_sapiens_tRNA-Gly-GCC-1-1,70,True,74,1,74,G,C,True,True,C,,GGC,GCC,Gly,2
25p1,25p,1,l9Sp,Homo_sapiens_tRNA-Gly-GCC-1-1,70,True,74,1,74,G,C,True,True,TTT,,GGC,GCC,Gly,1
25p1,25p,1,l9Sp,Homo_sapiens_tRNA-Gly-GCC-2-1,36,True,74,35,74,C,C,False,True,TTT,,GGC,GCC,Gly,1
25p1,25p,1,l9Sp,Homo_sapiens_tRNA-Gly-GCC-2-1,45,True,74,26,74,C,C,False,True,TC,,GGC,GCC,Gly,1
25p1,25p,1,l9Sp,Homo_sapiens_tRNA-Gly-GCC-2-1,46,True,74,22,74,A,C,False,True,,,GGC,GCC,Gly,1
25p1,25p,1,l9Sp,Homo_sapiens_tRNA-Gly-GCC-2-1,49,True,74,22,74,A,C,False,True,CGTTCAGACGTGTGCTC,,GGC,GCC,Gly,1
25p1,25p,1,l9Sp,Homo_sapiens_tRNA-Gly-GCC-2-1,55,True,74,16,74,T,C,False,True,AT,,GGC,GCC,Gly,1
25p1,25p,1,l9Sp,Homo_sapiens_tRNA-Gly-GCC-2-1,58,True,74,1,74,G,C,True,True,GTC,,GGC,GCC,Gly,1
25p1,25p,1,l9Sp,Homo_sapiens_tRNA-Gly-GCC-2-1,64,True,74,7,74,G,C,False,True,C,,GGC,GCC,Gly,1
25p1,25p,1,l9Sp,Homo_sapiens_tRNA-Gly-GCC-2-1,67,True,74,1,74,G,C,True,True,C,,GGC,GCC,Gly,1
25p1,25p,1,l9Sp,Homo_sapiens_tRNA-Gly-GCC-2-1,68,True,74,1,74,G,A,True,True,AT,,GGC,GCC,Gly,2
25p1,25p,1,l9Sp,Homo_sapiens_tRNA-Gly-GCC-2-1,70,True,74,1,74,G,C,True,True,T,,GGC,GCC,Gly,2
25p1,25p,1,l9Sp,Homo_sapiens_tRNA-Gly-GCC-2-1,71,True,74,1,74,G,A,True,True,TTT,,GGC,GCC,Gly,1
25p1,25p,1,l9Sp,Homo_sapiens_tRNA-Gly-GCC-2-1,73,True,74,1,74,G,C,True,True,,,GGC,GCC,Gly,1
25p1,25p,1,l9Sp,Homo_sapiens_tRNA-Gly-GCC-2-1@Homo_sapiens_tRNA-Gly-GCC-3-1@Homo_sapiens_tRNA-Gly-GCC-5-1,25,False,74,2,29,C,G,False,False,AT,TTTCCCGGCCAATGCACC,GGC,GCC,Gly,1
25p1,25p,1,l9Sp,Homo_sapiens_tRNA-Gly-TCC-1-1,61,True,75,11,75,T,C,False,True,TT,,GGA,TCC,Gly,1
25p1,25p,1,l9Sp,Homo_sapiens_tRNA-Gly-TCC-1-1,71,True,75,1,75,G,C,True,True,TT,,GGA,TCC,Gly,1
25p1,25p,1,l9Sp,Homo_sapiens_tRNA-Gly-TCC-1-1,74,True,75,1,75,G,C,True,True,,,GGA,TCC,Gly,1
25p1,25p,1,l9Sp,Homo_sapiens_tRNA-Gly-TCC-1-1,75,True,75,1,75,G,A,True,True,TTTAC,,GGA,TCC,Gly,1
25p1,25p,1,l9Sp,Homo_sapiens_tRNA-Gly-TCC-1-1@Homo_sapiens_tRNA-Gly-TCC-2-1@Homo_sapiens_tRNA-Gly-TCC-3-1,25,False,75,47,75,C,C,False,True,CT,,GGA,TCC,Gly,1
25p1,25p,1,l9Sp,Homo_sapiens_tRNA-Gly-TCC-1-1@Homo_sapiens_tRNA-Gly-TCC-2-1@Homo_sapiens_tRNA-Gly-TCC-3-1,32,False,75,40,75,C,C,False,True,T,,GGA,TCC,Gly,1
25p1,25p,1,l9Sp,Homo_sapiens_tRNA-Gly-TCC-1-1@Homo_sapiens_tRNA-Gly-TCC-2-1@Homo_sapiens_tRNA-Gly-TCC-3-1,35,False,75,37,75,A,C,False,True,,,GGA,TCC,Gly,1
25p1,25p,1,l9Sp,Homo_sapiens_tRNA-Gly-TCC-1-1@Homo_sapiens_tRNA-Gly-TCC-2-1@Homo_sapiens_tRNA-Gly-TCC-3-1,38,False,75,28,75,C,A,False,True,T,,GGA,TCC,Gly,1
25p1,25p,1,l9Sp,Homo_sapiens_tRNA-Gly-TCC-1-1@Homo_sapiens_tRNA-Gly-TCC-2-1@Homo_sapiens_tRNA-Gly-TCC-3-1,42,False,75,30,75,G,C,False,True,,,GGA,TCC,Gly,1
25p1,25p,1,l9Sp,Homo_sapiens_tRNA-Gly-TCC-1-1@Homo_sapiens_tRNA-Gly-TCC-2-1@Homo_sapiens_tRNA-Gly-TCC-3-1,45,False,75,28,75,C,A,False,True,T,,GGA,TCC,Gly,1
25p1,25p,1,l9Sp,Homo_sapiens_tRNA-Gly-TCC-1-1@Homo_sapiens_tRNA-Gly-TCC-2-1@Homo_sapiens_tRNA-Gly-TCC-3-1,48,False,75,24,75,A,C,False,True,,,GGA,TCC,Gly,2
25p1,25p,1,l9Sp,Homo_sapiens_tRNA-Gly-TCC-2-1,53,True,75,19,75,T,C,False,True,,,GGA,TCC,Gly,2
25p1,25p,1,l9Sp,Homo_sapiens_tRNA-Gly-TCC-2-1,53,True,75,19,75,T,C,False,True,TC,,GGA,TCC,Gly,1
25p1,25p,1,l9Sp,Homo_sapiens_tRNA-Gly-TCC-2-1,65,True,75,1,75,G,C,True,True,TTTTC,,GGA,TCC,Gly,1
25p1,25p,1,l9Sp,Homo_sapiens_tRNA-Gly-TCC-2-1,68,True,75,1,75,G,C,True,True,ATT,,GGA,TCC,Gly,1
25p1,25p,1,l9Sp,Homo_sapiens_tRNA-Gly-TCC-2-1,71,True,75,1,75,G,C,True,True,,,GGA,TCC,Gly,1
25p1,25p,1,l9Sp,Homo_sapiens_tRNA-Gly-TCC-2-1,71,True,75,1,75,G,C,True,True,ATAGA,,GGA,TCC,Gly,1
25p1,25p,1,l9Sp,Homo_sapiens_tRNA-Gly-TCC-2-1,71,True,75,1,75,G,C,True,True,G,,GGA,TCC,Gly,1
25p1,25p,1,l9Sp,Homo_sapiens_tRNA-Gly-TCC-2-1,71,True,75,1,75,G,C,True,True,GC,,GGA,TCC,Gly,1
25p1,25p,1,l9Sp,Homo_sapiens_tRNA-Gly-TCC-2-1,71,True,75,1,75,G,C,True,True,T,,GGA,TCC,Gly,1
25p1,25p,1,l9Sp,Homo_sapiens_tRNA-Gly-TCC-2-1,71,True,75,1,75,G,C,True,True,TTTT,,GGA,TCC,Gly,1
25p1,25p,1,l9Sp,Homo_sapiens_tRNA-Gly-TCC-2-1,72,True,75,1,75,G,A,True,True,A,,GGA,TCC,Gly,1
25p1,25p,1,l9Sp,Homo_sapiens_tRNA-Gly-TCC-2-1,75,True,75,1,75,G,A,True,True,TTT,,GGA,TCC,Gly,1
25p1,25p,1,l9Sp,Homo_sapiens_tRNA-Gly-TCC-3-1,50,True,75,1,75,G,C,True,True,G,,GGA,TCC,Gly,1
25p1,25p,1,l9Sp,Homo_sapiens_tRNA-Gly-TCC-3-1,68,True,75,1,75,G,C,True,True,AAAAGG,,GGA,TCC,Gly,1
25p1,25p,1,l9Sp,Homo_sapiens_tRNA-Gly-TCC-3-1,71,True,75,1,75,G,C,True,True,C,,GGA,TCC,Gly,1
25p1,25p,1,l9Sp,Homo_sapiens_tRNA-Gly-TCC-3-1,71,True,75,1,75,G,C,True,True,CT,,GGA,TCC,Gly,1
25p1,25p,1,l9Sp,Homo_sapiens_tRNA-Gly-TCC-3-1,71,True,75,1,75,G,C,True,True,TTT,,GGA,TCC,Gly,1
25p1,25p,1,l9Sp,Homo_sapiens_tRNA-Gly-TCC-3-1,72,True,75,1,75,G,A,True,True,TT,,GGA,TCC,Gly,1
25p1,25p,1,l9Sp,Homo_sapiens_tRNA-Gly-TCC-3-1,74,True,75,1,75,G,C,True,True,C,,GGA,TCC,Gly,1
25p1,25p,1,l9Sp,Homo_sapiens_tRNA-Gly-TCC-3-1,74,True,75,1,75,G,C,True,True,TTTTT,,GGA,TCC,Gly,1
25p1,25p,1,l9Sp,Homo_sapiens_tRNA-His-GTG-1-1,24,True,75,49,75,T,A,False,True,TTT,,CAC,GTG,His,2
25p1,25p,1,l9Sp,Homo_sapiens_tRNA-His-GTG-1-1,28,True,75,44,75,C,C,False,True,T,,CAC,GTG,His,1
25p1,25p,1,l9Sp,Homo_sapiens_tRNA-His-GTG-1-1,29,True,75,43,75,G,C,False,True,TTT,,CAC,GTG,His,1
25p1,25p,1,l9Sp,Homo_sapiens_tRNA-His-GTG-1-1,31,True,75,44,75,C,C,False,True,,,CAC,GTG,His,1
25p1,25p,1,l9Sp,Homo_sapiens_tRNA-His-GTG-1-1,34,True,75,38,75,C,C,False,True,,,CAC,GTG,His,2
25p1,25p,1,l9Sp,Homo_sapiens_tRNA-His-GTG-1-1,35,True,75,34,75,G,C,False,True,,,CAC,GTG,His,1
25p1,25p,1,l9Sp,Homo_sapiens_tRNA-His-GTG-1-1,36,True,75,37,75,G,A,False,True,,,CAC,GTG,His,1
25p1,25p,1,l9Sp,Homo_sapiens_tRNA-His-GTG-1-1,39,True,75,33,75,T,C,False,True,,,CAC,GTG,His,1
25p1,25p,1,l9Sp,Homo_sapiens_tRNA-His-GTG-1-1,53,True,75,16,75,T,C,False,True,,,CAC,GTG,His,2
25p1,25p,1,l9Sp,Homo_sapiens_tRNA-His-GTG-1-1,65,True,75,7,75,A,C,False,True,TTT,,CAC,GTG,His,1
25p1,25p,1,l9Sp,Homo_sapiens_tRNA-His-GTG-1-1,68,True,75,1,75,G,C,True,True,TTCG,,CAC,GTG,His,1
25p1,25p,1,l9Sp,Homo_sapiens_tRNA-His-GTG-1-1,68,True,75,1,75,G,C,True,True,TTG,,CAC,GTG,His,1
25p1,25p,1,l9Sp,Homo_sapiens_tRNA-His-GTG-1-1,68,True,75,1,75,G,C,True,True,TTTG,,CAC,GTG,His,1
25p1,25p,1,l9Sp,Homo_sapiens_tRNA-His-GTG-1-1,71,True,75,1,75,G,C,True,True,TCG,,CAC,GTG,His,2
25p1,25p,1,l9Sp,Homo_sapiens_tRNA-His-GTG-1-1,74,True,75,1,75,G,C,True,True,TTTG,,CAC,GTG,His,2
25p1,25p,1,l9Sp,Homo_sapiens_tRNA-Ile-AAT-2-1@Homo_sapiens_tRNA-Ile-AAT-3-1,49,False,77,19,77,G,C,False,True,,,AUU,AAT,Ile,1
25p1,25p,1,l9Sp,Homo_sapiens_tRNA-Ile-AAT-3-1,68,True,77,1,77,G,A,True,True,TCTTT,,AUU,AAT,Ile,1
25p1,25p,1,l9Sp,Homo_sapiens_tRNA-Ile-AAT-4-1,38,True,77,36,77,A,C,False,True,TGCGAACCCGCGACCTTGGTGCATG,,AUU,AAT,Ile,1
25p1,25p,1,l9Sp,Homo_sapiens_tRNA-Ile-AAT-4-1,49,True,77,16,77,T,C,False,True,T,,AUU,AAT,Ile,1
25p1,25p,1,l9Sp,Homo_sapiens_tRNA-Ile-AAT-5-1,45,True,77,20,77,T,C,False,True,,,AUU,AAT,Ile,2
25p1,25p,1,l9Sp,Homo_sapiens_tRNA-Ile-AAT-5-1,66,True,77,2,77,G,C,False,True,,,AUU,AAT,Ile,2
25p1,25p,1,l9Sp,Homo_sapiens_tRNA-Ile-AAT-5-1,67,True,77,1,77,G,C,True,True,,,AUU,AAT,Ile,1
25p1,25p,1,l9Sp,Homo_sapiens_tRNA-Ile-AAT-5-1,67,True,77,1,77,G,C,True,True,CC,,AUU,AAT,Ile,1
25p1,25p,1,l9Sp,Homo_sapiens_tRNA-Ile-AAT-5-1,67,True,77,1,77,G,C,True,True,CTT,,AUU,AAT,Ile,1
25p1,25p,1,l9Sp,Homo_sapiens_tRNA-Ile-AAT-5-1,67,True,77,1,77,G,C,True,True,GC,,AUU,AAT,Ile,1
25p1,25p,1,l9Sp,Homo_sapiens_tRNA-Ile-AAT-5-1,67,True,77,1,77,G,C,True,True,T,,AUU,AAT,Ile,2
25p1,25p,1,l9Sp,Homo_sapiens_tRNA-Ile-AAT-5-1,67,True,77,1,77,G,C,True,True,TT,,AUU,AAT,Ile,1
25p1,25p,1,l9Sp,Homo_sapiens_tRNA-Ile-AAT-5-1,67,True,77,1,77,G,C,True,True,TTT,,AUU,AAT,Ile,1
25p1,25p,1,l9Sp,Homo_sapiens_tRNA-Ile-AAT-5-1@Homo_sapiens_tRNA-Ile-AAT-7-1@Homo_sapiens_tRNA-Ile-AAT-8-1,23,False,77,51,77,C,C,False,True,TTTT,,AUU,AAT,Ile,1
25p1,25p,1,l9Sp,Homo_sapiens_tRNA-Ile-AAT-5-1@Homo_sapiens_tRNA-Ile-AAT-7-1@Homo_sapiens_tRNA-Ile-AAT-8-1,24,False,77,50,77,G,C,False,True,,,AUU,AAT,Ile,1
25p1,25p,1,l9Sp,Homo_sapiens_tRNA-Ile-AAT-5-1@Homo_sapiens_tRNA-Ile-AAT-7-1@Homo_sapiens_tRNA-Ile-AAT-8-1,26,False,77,48,77,T,C,False,True,T,,AUU,AAT,Ile,1
25p1,25p,1,l9Sp,Homo_sapiens_tRNA-Ile-AAT-5-1@Homo_sapiens_tRNA-Ile-AAT-7-1@Homo_sapiens_tRNA-Ile-AAT-8-1,39,False,77,32,77,G,C,False,True,TCG,,AUU,AAT,Ile,1
25p1,25p,1,l9Sp,Homo_sapiens_tRNA-Ile-AAT-5-1@Homo_sapiens_tRNA-Ile-AAT-7-1@Homo_sapiens_tRNA-Ile-AAT-8-1,39,False,77,36,77,A,A,False,True,GCAAAGCATGG,,AUU,AAT,Ile,1
25p1,25p,1,l9Sp,Homo_sapiens_tRNA-Ile-AAT-5-1@Homo_sapiens_tRNA-Ile-AAT-7-1@Homo_sapiens_tRNA-Ile-AAT-8-1,40,False,77,28,77,T,C,False,True,,,AUU,AAT,Ile,1
25p1,25p,1,l9Sp,Homo_sapiens_tRNA-Ile-AAT-5-1@Homo_sapiens_tRNA-Ile-AAT-7-1@Homo_sapiens_tRNA-Ile-AAT-8-1,41,False,77,30,77,G,C,False,True,TC,,AUU,AAT,Ile,1
25p1,25p,1,l9Sp,Homo_sapiens_tRNA-Ile-AAT-5-1@Homo_sapiens_tRNA-Ile-AAT-7-1@Homo_sapiens_tRNA-Ile-AAT-8-1,43,False,77,28,77,T,C,False,True,,,AUU,AAT,Ile,2
25p1,25p,1,l9Sp,Homo_sapiens_tRNA-Ile-AAT-5-1@Homo_sapiens_tRNA-Ile-AAT-7-1@Homo_sapiens_tRNA-Ile-AAT-8-1,43,False,77,28,77,T,C,False,True,GC,,AUU,AAT,Ile,1
25p1,25p,1,l9Sp,Homo_sapiens_tRNA-Ile-AAT-6-1,38,True,77,36,77,A,C,False,True,G,,AUU,AAT,Ile,1
25p1,25p,1,l9Sp,Homo_sapiens_tRNA-Ile-AAT-6-1,62,True,77,6,77,G,C,False,True,TTT,,AUU,AAT,Ile,1
25p1,25p,1,l9Sp,Homo_sapiens_tRNA-Ile-AAT-6-1,70,True,77,1,77,G,C,True,True,,,AUU,AAT,Ile,1
25p1,25p,1,l9Sp,Homo_sapiens_tRNA-Ile-AAT-7-1,45,True,77,20,77,T,C,False,True,,,AUU,AAT,Ile,1
25p1,25p,1,l9Sp,Homo_sapiens_tRNA-Ile-AAT-7-1,68,True,77,1,77,G,A,True,True,TTC,,AUU,AAT,Ile,1
25p1,25p,1,l9Sp,Homo_sapiens_tRNA-Ile-AAT-8-1,67,True,77,1,77,G,C,True,True,CTT,,AUU,AAT,Ile,1
25p1,25p,1,l9Sp,Homo_sapiens_tRNA-Ile-TAT-1-1,39,True,77,28,77,C,C,False,True,,,AUA,TAT,Ile,1
25p1,25p,1,l9Sp,Homo_sapiens_tRNA-Ile-TAT-1-1,49,True,77,28,77,C,C,False,True,TCACAACCTCGGCATTATAAGTACCGGGGGCGCTAGCAGCCCC,,AUA,TAT,Ile,1
25p1,25p,1,l9Sp,Homo_sapiens_tRNA-Ile-TAT-2-1,35,True,77,35,77,T,C,False,True,,,AUA,TAT,Ile,1
25p1,25p,1,l9Sp,Homo_sapiens_tRNA-Ile-TAT-2-1,40,True,77,34,77,T,C,False,True,,,AUA,TAT,Ile,1
25p1,25p,1,l9Sp,Homo_sapiens_tRNA-Ile-TAT-2-1,40,True,77,35,77,T,A,False,True,,,AUA,TAT,Ile,1
25p1,25p,1,l9Sp,Homo_sapiens_tRNA-Ile-TAT-3-1,29,True,77,46,77,G,A,False,True,TTT,,AUA,TAT,Ile,1
25p1,25p,1,l9Sp,Homo_sapiens_tRNA-Leu-AAG-1-1@Homo_sapiens_tRNA-Leu-TAG-1-1,29,False,85,53,85,G,C,False,True,,,CUU,AAG,Leu,2
25p1,25p,1,l9Sp,Homo_sapiens_tRNA-Leu-AAG-1-1@Homo_sapiens_tRNA-Leu-TAG-1-1,37,False,85,45,85,T,C,False,True,TC,,CUU,AAG,Leu,1
25p1,25p,1,l9Sp,Homo_sapiens_tRNA-Leu-AAG-1-1@Homo_sapiens_tRNA-Leu-TAG-1-1,44,False,85,39,85,C,A,False,True,,,CUU,AAG,Leu,1
25p1,25p,1,l9Sp,Homo_sapiens_tRNA-Leu-AAG-2-1,43,True,85,39,85,C,C,False,True,,,CUU,AAG,Leu,1
25p1,25p,1,l9Sp,Homo_sapiens_tRNA-Leu-AAG-2-1,48,True,85,28,85,C,C,False,True,CA,,CUU,AAG,Leu,1
25p1,25p,1,l9Sp,Homo_sapiens_tRNA-Leu-AAG-2-1,54,True,85,28,85,C,C,False,True,GCGCA,,CUU,AAG,Leu,1
25p1,25p,1,l9Sp,Homo_sapiens_tRNA-Leu-AAG-2-1,62,True,85,15,85,G,A,False,True,TTT,,CUU,AAG,Leu,1
25p1,25p,1,l9Sp,Homo_sapiens_tRNA-Leu-AAG-2-1,75,True,85,1,85,G,C,True,True,TC,,CUU,AAG,Leu,1
25p1,25p,1,l9Sp,Homo_sapiens_tRNA-Leu-AAG-2-1@Homo_sapiens_tRNA-Leu-TAG-1-1@Homo_sapiens_tRNA-Leu-TAG-3-1,25,False,85,57,85,C,C,False,True,TTT,,CUU,AAG,Leu,1
25p1,25p,1,l9Sp,Homo_sapiens_tRNA-Leu-CAA-1-1,41,True,86,28,86,C,C,False,True,TGCA,,UUG,CAA,Leu,1
25p1,25p,1,l9Sp,Homo_sapiens_tRNA-Leu-CAA-1-1,41,True,86,39,86,T,C,False,True,T,,UUG,CAA,Leu,1
25p1,25p,1,l9Sp,Homo_sapiens_tRNA-Leu-CAA-1-1,70,True,86,7,86,A,C,False,True,CTC,,UUG,CAA,Leu,1
25p1,25p,1,l9Sp,Homo_sapiens_tRNA-Leu-CAA-2-1,24,True,87,51,87,T,C,False,True,,,UUG,CAA,Leu,1
25p1,25p,1,l9Sp,Homo_sapiens_tRNA-Leu-CAA-2-1,48,True,87,36,87,A,C,False,True,,,UUG,CAA,Leu,1
25p1,25p,1,l9Sp,Homo_sapiens_tRNA-Leu-CAA-2-1,56,True,87,28,87,C,C,False,True,,,UUG,CAA,Leu,1
25p1,25p,1,l9Sp,Homo_sapiens_tRNA-Leu-CAA-3-1,45,True,87,39,87,T,C,False,True,T,,UUG,CAA,Leu,1
25p1,25p,1,l9Sp,Homo_sapiens_tRNA-Leu-CAA-3-1,78,True,87,1,87,G,A,True,True,TTT,,UUG,CAA,Leu,1
25p1,25p,1,l9Sp,Homo_sapiens_tRNA-Leu-CAA-3-1@Homo_sapiens_tRNA-Leu-CAA-4-1@Homo_sapiens_tRNA-Leu-CAG-2-1,21,False,87,63,87,G,C,False,True,TCT,,UUG,CAA,Leu,1
25p1,25p,1,l9Sp,Homo_sapiens_tRNA-Leu-CAA-3-1@Homo_sapiens_tRNA-Leu-CAA-4-1@Homo_sapiens_tRNA-Leu-CAG-2-1,22,False,87,62,87,G,C,False,True,,,UUG,CAA,Leu,1
25p1,25p,1,l9Sp,Homo_sapiens_tRNA-Leu-CAA-3-1@Homo_sapiens_tRNA-Leu-CAA-4-1@Homo_sapiens_tRNA-Leu-CAG-2-1,24,False,87,59,85,C,C,False,False,,AGCTA,UUG,CAA,Leu,1
25p1,25p,1,l9Sp,Homo_sapiens_tRNA-Leu-CAA-3-1@Homo_sapiens_tRNA-Leu-CAA-4-1@Homo_sapiens_tRNA-Leu-CAG-2-1,26,False,87,56,87,A,A,False,True,TTC,,UUG,CAA,Leu,1
25p1,25p,1,l9Sp,Homo_sapiens_tRNA-Leu-CAA-4-1,33,True,87,51,87,G,C,False,True,,,UUG,CAA,Leu,1
25p1,25p,1,l9Sp,Homo_sapiens_tRNA-Leu-CAA-4-1,39,True,87,45,87,T,C,False,True,,,UUG,CAA,Leu,1
25p1,25p,1,l9Sp,Homo_sapiens_tRNA-Leu-CAA-4-1,77,True,87,1,87,G,C,True,True,TTTT,,UUG,CAA,Leu,1
25p1,25p,1,l9Sp,Homo_sapiens_tRNA-Leu-CAG-1-1,27,True,86,57,86,G,A,False,True,TCT,,CUG,CAG,Leu,1
25p1,25p,1,l9Sp,Homo_sapiens_tRNA-Leu-CAG-1-1,31,True,86,52,86,T,C,False,True,,,CUG,CAG,Leu,1
25p1,25p,1,l9Sp,Homo_sapiens_tRNA-Leu-CAG-1-1,38,True,86,42,86,C,C,False,True,ATCC,,CUG,CAG,Leu,1
25p1,25p,1,l9Sp,Homo_sapiens_tRNA-Leu-CAG-1-1,41,True,86,39,86,T,C,False,True,TCT,,CUG,CAG,Leu,1
25p1,25p,1,l9Sp,Homo_sapiens_tRNA-Leu-CAG-1-1,43,True,86,29,86,T,C,False,True,CT,,CUG,CAG,Leu,1
25p1,25p,1,l9Sp,Homo_sapiens_tRNA-Leu-CAG-1-1,44,True,86,37,86,G,A,False,True,TTC,,CUG,CAG,Leu,1
25p1,25p,1,l9Sp,Homo_sapiens_tRNA-Leu-CAG-1-1,55,True,86,1,86,G,C,True,True,CTC,,CUG,CAG,Leu,1
25p1,25p,1,l9Sp,Homo_sapiens_tRNA-Leu-CAG-1-1,55,True,86,14,86,A,C,False,True,CCT,,CUG,CAG,Leu,1
25p1,25p,1,l9Sp,Homo_sapiens_tRNA-Leu-CAG-1-1,55,True,86,19,86,T,C,False,True,TT,,CUG,CAG,Leu,2
25p1,25p,1,l9Sp,Homo_sapiens_tRNA-Leu-CAG-1-1,57,True,86,21,86,T,A,False,True,AT,,CUG,CAG,Leu,1
25p1,25p,1,l9Sp,Homo_sapiens_tRNA-Leu-CAG-1-1,73,True,86,1,86,G,C,True,True,TA,,CUG,CAG,Leu,2
25p1,25p,1,l9Sp,Homo_sapiens_tRNA-Leu-CAG-1-1,73,True,86,1,86,G,C,True,True,TC,,CUG,CAG,Leu,1
25p1,25p,1,l9Sp,Homo_sapiens_tRNA-Leu-CAG-1-1,76,True,86,1,86,G,C,True,True,CTT,,CUG,CAG,Leu,1
25p1,25p,1,l9Sp,Homo_sapiens_tRNA-Leu-CAG-1-1,77,True,86,1,86,G,A,True,True,TTTT,,CUG,CAG,Leu,1
25p1,25p,1,l9Sp,Homo_sapiens_tRNA-Leu-CAG-1-1,79,True,86,1,86,G,C,True,True,CTC,,CUG,CAG,Leu,1
25p1,25p,1,l9Sp,Homo_sapiens_tRNA-Leu-CAG-2-1,32,True,86,48,86,C,C,False,True,,,CUG,CAG,Leu,1
25p1,25p,1,l9Sp,Homo_sapiens_tRNA-Leu-CAG-2-1,34,True,86,46,86,C,C,False,True,,,CUG,CAG,Leu,1
25p1,25p,1,l9Sp,Homo_sapiens_tRNA-Leu-CAG-2-1,35,True,86,45,86,T,C,False,True,T,,CUG,CAG,Leu,1
25p1,25p,1,l9Sp,Homo_sapiens_tRNA-Leu-CAG-2-1,38,True,86,39,86,T,C,False,True,TTT,,CUG,CAG,Leu,1
25p1,25p,1,l9Sp,Homo_sapiens_tRNA-Leu-CAG-2-1,43,True,86,37,86,G,C,False,True,TC,,CUG,CAG,Leu,1
25p1,25p,1,l9Sp,Homo_sapiens_tRNA-Leu-CAG-2-1,44,True,86,39,86,T,C,False,True,T,,CUG,CAG,Leu,1
25p1,25p,1,l9Sp,Homo_sapiens_tRNA-Leu-CAG-2-1,58,True,86,13,86,G,C,False,True,TTT,,CUG,CAG,Leu,1
25p1,25p,1,l9Sp,Homo_sapiens_tRNA-Leu-CAG-2-1,70,True,86,4,86,A,C,False,True,TTT,,CUG,CAG,Leu,1
25p1,25p,1,l9Sp,Homo_sapiens_tRNA-Leu-CAG-2-1,73,True,86,4,86,A,C,False,True,TTTT,,CUG,CAG,Leu,1
25p1,25p,1,l9Sp,Homo_sapiens_tRNA-Leu-TAA-1-1,34,True,86,49,86,A,C,False,True,ATT,,UUA,TAA,Leu,1
25p1,25p,1,l9Sp,Homo_sapiens_tRNA-Leu-TAA-1-1,45,True,86,38,86,A,C,False,True,,,UUA,TAA,Leu,1
25p1,25p,1,l9Sp,Homo_sapiens_tRNA-Leu-TAA-1-1,46,True,86,38,86,A,A,False,True,AAC,,UUA,TAA,Leu,1
25p1,25p,1,l9Sp,Homo_sapiens_tRNA-Leu-TAA-1-1,56,True,86,27,86,T,C,False,True,CC,,UUA,TAA,Leu,1
25p1,25p,1,l9Sp,Homo_sapiens_tRNA-Leu-TAA-3-1,41,True,86,42,86,A,C,False,True,TTTA,,UUA,TAA,Leu,1
25p1,25p,1,l9Sp,Homo_sapiens_tRNA-Leu-TAG-1-1,51,True,85,28,85,C,C,False,True,CA,,CUA,TAG,Leu,1
25p1,25p,1,l9Sp,Homo_sapiens_tRNA-Leu-TAG-1-1,67,True,85,1,85,G,C,True,True,ATT,,CUA,TAG,Leu,1
25p1,25p,1,l9Sp,Homo_sapiens_tRNA-Leu-TAG-1-1,67,True,85,13,85,G,A,False,True,,,CUA,TAG,Leu,1
25p1,25p,1,l9Sp,Homo_sapiens_tRNA-Leu-TAG-2-1,48,True,85,28,85,C,C,False,True,TGCA,,CUA,TAG,Leu,1
25p1,25p,1,l9Sp,Homo_sapiens_tRNA-Leu-TAG-3-1,44,True,85,39,85,C,A,False,True,,,CUA,TAG,Leu,1
25p1,25p,1,l9Sp,Homo_sapiens_tRNA-Lys-CTT-1-1,34,True,76,39,76,T,C,False,True,,,AAG,CTT,Lys,1
25p1,25p,1,l9Sp,Homo_sapiens_tRNA-Lys-CTT-1-1,48,True,76,25,76,C,C,False,True,A,,AAG,CTT,Lys,1
25p1,25p,1,l9Sp,Homo_sapiens_tRNA-Lys-CTT-1-1,49,True,76,16,76,T,C,False,True,,,AAG,CTT,Lys,1
25p1,25p,1,l9Sp,Homo_sapiens_tRNA-Lys-CTT-1-1,72,True,76,1,76,G,C,True,True,ATCTT,,AAG,CTT,Lys,1
25p1,25p,1,l9Sp,Homo_sapiens_tRNA-Lys-CTT-1-1,72,True,76,1,76,G,C,True,True,TTTT,,AAG,CTT,Lys,1
25p1,25p,1,l9Sp,Homo_sapiens_tRNA-Lys-CTT-1-1,75,True,76,1,76,G,C,True,True,TC,,AAG,CTT,Lys,1
25p1,25p,1,l9Sp,Homo_sapiens_tRNA-Lys-CTT-1-1,76,True,76,1,76,G,A,True,True,TTT,,AAG,CTT,Lys,1
25p1,25p,1,l9Sp,Homo_sapiens_tRNA-Lys-CTT-2-1,45,True,76,23,70,A,G,False,False,T,CTGCC,AAG,CTT,Lys,1
25p1,25p,1,l9Sp,Homo_sapiens_tRNA-Lys-CTT-2-1,54,True,76,16,76,T,C,False,True,T,,AAG,CTT,Lys,2
25p1,25p,1,l9Sp,Homo_sapiens_tRNA-Lys-CTT-2-1,56,True,76,20,76,T,C,False,True,TT,,AAG,CTT,Lys,1
25p1,25p,1,l9Sp,Homo_sapiens_tRNA-Lys-CTT-2-1,65,True,76,2,76,C,C,False,True,,,AAG,CTT,Lys,1
25p1,25p,1,l9Sp,Homo_sapiens_tRNA-Lys-CTT-2-1,69,True,76,4,76,C,C,False,True,,,AAG,CTT,Lys,1
25p1,25p,1,l9Sp,Homo_sapiens_tRNA-Lys-CTT-2-1,72,True,76,1,76,G,C,True,True,AT,,AAG,CTT,Lys,1
25p1,25p,1,l9Sp,Homo_sapiens_tRNA-Lys-CTT-2-1,72,True,76,1,76,G,C,True,True,CTT,,AAG,CTT,Lys,2
25p1,25p,1,l9Sp,Homo_sapiens_tRNA-Lys-CTT-2-1,72,True,76,1,76,G,C,True,True,TCT,,AAG,CTT,Lys,1
25p1,25p,1,l9Sp,Homo_sapiens_tRNA-Lys-CTT-2-1,72,True,76,1,76,G,C,True,True,TT,,AAG,CTT,Lys,2
25p1,25p,1,l9Sp,Homo_sapiens_tRNA-Lys-CTT-2-1,72,True,76,1,76,G,C,True,True,TTT,,AAG,CTT,Lys,2
25p1,25p,1,l9Sp,Homo_sapiens_tRNA-Lys-CTT-2-1,73,True,76,1,76,G,A,True,True,CTT,,AAG,CTT,Lys,1
25p1,25p,1,l9Sp,Homo_sapiens_tRNA-Lys-CTT-2-1@Homo_sapiens_tRNA-Lys-CTT-3-1@Homo_sapiens_tRNA-Lys-CTT-4-1,26,False,76,47,76,T,C,False,True,,,AAG,CTT,Lys,1
25p1,25p,1,l9Sp,Homo_sapiens_tRNA-Lys-CTT-2-1@Homo_sapiens_tRNA-Lys-CTT-3-1@Homo_sapiens_tRNA-Lys-CTT-4-1,26,False,76,47,76,T,C,False,True,T,,AAG,CTT,Lys,1
25p1,25p,1,l9Sp,Homo_sapiens_tRNA-Lys-CTT-2-1@Homo_sapiens_tRNA-Lys-CTT-3-1@Homo_sapiens_tRNA-Lys-CTT-4-1,27,False,76,46,76,G,C,False,True,,,AAG,CTT,Lys,1
25p1,25p,1,l9Sp,Homo_sapiens_tRNA-Lys-CTT-2-1@Homo_sapiens_tRNA-Lys-CTT-3-1@Homo_sapiens_tRNA-Lys-CTT-4-1,34,False,76,39,76,T,C,False,True,TT,,AAG,CTT,Lys,1
25p1,25p,1,l9Sp,Homo_sapiens_tRNA-Lys-CTT-2-1@Homo_sapiens_tRNA-Lys-CTT-3-1@Homo_sapiens_tRNA-Lys-CTT-4-1,35,False,76,41,76,T,C,False,True,TT,,AAG,CTT,Lys,2
25p1,25p,1,l9Sp,Homo_sapiens_tRNA-Lys-CTT-2-1@Homo_sapiens_tRNA-Lys-CTT-3-1@Homo_sapiens_tRNA-Lys-CTT-4-1,38,False,76,35,76,T,C,False,True,T,,AAG,CTT,Lys,1
25p1,25p,1,l9Sp,Homo_sapiens_tRNA-Lys-CTT-2-1@Homo_sapiens_tRNA-Lys-CTT-3-1@Homo_sapiens_tRNA-Lys-CTT-4-1,39,False,76,34,76,C,C,False,True,,,AAG,CTT,Lys,1
25p1,25p,1,l9Sp,Homo_sapiens_tRNA-Lys-TTT-2-1@Homo_sapiens_tRNA-Lys-TTT-4-1,30,False,76,43,76,A,C,False,True,TTTT,,AAA,TTT,Lys,1
25p1,25p,1,l9Sp,Homo_sapiens_tRNA-Lys-TTT-2-1@Homo_sapiens_tRNA-Lys-TTT-4-1,35,False,76,38,76,A,C,False,True,,,AAA,TTT,Lys,1
25p1,25p,1,l9Sp,Homo_sapiens_tRNA-Lys-TTT-2-1@Homo_sapiens_tRNA-Lys-TTT-4-1,39,False,76,35,76,T,A,False,True,,,AAA,TTT,Lys,1
25p1,25p,1,l9Sp,Homo_sapiens_tRNA-Lys-TTT-3-1,24,True,76,50,76,A,A,False,True,TTG,,AAA,TTT,Lys,1
25p1,25p,1,l9Sp,Homo_sapiens_tRNA-Lys-TTT-3-1,26,True,76,47,76,T,C,False,True,C,,AAA,TTT,Lys,1
25p1,25p,1,l9Sp,Homo_sapiens_tRNA-Lys-TTT-3-1,35,True,76,35,76,T,C,False,True,,,AAA,TTT,Lys,2
25p1,25p,1,l9Sp,Homo_sapiens_tRNA-Lys-TTT-3-1,35,True,76,38,76,A,C,False,True,,,AAA,TTT,Lys,2
25p1,25p,1,l9Sp,Homo_sapiens_tRNA-Lys-TTT-3-1,35,True,76,38,76,A,C,False,True,C,,AAA,TTT,Lys,1
25p1,25p,1,l9Sp,Homo_sapiens_tRNA-Lys-TTT-3-1,36,True,76,38,76,A,A,False,True,,,AAA,TTT,Lys,2
25p1,25p,1,l9Sp,Homo_sapiens_tRNA-Lys-TTT-3-1,38,True,76,35,76,T,C,False,True,,,AAA,TTT,Lys,3
25p1,25p,1,l9Sp,Homo_sapiens_tRNA-Lys-TTT-3-1,39,True,76,34,76,T,C,False,True,,,AAA,TTT,Lys,1
25p1,25p,1,l9Sp,Homo_sapiens_tRNA-Lys-TTT-3-1,59,True,76,1,76,G,C,True,True,CTT,,AAA,TTT,Lys,1
25p1,25p,1,l9Sp,Homo_sapiens_tRNA-Lys-TTT-3-1,61,True,76,1,76,G,C,True,True,TTTT,,AAA,TTT,Lys,1
25p1,25p,1,l9Sp,Homo_sapiens_tRNA-Lys-TTT-3-1,69,True,76,1,76,G,C,True,True,TTT,,AAA,TTT,Lys,1
25p1,25p,1,l9Sp,Homo_sapiens_tRNA-Lys-TTT-3-1,72,True,76,1,76,G,C,True,True,GTT,,AAA,TTT,Lys,1
25p1,25p,1,l9Sp,Homo_sapiens_tRNA-Lys-TTT-3-1,73,True,76,1,76,G,A,True,True,TTT,,AAA,TTT,Lys,1
25p1,25p,1,l9Sp,Homo_sapiens_tRNA-Lys-TTT-3-1@Homo_sapiens_tRNA-Lys-TTT-5-1,21,False,76,52,76,G,C,False,True,CAT,,AAA,TTT,Lys,2
25p1,25p,1,l9Sp,Homo_sapiens_tRNA-Lys-TTT-6-1,35,True,76,38,76,A,C,False,True,,,AAA,TTT,Lys,1
25p1,25p,1,l9Sp,Homo_sapiens_tRNA-Lys-TTT-6-1,38,True,76,35,76,T,C,False,True,,,AAA,TTT,Lys,1
25p1,25p,1,l9Sp,Homo_sapiens_tRNA-Lys-TTT-6-1,72,True,76,1,76,G,C,True,True,TTT,,AAA,TTT,Lys,1
25p1,25p,1,l9Sp,Homo_sapiens_tRNA-Met-CAT-1-1,69,True,76,1,76,G,C,True,True,TCT,,AUG,CAT,Met,1
25p1,25p,1,l9Sp,Homo_sapiens_tRNA-Met-CAT-1-1,69,True,76,1,76,G,C,True,True,TTC,,AUG,CAT,Met,1
25p1,25p,1,l9Sp,Homo_sapiens_tRNA-Met-CAT-2-1@Homo_sapiens_tRNA-Met-CAT-4-1,21,False,76,52,76,A,C,False,True,,,AUG,CAT,Met,1
25p1,25p,1,l9Sp,Homo_sapiens_tRNA-Met-CAT-2-1@Homo_sapiens_tRNA-Met-CAT-4-1,30,False,76,46,76,G,C,False,True,CT,,AUG,CAT,Met,1
25p1,25p,1,l9Sp,Homo_sapiens_tRNA-Met-CAT-2-1@Homo_sapiens_tRNA-Met-CAT-4-1,40,False,76,34,76,C,A,False,True,,,AUG,CAT,Met,1
25p1,25p,1,l9Sp,Homo_sapiens_tRNA-Met-CAT-2-1@Homo_sapiens_tRNA-Met-CAT-4-1,44,False,76,23,76,C,C,False,True,,,AUG,CAT,Met,1
25p1,25p,1,l9Sp,Homo_sapiens_tRNA-Met-CAT-2-1@Homo_sapiens_tRNA-Met-CAT-4-1,47,False,76,27,76,T,A,False,True,,,AUG,CAT,Met,2
25p1,25p,1,l9Sp,Homo_sapiens_tRNA-Met-CAT-3-1,43,True,76,27,76,T,C,False,True,,,AUG,CAT,Met,1
25p1,25p,1,l9Sp,Homo_sapiens_tRNA-Met-CAT-3-1,43,True,76,27,76,T,C,False,True,TCT,,AUG,CAT,Met,1
25p1,25p,1,l9Sp,Homo_sapiens_tRNA-Met-CAT-3-1,46,True,76,27,76,T,C,False,True,,,AUG,CAT,Met,2
25p1,25p,1,l9Sp,Homo_sapiens_tRNA-Met-CAT-3-1,46,True,76,27,76,T,C,False,True,CA,,AUG,CAT,Met,1
25p1,25p,1,l9Sp,Homo_sapiens_tRNA-Met-CAT-3-1,61,True,76,1,76,G,C,True,True,TC,,AUG,CAT,Met,1
25p1,25p,1,l9Sp,Homo_sapiens_tRNA-Met-CAT-3-1,61,True,76,1,76,G,C,True,True,TT,,AUG,CAT,Met,1
25p1,25p,1,l9Sp,Homo_sapiens_tRNA-Met-CAT-4-1,60,True,76,1,76,G,C,True,True,CTT,,AUG,CAT,Met,1
25p1,25p,1,l9Sp,Homo_sapiens_tRNA-Met-CAT-4-1,66,True,76,1,76,G,C,True,True,TC,,AUG,CAT,Met,2
25p1,25p,1,l9Sp,Homo_sapiens_tRNA-Met-CAT-4-1,66,True,76,1,76,G,C,True,True,TTC,,AUG,CAT,Met,1
25p1,25p,1,l9Sp,Homo_sapiens_tRNA-Met-CAT-4-1,70,True,76,1,76,G,A,True,True,ATT,,AUG,CAT,Met,1
25p1,25p,1,l9Sp,Homo_sapiens_tRNA-Met-CAT-6-1,42,True,76,31,76,T,C,False,True,CT,,AUG,CAT,Met,1
25p1,25p,1,l9Sp,Homo_sapiens_tRNA-Met-CAT-6-1,49,True,76,21,76,A,C,False,True,ATTGCCTCGCCACAGTAGG,,AUG,CAT,Met,1
25p1,25p,1,l9Sp,Homo_sapiens_tRNA-Met-CAT-6-1,69,True,76,1,76,G,C,True,True,TG,,AUG,CAT,Met,1
25p1,25p,1,l9Sp,Homo_sapiens_tRNA-Phe-GAA-1-1,30,True,76,43,76,A,C,False,True,TTT,,UUC,GAA,Phe,1
25p1,25p,1,l9Sp,Homo_sapiens_tRNA-Phe-GAA-1-1,32,True,76,38,76,A,C,False,True,,,UUC,GAA,Phe,1
25p1,25p,1,l9Sp,Homo_sapiens_tRNA-Phe-GAA-1-1,32,True,76,38,76,A,C,False,True,AT,,UUC,GAA,Phe,1
25p1,25p,1,l9Sp,Homo_sapiens_tRNA-Phe-GAA-1-1,35,True,76,38,76,A,C,False,True,,,UUC,GAA,Phe,2
25p1,25p,1,l9Sp,Homo_sapiens_tRNA-Phe-GAA-1-1,35,True,76,38,76,A,C,False,True,A,,UUC,GAA,Phe,1
25p1,25p,1,l9Sp,Homo_sapiens_tRNA-Phe-GAA-1-1,35,True,76,38,76,A,C,False,True,ATCTA,,UUC,GAA,Phe,1
25p1,25p,1,l9Sp,Homo_sapiens_tRNA-Phe-GAA-1-1,37,True,76,33,76,T,C,False,True,A,,UUC,GAA,Phe,1
25p1,25p,1,l9Sp,Homo_sapiens_tRNA-Phe-GAA-1-1,38,True,76,38,76,A,C,False,True,C,,UUC,GAA,Phe,1
25p1,25p,1,l9Sp,Homo_sapiens_tRNA-Phe-GAA-1-1,40,True,76,27,76,T,C,False,True,CT,,UUC,GAA,Phe,1
25p1,25p,1,l9Sp,Homo_sapiens_tRNA-Phe-GAA-1-1,40,True,76,30,76,G,C,False,True,TTT,,UUC,GAA,Phe,1
25p1,25p,1,l9Sp,Homo_sapiens_tRNA-Phe-GAA-1-1,40,True,76,34,76,G,A,False,True,TTTGCC,,UUC,GAA,Phe,1
25p1,25p,1,l9Sp,Homo_sapiens_tRNA-Phe-GAA-1-1,43,True,76,27,76,T,C,False,True,CA,,UUC,GAA,Phe,1
25p1,25p,1,l9Sp,Homo_sapiens_tRNA-Phe-GAA-1-1,44,True,76,23,76,A,C,False,True,,,UUC,GAA,Phe,1
25p1,25p,1,l9Sp,Homo_sapiens_tRNA-Phe-GAA-1-1,46,True,76,27,76,T,C,False,True,T,,UUC,GAA,Phe,1
25p1,25p,1,l9Sp,Homo_sapiens_tRNA-Phe-GAA-1-1,52,True,76,15,76,G,C,False,True,,,UUC,GAA,Phe,2
25p1,25p,1,l9Sp,Homo_sapiens_tRNA-Phe-GAA-1-1,53,True,76,1,76,G,A,True,True,TT,,UUC,GAA,Phe,1
25p1,25p,1,l9Sp,Homo_sapiens_tRNA-Phe-GAA-1-1,63,True,76,1,76,G,C,True,True,TTC,,UUC,GAA,Phe,1
25p1,25p,1,l9Sp,Homo_sapiens_tRNA-Phe-GAA-1-1,63,True,76,2,76,C,A,False,True,CC,,UUC,GAA,Phe,1
25p1,25p,1,l9Sp,Homo_sapiens_tRNA-Phe-GAA-1-1,66,True,76,1,76,G,C,True,True,TTT,,UUC,GAA,Phe,1
25p1,25p,1,l9Sp,Homo_sapiens_tRNA-Phe-GAA-1-1,66,True,76,1,76,G,C,True,True,TTTT,,UUC,GAA,Phe,1
25p1,25p,1,l9Sp,Homo_sapiens_tRNA-Phe-GAA-1-1,69,True,76,1,76,G,C,True,True,T,,UUC,GAA,Phe,1
25p1,25p,1,l9Sp,Homo_sapiens_tRNA-Phe-GAA-2-1,63,True,76,1,76,G,C,True,True,TTC,,UUC,GAA,Phe,1
25p1,25p,1,l9Sp,Homo_sapiens_tRNA-Phe-GAA-2-1@Homo_sapiens_tRNA-Phe-GAA-3-1@Homo_sapiens_tRNA-Phe-GAA-4-1,21,False,76,41,76,T,C,False,True,,,UUC,GAA,Phe,1
25p1,25p,1,l9Sp,Homo_sapiens_tRNA-Pro-AGG-2-1@Homo_sapiens_tRNA-Pro-CGG-1-1@Homo_sapiens_tRNA-Pro-TGG-3-1,54,False,75,10,75,G,C,False,True,TGCTCGTT,,CCU,AGG,Pro,1
25p1,25p,1,l9Sp,Homo_sapiens_tRNA-Pro-AGG-2-1@Homo_sapiens_tRNA-Pro-CGG-1-1@Homo_sapiens_tRNA-Pro-TGG-3-1,55,False,75,11,75,T,C,False,True,C,,CCU,AGG,Pro,1
25p1,25p,1,l9Sp,Homo_sapiens_tRNA-Pro-AGG-2-1@Homo_sapiens_tRNA-Pro-CGG-1-1@Homo_sapiens_tRNA-Pro-TGG-3-1,56,False,75,10,75,G,C,False,True,,,CCU,AGG,Pro,1
25p1,25p,1,l9Sp,Homo_sapiens_tRNA-Pro-AGG-2-1@Homo_sapiens_tRNA-Pro-CGG-1-1@Homo_sapiens_tRNA-Pro-TGG-3-1,56,False,75,10,75,G,C,False,True,TC,,CCU,AGG,Pro,1
25p1,25p,1,l9Sp,Homo_sapiens_tRNA-Pro-AGG-2-1@Homo_sapiens_tRNA-Pro-CGG-1-1@Homo_sapiens_tRNA-Pro-TGG-3-1,56,False,75,10,75,G,C,False,True,TTC,,CCU,AGG,Pro,1
25p1,25p,1,l9Sp,Homo_sapiens_tRNA-Pro-AGG-2-1@Homo_sapiens_tRNA-Pro-CGG-1-1@Homo_sapiens_tRNA-Pro-TGG-3-1,56,False,75,11,75,T,A,False,True,T,,CCU,AGG,Pro,1
25p1,25p,1,l9Sp,Homo_sapiens_tRNA-Pro-AGG-2-1@Homo_sapiens_tRNA-Pro-CGG-1-1@Homo_sapiens_tRNA-Pro-TGG-3-1,59,False,75,10,75,G,C,False,True,CATGAGTGCCTTGGCTGGCTTT,,CCU,AGG,Pro,1
25p1,25p,1,l9Sp,Homo_sapiens_tRNA-Pro-AGG-2-1@Homo_sapiens_tRNA-Pro-CGG-1-1@Homo_sapiens_tRNA-Pro-TGG-3-1,59,False,75,10,75,G,C,False,True,TTGGCCTC,,CCU,AGG,Pro,1
25p1,25p,1,l9Sp,Homo_sapiens_tRNA-Pro-AGG-2-1@Homo_sapiens_tRNA-Pro-CGG-1-1@Homo_sapiens_tRNA-Pro-TGG-3-1,62,False,75,1,75,G,C,True,True,TA,,CCU,AGG,Pro,2
25p1,25p,1,l9Sp,Homo_sapiens_tRNA-Pro-AGG-2-1@Homo_sapiens_tRNA-Pro-CGG-1-1@Homo_sapiens_tRNA-Pro-TGG-3-1,62,False,75,1,75,G,C,True,True,TC,,CCU,AGG,Pro,1
25p1,25p,1,l9Sp,Homo_sapiens_tRNA-Pro-AGG-2-1@Homo_sapiens_tRNA-Pro-CGG-1-1@Homo_sapiens_tRNA-Pro-TGG-3-1,63,False,75,1,75,G,A,True,True,TT,,CCU,AGG,Pro,1
25p1,25p,1,l9Sp,Homo_sapiens_tRNA-Pro-AGG-2-1@Homo_sapiens_tRNA-Pro-CGG-1-1@Homo_sapiens_tRNA-Pro-TGG-3-1,65,False,75,1,75,G,C,True,True,TC,,CCU,AGG,Pro,3
25p1,25p,1,l9Sp,Homo_sapiens_tRNA-Pro-AGG-2-1@Homo_sapiens_tRNA-Pro-CGG-1-1@Homo_sapiens_tRNA-Pro-TGG-3-1,65,False,75,1,75,G,C,True,True,TTTC,,CCU,AGG,Pro,1
25p1,25p,1,l9Sp,Homo_sapiens_tRNA-Pro-AGG-2-1@Homo_sapiens_tRNA-Pro-CGG-1-1@Homo_sapiens_tRNA-Pro-TGG-3-1,66,False,75,1,75,G,A,True,True,TTC,,CCU,AGG,Pro,2
25p1,25p,1,l9Sp,Homo_sapiens_tRNA-Pro-AGG-2-1@Homo_sapiens_tRNA-Pro-CGG-1-1@Homo_sapiens_tRNA-Pro-TGG-3-1,68,False,75,1,75,G,C,True,True,TTT,,CCU,AGG,Pro,1
25p1,25p,1,l9Sp,Homo_sapiens_tRNA-Pro-AGG-2-1@Homo_sapiens_tRNA-Pro-CGG-1-1@Homo_sapiens_tRNA-Pro-TGG-3-1,69,False,75,1,75,G,A,True,True,TCT,,CCU,AGG,Pro,1
25p1,25p,1,l9Sp,Homo_sapiens_tRNA-Pro-CGG-1-1,40,True,75,33,75,C,A,False,True,,,CCG,CGG,Pro,1
25p1,25p,1,l9Sp,Homo_sapiens_tRNA-Pro-CGG-1-1,51,True,75,10,75,G,C,False,True,TTTGGCTCTGGCCTTT,,CCG,CGG,Pro,1
25p1,25p,1,l9Sp,Homo_sapiens_tRNA-Pro-CGG-1-1,54,True,75,15,75,G,C,False,True,TTTGGG,,CCG,CGG,Pro,2
25p1,25p,1,l9Sp,Homo_sapiens_tRNA-Pro-CGG-1-1,57,True,75,1,75,G,C,True,True,TTT,,CCG,CGG,Pro,1
25p1,25p,1,l9Sp,Homo_sapiens_tRNA-Pro-CGG-1-1,57,True,75,1,75,G,C,True,True,TTTC,,CCG,CGG,Pro,1
25p1,25p,1,l9Sp,Homo_sapiens_tRNA-Pro-CGG-1-1,59,True,75,10,75,G,C,False,True,TTT,,CCG,CGG,Pro,1
25p1,25p,1,l9Sp,Homo_sapiens_tRNA-Pro-CGG-1-1,60,True,75,1,75,G,C,True,True,TC,,CCG,CGG,Pro,1
25p1,25p,1,l9Sp,Homo_sapiens_tRNA-Pro-CGG-1-1,66,True,75,1,75,G,A,True,True,CTT,,CCG,CGG,Pro,1
25p1,25p,1,l9Sp,Homo_sapiens_tRNA-Pro-CGG-1-1@Homo_sapiens_tRNA-Pro-TGG-1-1@Homo_sapiens_tRNA-Pro-TGG-3-1,32,False,75,37,75,T,C,False,True,,,CCG,CGG,Pro,1
25p1,25p,1,l9Sp,Homo_sapiens_tRNA-Pro-CGG-1-1@Homo_sapiens_tRNA-Pro-TGG-1-1@Homo_sapiens_tRNA-Pro-TGG-3-1,34,False,75,35,75,G,C,False,True,TTCTTT,,CCG,CGG,Pro,1
25p1,25p,1,l9Sp,Homo_sapiens_tRNA-Pro-CGG-1-1@Homo_sapiens_tRNA-Pro-TGG-1-1@Homo_sapiens_tRNA-Pro-TGG-3-1,35,False,75,37,75,T,C,False,True,C,,CCG,CGG,Pro,1
25p1,25p,1,l9Sp,Homo_sapiens_tRNA-Pro-CGG-1-1@Homo_sapiens_tRNA-Pro-TGG-1-1@Homo_sapiens_tRNA-Pro-TGG-3-1,38,False,75,34,75,G,C,False,True,ATCGCACCCCTTGCGTTGCGTTG,,CCG,CGG,Pro,2
25p1,25p,1,l9Sp,Homo_sapiens_tRNA-Pro-CGG-1-1@Homo_sapiens_tRNA-Pro-TGG-1-1@Homo_sapiens_tRNA-Pro-TGG-3-1,43,False,75,23,75,A,C,False,True,C,,CCG,CGG,Pro,1
25p1,25p,1,l9Sp,Homo_sapiens_tRNA-Pro-CGG-1-1@Homo_sapiens_tRNA-Pro-TGG-1-1@Homo_sapiens_tRNA-Pro-TGG-3-1,51,False,75,18,75,G,C,False,True,,,CCG,CGG,Pro,1
25p1,25p,1,l9Sp,Homo_sapiens_tRNA-Pro-CGG-2-1,35,True,75,37,75,T,C,False,True,C,,CCG,CGG,Pro,1
25p1,25p,1,l9Sp,Homo_sapiens_tRNA-Pro-CGG-2-1@Homo_sapiens_tRNA-Pro-TGG-3-1,57,False,75,1,75,G,C,True,True,AC,,CCG,CGG,Pro,2
25p1,25p,1,l9Sp,Homo_sapiens_tRNA-Pro-TGG-1-1@Homo_sapiens_tRNA-Pro-TGG-2-1@Homo_sapiens_tRNA-Pro-TGG-3-1,22,False,75,44,75,G,C,False,True,,,CCA,TGG,Pro,1
25p1,25p,1,l9Sp,Homo_sapiens_tRNA-Pro-TGG-1-1@Homo_sapiens_tRNA-Pro-TGG-2-1@Homo_sapiens_tRNA-Pro-TGG-3-1,23,False,75,46,75,T,C,False,True,T,,CCA,TGG,Pro,1
25p1,25p,1,l9Sp,Homo_sapiens_tRNA-Pro-TGG-1-1@Homo_sapiens_tRNA-Pro-TGG-2-1@Homo_sapiens_tRNA-Pro-TGG-3-1,26,False,75,46,75,T,C,False,True,,,CCA,TGG,Pro,1
25p1,25p,1,l9Sp,Homo_sapiens_tRNA-Pro-TGG-1-1@Homo_sapiens_tRNA-Pro-TGG-2-1@Homo_sapiens_tRNA-Pro-TGG-3-1,27,False,75,45,75,G,C,False,True,C,,CCA,TGG,Pro,1
25p1,25p,1,l9Sp,Homo_sapiens_tRNA-Pro-TGG-1-1@Homo_sapiens_tRNA-Pro-TGG-2-1@Homo_sapiens_tRNA-Pro-TGG-3-1,30,False,75,42,75,G,C,False,True,GT,,CCA,TGG,Pro,1
25p1,25p,1,l9Sp,Homo_sapiens_tRNA-Pro-TGG-1-1@Homo_sapiens_tRNA-Pro-TGG-2-1@Homo_sapiens_tRNA-Pro-TGG-3-1,33,False,75,39,75,C,C,False,True,TA,,CCA,TGG,Pro,1
25p1,25p,1,l9Sp,Homo_sapiens_tRNA-Pro-TGG-2-1,35,True,75,37,75,T,C,False,True,,,CCA,TGG,Pro,2
25p1,25p,1,l9Sp,Homo_sapiens_tRNA-Pro-TGG-2-1,58,True,75,11,75,T,C,False,True,A,,CCA,TGG,Pro,1
25p1,25p,1,l9Sp,Homo_sapiens_tRNA-Pro-TGG-2-1,65,True,75,1,75,G,C,True,True,TTT,,CCA,TGG,Pro,1
25p1,25p,1,l9Sp,Homo_sapiens_tRNA-Pro-TGG-3-1,59,True,75,10,75,G,C,False,True,TTT,,CCA,TGG,Pro,1
25p1,25p,1,l9Sp,Homo_sapiens_tRNA-Pro-TGG-3-1,62,True,75,10,75,G,C,False,True,TC,,CCA,TGG,Pro,1
25p1,25p,1,l9Sp,Homo_sapiens_tRNA-Pro-TGG-3-1,63,True,75,1,75,G,C,True,True,TTT,,CCA,TGG,Pro,1
25p1,25p,1,l9Sp,Homo_sapiens_tRNA-Pro-TGG-3-1,65,True,75,1,75,G,C,True,True,CTT,,CCA,TGG,Pro,1
25p1,25p,1,l9Sp,Homo_sapiens_tRNA-Pro-TGG-3-1,65,True,75,1,75,G,C,True,True,TC,,CCA,TGG,Pro,1
25p1,25p,1,l9Sp,Homo_sapiens_tRNA-Pro-TGG-3-1,66,True,75,1,75,G,C,True,True,CT,,CCA,TGG,Pro,1
25p1,25p,1,l9Sp,Homo_sapiens_tRNA-Pro-TGG-3-1,71,True,75,1,75,G,C,True,True,TC,G,CCA,TGG,Pro,1
25p1,25p,1,l9Sp,Homo_sapiens_tRNA-SeC-TCA-1-1,80,True,90,1,90,G,C,True,True,CTT,,UGA,TCA,SeC,1
25p1,25p,1,l9Sp,Homo_sapiens_tRNA-SeC-TCA-1-1,83,True,90,1,90,G,C,True,True,CTT,,UGA,TCA,SeC,1
25p1,25p,1,l9Sp,Homo_sapiens_tRNA-Ser-AGA-1-1@Homo_sapiens_tRNA-Ser-TGA-2-1,37,False,85,45,85,G,C,False,True,,,UCU,AGA,Ser,2
25p1,25p,1,l9Sp,Homo_sapiens_tRNA-Ser-AGA-1-1@Homo_sapiens_tRNA-Ser-TGA-2-1,52,False,85,27,85,A,C,False,True,TGTAGCGTCGTCGTGTTT,,UCU,AGA,Ser,1
25p1,25p,1,l9Sp,Homo_sapiens_tRNA-Ser-AGA-1-1@Homo_sapiens_tRNA-Ser-TGA-2-1,58,False,85,18,85,G,C,False,True,,,UCU,AGA,Ser,1
25p1,25p,1,l9Sp,Homo_sapiens_tRNA-Ser-AGA-1-1@Homo_sapiens_tRNA-Ser-TGA-2-1,67,False,85,1,85,G,C,True,True,C,,UCU,AGA,Ser,1
25p1,25p,1,l9Sp,Homo_sapiens_tRNA-Ser-AGA-2-1@Homo_sapiens_tRNA-Ser-AGA-4-1@Homo_sapiens_tRNA-Ser-TGA-3-1,28,False,85,49,85,T,C,False,True,T,,UCU,AGA,Ser,1
25p1,25p,1,l9Sp,Homo_sapiens_tRNA-Ser-AGA-2-1@Homo_sapiens_tRNA-Ser-AGA-4-1@Homo_sapiens_tRNA-Ser-TGA-3-1,34,False,85,48,85,G,C,False,True,,,UCU,AGA,Ser,2
25p1,25p,1,l9Sp,Homo_sapiens_tRNA-Ser-AGA-2-1@Homo_sapiens_tRNA-Ser-TGA-2-1@Homo_sapiens_tRNA-Ser-TGA-3-1,44,False,85,38,85,A,C,False,True,,,UCU,AGA,Ser,1
25p1,25p,1,l9Sp,Homo_sapiens_tRNA-Ser-AGA-2-1@Homo_sapiens_tRNA-Ser-TGA-3-1,46,False,85,37,85,A,A,False,True,,,UCU,AGA,Ser,1
25p1,25p,1,l9Sp,Homo_sapiens_tRNA-Ser-AGA-2-1@Homo_sapiens_tRNA-Ser-TGA-3-1,47,False,85,35,85,G,C,False,True,ATTG,,UCU,AGA,Ser,1
25p1,25p,1,l9Sp,Homo_sapiens_tRNA-Ser-AGA-2-1@Homo_sapiens_tRNA-Ser-TGA-3-1,52,False,85,18,85,G,C,False,True,,,UCU,AGA,Ser,1
25p1,25p,1,l9Sp,Homo_sapiens_tRNA-Ser-AGA-2-1@Homo_sapiens_tRNA-Ser-TGA-3-1,60,False,85,1,85,G,C,True,True,TTT,,UCU,AGA,Ser,1
25p1,25p,1,l9Sp,Homo_sapiens_tRNA-Ser-AGA-2-1@Homo_sapiens_tRNA-Ser-TGA-3-1,68,False,85,5,85,T,C,False,True,T,,UCU,AGA,Ser,1
25p1,25p,1,l9Sp,Homo_sapiens_tRNA-Ser-AGA-2-1@Homo_sapiens_tRNA-Ser-TGA-3-1,69,False,85,1,85,G,C,True,True,TTT,,UCU,AGA,Ser,1
25p1,25p,1,l9Sp,Homo_sapiens_tRNA-Ser-AGA-2-1@Homo_sapiens_tRNA-Ser-TGA-3-1,73,False,85,1,85,G,A,True,True,CTT,,UCU,AGA,Ser,1
25p1,25p,1,l9Sp,Homo_sapiens_tRNA-Ser-AGA-4-1@Homo_sapiens_tRNA-Ser-TGA-2-1@Homo_sapiens_tRNA-Ser-TGA-3-1,22,False,85,55,85,C,C,False,True,TTT,,UCU,AGA,Ser,1
25p1,25p,1,l9Sp,Homo_sapiens_tRNA-Ser-AGA-4-1@Homo_sapiens_tRNA-Ser-TGA-2-1@Homo_sapiens_tRNA-Ser-TGA-3-1,24,False,85,59,85,C,A,False,True,TTT,,UCU,AGA,Ser,1
25p1,25p,1,l9Sp,Homo_sapiens_tRNA-Ser-AGA-4-1@Homo_sapiens_tRNA-Ser-TGA-2-1@Homo_sapiens_tRNA-Ser-TGA-3-1,31,False,85,51,85,T,C,False,True,CTA,,UCU,AGA,Ser,1
25p1,25p,1,l9Sp,Homo_sapiens_tRNA-Ser-CGA-1-1,72,True,85,1,85,G,C,True,True,TC,,UCG,CGA,Ser,1
25p1,25p,1,l9Sp,Homo_sapiens_tRNA-Ser-GCT-1-1,31,True,85,51,85,T,C,False,True,,,AGC,GCT,Ser,1
25p1,25p,1,l9Sp,Homo_sapiens_tRNA-Ser-GCT-1-1,40,True,85,36,85,T,C,False,True,,,AGC,GCT,Ser,1
25p1,25p,1,l9Sp,Homo_sapiens_tRNA-Ser-GCT-1-1@Homo_sapiens_tRNA-Ser-GCT-3-1,50,False,85,27,85,A,A,False,True,,,AGC,GCT,Ser,1
25p1,25p,1,l9Sp,Homo_sapiens_tRNA-Ser-GCT-1-1@Homo_sapiens_tRNA-Ser-GCT-3-1,55,False,85,27,85,A,C,False,True,CT,,AGC,GCT,Ser,1
25p1,25p,1,l9Sp,Homo_sapiens_tRNA-Ser-GCT-2-1,31,True,85,51,85,T,C,False,True,CTT,,AGC,GCT,Ser,1
25p1,25p,1,l9Sp,Homo_sapiens_tRNA-Ser-GCT-2-1,52,True,85,27,85,A,C,False,True,CC,,AGC,GCT,Ser,1
25p1,25p,1,l9Sp,Homo_sapiens_tRNA-Ser-GCT-3-1,33,True,85,49,85,T,C,False,True,,,AGC,GCT,Ser,1
25p1,25p,1,l9Sp,Homo_sapiens_tRNA-Ser-GCT-3-1,34,True,85,48,85,C,C,False,True,T,,AGC,GCT,Ser,1
25p1,25p,1,l9Sp,Homo_sapiens_tRNA-Ser-GCT-3-1,35,True,85,47,85,G,C,False,True,,,AGC,GCT,Ser,1
25p1,25p,1,l9Sp,Homo_sapiens_tRNA-Ser-GCT-3-1,37,True,85,48,85,C,C,False,True,,,AGC,GCT,Ser,1
25p1,25p,1,l9Sp,Homo_sapiens_tRNA-Ser-GCT-3-1,52,True,85,27,85,A,C,False,True,TTTTGACGATGGATTAGCA,,AGC,GCT,Ser,1
25p1,25p,1,l9Sp,Homo_sapiens_tRNA-Ser-GCT-3-1,75,True,85,1,85,G,C,True,True,TTT,,AGC,GCT,Ser,1
25p1,25p,1,l9Sp,Homo_sapiens_tRNA-Ser-GCT-3-1,76,True,85,1,85,G,A,True,True,TTT,,AGC,GCT,Ser,1
25p1,25p,1,l9Sp,Homo_sapiens_tRNA-Ser-GCT-3-1@Homo_sapiens_tRNA-Ser-GCT-4-1,72,False,85,1,85,G,C,True,True,TC,,AGC,GCT,Ser,1
25p1,25p,1,l9Sp,Homo_sapiens_tRNA-Ser-GCT-3-1@Homo_sapiens_tRNA-Ser-GCT-4-1@Homo_sapiens_tRNA-Ser-GCT-6-1,30,False,85,52,85,G,C,False,True,TC,,AGC,GCT,Ser,1
25p1,25p,1,l9Sp,Homo_sapiens_tRNA-Ser-GCT-3-1@Homo_sapiens_tRNA-Ser-GCT-4-1@Homo_sapiens_tRNA-Ser-GCT-6-1,34,False,85,16,85,T,C,False,True,,,AGC,GCT,Ser,1
25p1,25p,1,l9Sp,Homo_sapiens_tRNA-Ser-GCT-3-1@Homo_sapiens_tRNA-Ser-GCT-4-1@Homo_sapiens_tRNA-Ser-GCT-6-1,49,False,85,27,85,A,C,False,True,,,AGC,GCT,Ser,1
25p1,25p,1,l9Sp,Homo_sapiens_tRNA-Ser-GCT-3-1@Homo_sapiens_tRNA-Ser-GCT-4-1@Homo_sapiens_tRNA-Ser-GCT-6-1,52,False,85,16,85,T,C,False,True,,,AGC,GCT,Ser,1
25p1,25p,1,l9Sp,Homo_sapiens_tRNA-Ser-GCT-3-1@Homo_sapiens_tRNA-Ser-GCT-5-1,67,False,85,1,85,G,C,True,True,TT,,AGC,GCT,Ser,1
25p1,25p,1,l9Sp,Homo_sapiens_tRNA-Ser-GCT-3-1@Homo_sapiens_tRNA-Ser-GCT-5-1,67,False,85,1,85,G,C,True,True,TTT,,AGC,GCT,Ser,1
25p1,25p,1,l9Sp,Homo_sapiens_tRNA-Ser-TGA-1-1,43,True,85,33,85,T,C,False,True,T,,UCA,TGA,Ser,1
25p1,25p,1,l9Sp,Homo_sapiens_tRNA-Ser-TGA-1-1,57,True,85,19,85,T,C,False,True,A,,UCA,TGA,Ser,1
25p1,25p,1,l9Sp,Homo_sapiens_tRNA-Ser-TGA-1-1,74,True,85,2,85,C,C,False,True,,,UCA,TGA,Ser,2
25p1,25p,1,l9Sp,Homo_sapiens_tRNA-Ser-TGA-2-1,70,True,85,1,85,G,C,True,True,T,,UCA,TGA,Ser,1
25p1,25p,1,l9Sp,Homo_sapiens_tRNA-Thr-AGT-1-1,58,True,77,1,77,G,C,True,True,TTC,,ACU,AGT,Thr,1
25p1,25p,1,l9Sp,Homo_sapiens_tRNA-Thr-AGT-1-1,58,True,77,10,77,G,C,False,True,TTTGGCGGGGGTC,,ACU,AGT,Thr,1
25p1,25p,1,l9Sp,Homo_sapiens_tRNA-Thr-AGT-1-1,61,True,77,1,77,G,C,True,True,TC,,ACU,AGT,Thr,1
25p1,25p,1,l9Sp,Homo_sapiens_tRNA-Thr-AGT-1-1@Homo_sapiens_tRNA-Thr-AGT-5-1,38,False,77,36,77,G,C,False,True,CCTTTG,,ACU,AGT,Thr,1
25p1,25p,1,l9Sp,Homo_sapiens_tRNA-Thr-AGT-1-1@Homo_sapiens_tRNA-Thr-AGT-5-1,38,False,77,36,77,G,C,False,True,GGTGGTG,,ACU,AGT,Thr,1
25p1,25p,1,l9Sp,Homo_sapiens_tRNA-Thr-AGT-1-1@Homo_sapiens_tRNA-Thr-AGT-5-1,38,False,77,39,77,A,C,False,True,,,ACU,AGT,Thr,1
25p1,25p,1,l9Sp,Homo_sapiens_tRNA-Thr-AGT-2-1,55,True,77,10,77,G,C,False,True,TC,,ACU,AGT,Thr,1
25p1,25p,1,l9Sp,Homo_sapiens_tRNA-Thr-AGT-2-1,61,True,77,1,77,G,C,True,True,TG,,ACU,AGT,Thr,1
25p1,25p,1,l9Sp,Homo_sapiens_tRNA-Thr-AGT-2-1,64,True,77,1,77,G,C,True,True,ATTT,,ACU,AGT,Thr,1
25p1,25p,1,l9Sp,Homo_sapiens_tRNA-Thr-AGT-2-1,64,True,77,1,77,G,C,True,True,C,,ACU,AGT,Thr,1
25p1,25p,1,l9Sp,Homo_sapiens_tRNA-Thr-AGT-2-1@Homo_sapiens_tRNA-Thr-AGT-6-1@Homo_sapiens_tRNA-Thr-CGT-3-1,34,False,77,37,77,T,C,False,True,TT,,ACU,AGT,Thr,1
25p1,25p,1,l9Sp,Homo_sapiens_tRNA-Thr-AGT-2-1@Homo_sapiens_tRNA-Thr-AGT-6-1@Homo_sapiens_tRNA-Thr-CGT-3-1,38,False,77,36,77,G,C,False,True,TATG,,ACU,AGT,Thr,1
25p1,25p,1,l9Sp,Homo_sapiens_tRNA-Thr-AGT-4-1,38,True,77,36,77,G,C,False,True,TGTG,,ACU,AGT,Thr,1
25p1,25p,1,l9Sp,Homo_sapiens_tRNA-Thr-AGT-4-1,61,True,77,1,77,G,C,True,True,TTT,,ACU,AGT,Thr,1
25p1,25p,1,l9Sp,Homo_sapiens_tRNA-Thr-CGT-2-1,40,True,75,32,75,T,C,False,True,TT,,ACG,CGT,Thr,1
25p1,25p,1,l9Sp,Homo_sapiens_tRNA-Thr-CGT-3-1,60,True,77,11,77,C,C,False,True,CT,,ACG,CGT,Thr,1
25p1,25p,1,l9Sp,Homo_sapiens_tRNA-Thr-CGT-4-1,37,True,75,35,75,T,C,False,True,,,ACG,CGT,Thr,1
25p1,25p,1,l9Sp,Homo_sapiens_tRNA-Thr-TGT-1-1,39,True,77,38,77,A,C,False,True,,,ACA,TGT,Thr,1
25p1,25p,1,l9Sp,Homo_sapiens_tRNA-Thr-TGT-1-1,40,True,77,34,77,T,C,False,True,,,ACA,TGT,Thr,2
25p1,25p,1,l9Sp,Homo_sapiens_tRNA-Thr-TGT-2-1,73,True,76,1,76,G,A,True,True,TTT,,ACA,TGT,Thr,1
25p1,25p,1,l9Sp,Homo_sapiens_tRNA-Thr-TGT-2-1,73,True,76,1,76,G,A,True,True,TTTT,,ACA,TGT,Thr,1
25p1,25p,1,l9Sp,Homo_sapiens_tRNA-Thr-TGT-4-1,69,True,76,1,76,G,C,True,True,TC,,ACA,TGT,Thr,1
25p1,25p,1,l9Sp,Homo_sapiens_tRNA-Thr-TGT-4-1,69,True,76,1,76,G,C,True,True,TCT,,ACA,TGT,Thr,1
25p1,25p,1,l9Sp,Homo_sapiens_tRNA-Thr-TGT-4-1,70,True,76,1,76,G,A,True,True,TC,,ACA,TGT,Thr,1
25p1,25p,1,l9Sp,Homo_sapiens_tRNA-Thr-TGT-4-1@Homo_sapiens_tRNA-Thr-TGT-5-1,40,False,76,33,76,T,C,False,True,,,ACA,TGT,Thr,2
25p1,25p,1,l9Sp,Homo_sapiens_tRNA-Thr-TGT-4-1@Homo_sapiens_tRNA-Thr-TGT-5-1,43,False,76,33,76,T,C,False,True,TT,,ACA,TGT,Thr,1
25p1,25p,1,l9Sp,Homo_sapiens_tRNA-Thr-TGT-4-1@Homo_sapiens_tRNA-Thr-TGT-5-1@Homo_sapiens_tRNA-Thr-TGT-6-1,26,False,76,47,76,T,C,False,True,C,,ACA,TGT,Thr,1
25p1,25p,1,l9Sp,Homo_sapiens_tRNA-Thr-TGT-4-1@Homo_sapiens_tRNA-Thr-TGT-5-1@Homo_sapiens_tRNA-Thr-TGT-6-1,27,False,76,46,76,G,C,False,True,,,ACA,TGT,Thr,1
25p1,25p,1,l9Sp,Homo_sapiens_tRNA-Trp-CCA-1-1@Homo_sapiens_tRNA-Trp-CCA-3-1@Homo_sapiens_tRNA-Trp-CCA-5-1,23,False,75,49,75,C,C,False,True,T,,UGG,CCA,Trp,1
25p1,25p,1,l9Sp,Homo_sapiens_tRNA-Trp-CCA-1-1@Homo_sapiens_tRNA-Trp-CCA-3-1@Homo_sapiens_tRNA-Trp-CCA-5-1,26,False,75,46,75,T,C,False,True,TTT,,UGG,CCA,Trp,1
25p1,25p,1,l9Sp,Homo_sapiens_tRNA-Trp-CCA-1-1@Homo_sapiens_tRNA-Trp-CCA-3-1@Homo_sapiens_tRNA-Trp-CCA-5-1,32,False,75,40,75,A,C,False,True,,,UGG,CCA,Trp,1
25p1,25p,1,l9Sp,Homo_sapiens_tRNA-Trp-CCA-1-1@Homo_sapiens_tRNA-Trp-CCA-3-1@Homo_sapiens_tRNA-Trp-CCA-5-1,35,False,75,37,75,A,C,False,True,,,UGG,CCA,Trp,2
25p1,25p,1,l9Sp,Homo_sapiens_tRNA-Trp-CCA-1-1@Homo_sapiens_tRNA-Trp-CCA-3-1@Homo_sapiens_tRNA-Trp-CCA-5-1,36,False,75,33,75,C,C,False,True,,,UGG,CCA,Trp,2
25p1,25p,1,l9Sp,Homo_sapiens_tRNA-Trp-CCA-1-1@Homo_sapiens_tRNA-Trp-CCA-3-1@Homo_sapiens_tRNA-Trp-CCA-5-1,41,False,75,31,75,C,C,False,True,TTT,,UGG,CCA,Trp,1
25p1,25p,1,l9Sp,Homo_sapiens_tRNA-Trp-CCA-1-1@Homo_sapiens_tRNA-Trp-CCA-3-1@Homo_sapiens_tRNA-Trp-CCA-5-1,43,False,75,26,75,T,C,False,True,,,UGG,CCA,Trp,1
25p1,25p,1,l9Sp,Homo_sapiens_tRNA-Trp-CCA-1-1@Homo_sapiens_tRNA-Trp-CCA-3-1@Homo_sapiens_tRNA-Trp-CCA-5-1,46,False,75,26,75,T,C,False,True,C,,UGG,CCA,Trp,1
25p1,25p,1,l9Sp,Homo_sapiens_tRNA-Trp-CCA-1-1@Homo_sapiens_tRNA-Trp-CCA-3-1@Homo_sapiens_tRNA-Trp-CCA-5-1,46,False,75,26,75,T,C,False,True,T,,UGG,CCA,Trp,1
25p1,25p,1,l9Sp,Homo_sapiens_tRNA-Trp-CCA-2-1,26,True,75,46,75,T,C,False,True,T,,UGG,CCA,Trp,1
25p1,25p,1,l9Sp,Homo_sapiens_tRNA-Trp-CCA-2-1,31,True,75,44,75,G,C,False,True,TTTTT,,UGG,CCA,Trp,1
25p1,25p,1,l9Sp,Homo_sapiens_tRNA-Trp-CCA-2-1,62,True,75,1,75,G,C,True,True,TTC,,UGG,CCA,Trp,1
25p1,25p,1,l9Sp,Homo_sapiens_tRNA-Trp-CCA-4-1,22,True,75,37,75,A,C,False,True,,,UGG,CCA,Trp,1
25p1,25p,1,l9Sp,Homo_sapiens_tRNA-Trp-CCA-4-1,35,True,75,37,75,A,C,False,True,T,,UGG,CCA,Trp,1
25p1,25p,1,l9Sp,Homo_sapiens_tRNA-Trp-CCA-4-1,46,True,75,26,75,T,C,False,True,T,,UGG,CCA,Trp,1
25p1,25p,1,l9Sp,Homo_sapiens_tRNA-Trp-CCA-4-1,50,True,75,1,75,G,C,True,True,TTT,,UGG,CCA,Trp,1
25p1,25p,1,l9Sp,Homo_sapiens_tRNA-Tyr-GTA-1-1@Homo_sapiens_tRNA-Tyr-GTA-8-1,26,False,76,47,76,T,C,False,True,T,,UAC,GTA,Tyr,1
25p1,25p,1,l9Sp,Homo_sapiens_tRNA-Tyr-GTA-1-1@Homo_sapiens_tRNA-Tyr-GTA-8-1,35,False,76,38,76,A,C,False,True,,,UAC,GTA,Tyr,1
25p1,25p,1,l9Sp,Homo_sapiens_tRNA-Tyr-GTA-1-1@Homo_sapiens_tRNA-Tyr-GTA-8-1,35,False,76,38,76,A,C,False,True,T,,UAC,GTA,Tyr,1
25p1,25p,1,l9Sp,Homo_sapiens_tRNA-Tyr-GTA-1-1@Homo_sapiens_tRNA-Tyr-GTA-8-1,42,False,76,28,76,A,C,False,True,A,,UAC,GTA,Tyr,1
25p1,25p,1,l9Sp,Homo_sapiens_tRNA-Tyr-GTA-1-1@Homo_sapiens_tRNA-Tyr-GTA-8-1,46,False,76,27,76,G,C,False,True,,,UAC,GTA,Tyr,1
25p1,25p,1,l9Sp,Homo_sapiens_tRNA-Tyr-GTA-2-1@Homo_sapiens_tRNA-Tyr-GTA-5-1,22,False,76,49,73,G,A,False,False,TA,AC,UAC,GTA,Tyr,1
25p1,25p,1,l9Sp,Homo_sapiens_tRNA-Tyr-GTA-2-1@Homo_sapiens_tRNA-Tyr-GTA-5-1,32,False,76,38,76,A,C,False,True,AAGGACTGT,,UAC,GTA,Tyr,1
25p1,25p,1,l9Sp,Homo_sapiens_tRNA-Tyr-GTA-2-1@Homo_sapiens_tRNA-Tyr-GTA-5-1,32,False,76,38,76,A,C,False,True,GTGC,,UAC,GTA,Tyr,1
25p1,25p,1,l9Sp,Homo_sapiens_tRNA-Tyr-GTA-2-1@Homo_sapiens_tRNA-Tyr-GTA-5-1,32,False,76,41,76,C,C,False,True,,,UAC,GTA,Tyr,1
25p1,25p,1,l9Sp,Homo_sapiens_tRNA-Tyr-GTA-2-1@Homo_sapiens_tRNA-Tyr-GTA-5-1,35,False,76,38,76,A,C,False,True,C,,UAC,GTA,Tyr,1
25p1,25p,1,l9Sp,Homo_sapiens_tRNA-Tyr-GTA-2-1@Homo_sapiens_tRNA-Tyr-GTA-5-1,35,False,76,38,76,A,C,False,True,TAT,,UAC,GTA,Tyr,1
25p1,25p,1,l9Sp,Homo_sapiens_tRNA-Tyr-GTA-2-1@Homo_sapiens_tRNA-Tyr-GTA-5-1,37,False,76,28,76,A,C,False,True,A,,UAC,GTA,Tyr,2
25p1,25p,1,l9Sp,Homo_sapiens_tRNA-Tyr-GTA-2-1@Homo_sapiens_tRNA-Tyr-GTA-5-1,38,False,76,32,76,C,C,False,True,T,,UAC,GTA,Tyr,1
25p1,25p,1,l9Sp,Homo_sapiens_tRNA-Tyr-GTA-2-1@Homo_sapiens_tRNA-Tyr-GTA-5-1,40,False,76,30,76,G,C,False,True,TTTTTTT,,UAC,GTA,Tyr,1
25p1,25p,1,l9Sp,Homo_sapiens_tRNA-Tyr-GTA-2-1@Homo_sapiens_tRNA-Tyr-GTA-5-1,42,False,76,28,76,A,C,False,True,A,,UAC,GTA,Tyr,2
25p1,25p,1,l9Sp,Homo_sapiens_tRNA-Tyr-GTA-2-1@Homo_sapiens_tRNA-Tyr-GTA-5-1,42,False,76,28,76,A,C,False,True,T,,UAC,GTA,Tyr,1
25p1,25p,1,l9Sp,Homo_sapiens_tRNA-Tyr-GTA-2-1@Homo_sapiens_tRNA-Tyr-GTA-5-1,45,False,76,28,76,A,C,False,True,A,,UAC,GTA,Tyr,1
25p1,25p,1,l9Sp,Homo_sapiens_tRNA-Tyr-GTA-2-1@Homo_sapiens_tRNA-Tyr-GTA-5-1,45,False,76,28,76,A,C,False,True,C,,UAC,GTA,Tyr,1
25p1,25p,1,l9Sp,Homo_sapiens_tRNA-Tyr-GTA-3-1@Homo_sapiens_tRNA-Tyr-GTA-6-1,27,False,76,43,76,T,C,False,True,,,UAC,GTA,Tyr,1
25p1,25p,1,l9Sp,Homo_sapiens_tRNA-Tyr-GTA-3-1@Homo_sapiens_tRNA-Tyr-GTA-6-1,39,False,76,28,76,A,C,False,True,,,UAC,GTA,Tyr,1
25p1,25p,1,l9Sp,Homo_sapiens_tRNA-Tyr-GTA-3-1@Homo_sapiens_tRNA-Tyr-GTA-6-1,39,False,76,28,76,A,C,False,True,A,,UAC,GTA,Tyr,1
25p1,25p,1,l9Sp,Homo_sapiens_tRNA-Tyr-GTA-3-1@Homo_sapiens_tRNA-Tyr-GTA-6-1,42,False,76,28,76,A,C,False,True,TA,,UAC,GTA,Tyr,1
25p1,25p,1,l9Sp,Homo_sapiens_tRNA-Tyr-GTA-5-1@Homo_sapiens_tRNA-Tyr-GTA-7-1@Homo_sapiens_tRNA-Tyr-GTA-8-1,20,False,76,28,76,A,C,False,True,,,UAC,GTA,Tyr,1
25p1,25p,1,l9Sp,Homo_sapiens_tRNA-Val-AAC-1-1@Homo_sapiens_tRNA-Val-AAC-2-1@Homo_sapiens_tRNA-Val-CAC-1-1,26,False,76,47,76,T,C,False,True,,,GUU,AAC,Val,1
25p1,25p,1,l9Sp,Homo_sapiens_tRNA-Val-AAC-1-1@Homo_sapiens_tRNA-Val-AAC-2-1@Homo_sapiens_tRNA-Val-CAC-1-1,33,False,76,35,76,A,C,False,True,CTCTG,,GUU,AAC,Val,1
25p1,25p,1,l9Sp,Homo_sapiens_tRNA-Val-AAC-1-1@Homo_sapiens_tRNA-Val-AAC-2-1@Homo_sapiens_tRNA-Val-CAC-1-1,33,False,76,40,76,C,C,False,True,,,GUU,AAC,Val,1
25p1,25p,1,l9Sp,Homo_sapiens_tRNA-Val-AAC-1-1@Homo_sapiens_tRNA-Val-AAC-2-1@Homo_sapiens_tRNA-Val-CAC-1-1,33,False,76,41,76,G,A,False,True,TAT,,GUU,AAC,Val,1
25p1,25p,1,l9Sp,Homo_sapiens_tRNA-Val-AAC-1-1@Homo_sapiens_tRNA-Val-CAC-1-1,48,False,76,19,76,T,C,False,True,,,GUU,AAC,Val,1
25p1,25p,1,l9Sp,Homo_sapiens_tRNA-Val-AAC-1-1@Homo_sapiens_tRNA-Val-CAC-1-1,52,False,76,18,76,G,C,False,True,,,GUU,AAC,Val,1
25p1,25p,1,l9Sp,Homo_sapiens_tRNA-Val-AAC-1-1@Homo_sapiens_tRNA-Val-CAC-1-1,63,False,76,1,76,G,C,True,True,GTC,,GUU,AAC,Val,1
25p1,25p,1,l9Sp,Homo_sapiens_tRNA-Val-AAC-1-1@Homo_sapiens_tRNA-Val-CAC-1-1,64,False,76,1,76,G,C,True,True,ATT,,GUU,AAC,Val,1
25p1,25p,1,l9Sp,Homo_sapiens_tRNA-Val-AAC-1-1@Homo_sapiens_tRNA-Val-CAC-1-1,64,False,76,1,76,G,C,True,True,TTC,,GUU,AAC,Val,1
25p1,25p,1,l9Sp,Homo_sapiens_tRNA-Val-AAC-1-1@Homo_sapiens_tRNA-Val-CAC-1-1,66,False,76,1,76,G,C,True,True,GTTGTTT,,GUU,AAC,Val,1
25p1,25p,1,l9Sp,Homo_sapiens_tRNA-Val-AAC-1-1@Homo_sapiens_tRNA-Val-CAC-1-1,66,False,76,1,76,G,C,True,True,TTC,,GUU,AAC,Val,1
25p1,25p,1,l9Sp,Homo_sapiens_tRNA-Val-AAC-1-1@Homo_sapiens_tRNA-Val-CAC-1-1,69,False,76,1,76,G,C,True,True,G,,GUU,AAC,Val,1
25p1,25p,1,l9Sp,Homo_sapiens_tRNA-Val-AAC-1-1@Homo_sapiens_tRNA-Val-CAC-1-1,70,False,76,1,76,G,A,True,True,GTTT,,GUU,AAC,Val,2
25p1,25p,1,l9Sp,Homo_sapiens_tRNA-Val-AAC-1-1@Homo_sapiens_tRNA-Val-CAC-1-1,71,False,76,2,76,T,C,False,True,TT,,GUU,AAC,Val,1
25p1,25p,1,l9Sp,Homo_sapiens_tRNA-Val-AAC-1-1@Homo_sapiens_tRNA-Val-CAC-1-1,72,False,76,1,76,G,C,True,True,TC,,GUU,AAC,Val,1
25p1,25p,1,l9Sp,Homo_sapiens_tRNA-Val-AAC-2-1,63,True,76,1,76,G,C,True,True,,,GUU,AAC,Val,1
25p1,25p,1,l9Sp,Homo_sapiens_tRNA-Val-AAC-2-1,66,True,76,1,76,G,C,True,True,TTT,,GUU,AAC,Val,1
25p1,25p,1,l9Sp,Homo_sapiens_tRNA-Val-AAC-2-1,69,True,76,1,76,G,C,True,True,TTC,,GUU,AAC,Val,1
25p1,25p,1,l9Sp,Homo_sapiens_tRNA-Val-AAC-2-1,69,True,76,1,76,G,C,True,True,TTT,,GUU,AAC,Val,1
25p1,25p,1,l9Sp,Homo_sapiens_tRNA-Val-AAC-2-1,70,True,76,1,76,G,A,True,True,TTT,,GUU,AAC,Val,1
25p1,25p,1,l9Sp,Homo_sapiens_tRNA-Val-AAC-2-1@Homo_sapiens_tRNA-Val-AAC-4-1@Homo_sapiens_tRNA-Val-CAC-1-1,22,False,76,54,76,T,C,False,True,ATAATAATAATAATAATAGCCTTGTTTCCGTAGTGT,,GUU,AAC,Val,1
25p1,25p,1,l9Sp,Homo_sapiens_tRNA-Val-CAC-1-1,39,True,76,34,76,C,C,False,True,TC,,GUG,CAC,Val,1
25p1,25p,1,l9Sp,Homo_sapiens_tRNA-Val-CAC-1-1,41,True,76,33,76,T,A,False,True,T,,GUG,CAC,Val,2
25p1,25p,1,l9Sp,Homo_sapiens_tRNA-Val-CAC-1-1,43,True,76,33,76,T,C,False,True,TTT,,GUG,CAC,Val,1
25p1,25p,1,l9Sp,Homo_sapiens_tRNA-Val-CAC-1-1,54,True,76,19,76,T,C,False,True,,,GUG,CAC,Val,1
25p1,25p,1,l9Sp,Homo_sapiens_tRNA-Val-CAC-1-1,57,True,76,16,76,T,C,False,True,,,GUG,CAC,Val,1
25p1,25p,1,l9Sp,Homo_sapiens_tRNA-Val-CAC-1-1,58,True,76,15,76,G,C,False,True,TT,,GUG,CAC,Val,1
25p1,25p,1,l9Sp,Homo_sapiens_tRNA-Val-CAC-1-1,59,True,76,1,76,G,C,True,True,GTTTC,,GUG,CAC,Val,1
25p1,25p,1,l9Sp,Homo_sapiens_tRNA-Val-CAC-1-1,63,True,76,1,76,G,C,True,True,ATT,,GUG,CAC,Val,1
25p1,25p,1,l9Sp,Homo_sapiens_tRNA-Val-CAC-1-1,63,True,76,14,76,A,A,False,True,CGTTTCCGG,,GUG,CAC,Val,1
25p1,25p,1,l9Sp,Homo_sapiens_tRNA-Val-CAC-1-1,69,True,76,1,76,G,C,True,True,TT,,GUG,CAC,Val,1
25p1,25p,1,l9Sp,Homo_sapiens_tRNA-Val-CAC-1-1,69,True,76,4,76,T,C,False,True,,,GUG,CAC,Val,2
25p1,25p,1,l9Sp,Homo_sapiens_tRNA-Val-CAC-1-1,70,True,76,6,76,C,C,False,True,,,GUG,CAC,Val,1
25p1,25p,1,l9Sp,Homo_sapiens_tRNA-Val-CAC-1-1,71,True,76,2,76,T,C,False,True,A,,GUG,CAC,Val,1
25p1,25p,1,l9Sp,Homo_sapiens_tRNA-Val-CAC-1-1,72,True,76,1,76,G,C,True,True,GGTTTTT,,GUG,CAC,Val,1
25p1,25p,1,l9Sp,Homo_sapiens_tRNA-Val-CAC-1-1,72,True,76,1,76,G,C,True,True,T,,GUG,CAC,Val,1
25p1,25p,1,l9Sp,Homo_sapiens_tRNA-Val-CAC-1-1,72,True,76,1,76,G,C,True,True,TTT,,GUG,CAC,Val,2
25p1,25p,1,l9Sp,Homo_sapiens_tRNA-Val-CAC-1-1,73,True,76,1,76,G,A,True,True,CTTT,,GUG,CAC,Val,1
25p1,25p,1,l9Sp,Homo_sapiens_tRNA-Val-CAC-1-1,75,True,76,1,76,G,C,True,True,AT,,GUG,CAC,Val,1
25p1,25p,1,l9Sp,Homo_sapiens_tRNA-Val-CAC-3-1,46,True,76,27,76,T,C,False,True,TTT,,GUG,CAC,Val,1
25p1,25p,1,l9Sp,Homo_sapiens_tRNA-Val-CAC-3-1,50,True,76,26,76,A,C,False,True,,,GUG,CAC,Val,1
25p1,25p,1,l9Sp,Homo_sapiens_tRNA-Val-TAC-1-1,48,True,76,16,76,T,C,False,True,CT,,GUA,TAC,Val,1
25p1,25p,1,l9Sp,Homo_sapiens_tRNA-Val-TAC-1-1,64,True,76,1,76,G,C,True,True,TTC,,GUA,TAC,Val,1
25p1,25p,1,l9Sp,Homo_sapiens_tRNA-Val-TAC-1-1,66,True,76,10,76,G,C,False,True,TTTTTAGCTGTTGGGAC,,GUA,TAC,Val,1
25p1,25p,1,l9Sp,Homo_sapiens_tRNA-Val-TAC-1-1@Homo_sapiens_tRNA-Val-TAC-2-1,27,False,76,47,76,T,A,False,True,T,,GUA,TAC,Val,1
25p1,25p,1,l9Sp,Homo_sapiens_tRNA-Val-TAC-1-1@Homo_sapiens_tRNA-Val-TAC-2-1,31,False,76,43,76,A,A,False,True,CAT,,GUA,TAC,Val,1
25p1,25p,1,l9Sp,Homo_sapiens_tRNA-Val-TAC-2-1,69,True,76,1,76,G,C,True,True,TTT,,GUA,TAC,Val,1
25p1,25p,1,l9Sp,Homo_sapiens_tRNA-Val-TAC-2-1,73,True,76,1,76,G,A,True,True,TTTC,,GUA,TAC,Val,3
25p1,25p,1,l9Sp,Homo_sapiens_tRNA-Val-TAC-4-1,74,True,76,2,76,T,C,False,True,T,,GUA,TAC,Val,1
25p1,25p,1,l9Sp,Homo_sapiens_tRNA-iMet-CAT-1-1,20,True,75,47,75,C,C,False,True,GC,,AUG,CAT,iMet,1
25p1,25p,1,l9Sp,Homo_sapiens_tRNA-iMet-CAT-1-1,21,True,75,46,75,T,C,False,True,TT,,AUG,CAT,iMet,1
25p1,25p,1,l9Sp,Homo_sapiens_tRNA-iMet-CAT-1-1,23,True,75,49,75,A,C,False,True,TTT,,AUG,CAT,iMet,1
25p1,25p,1,l9Sp,Homo_sapiens_tRNA-iMet-CAT-1-1,28,True,75,44,75,G,C,False,True,TCT,,AUG,CAT,iMet,1
25p1,25p,1,l9Sp,Homo_sapiens_tRNA-iMet-CAT-1-1,29,True,75,44,75,G,A,False,True,,,AUG,CAT,iMet,1
25p1,25p,1,l9Sp,Homo_sapiens_tRNA-iMet-CAT-1-1,32,True,75,43,75,A,C,False,True,TTT,,AUG,CAT,iMet,1
25p1,25p,1,l9Sp,Homo_sapiens_tRNA-iMet-CAT-1-1,36,True,75,36,75,A,C,False,True,,,AUG,CAT,iMet,1
25p1,25p,1,l9Sp,Homo_sapiens_tRNA-iMet-CAT-1-1,37,True,75,35,75,T,C,False,True,T,,AUG,CAT,iMet,1
25p1,25p,1,l9Sp,Homo_sapiens_tRNA-iMet-CAT-1-1,42,True,75,22,75,C,C,False,True,,,AUG,CAT,iMet,1
25p1,25p,1,l9Sp,Homo_sapiens_tRNA-iMet-CAT-1-1,51,True,75,13,75,C,C,False,True,T,,AUG,CAT,iMet,1
25p1,25p,1,l9Sp,Homo_sapiens_tRNA-iMet-CAT-1-1,51,True,75,16,75,C,C,False,True,,,AUG,CAT,iMet,1
25p1,25p,1,l9Sp,Homo_sapiens_tRNA-iMet-CAT-1-1,51,True,75,21,75,G,C,False,True,TTT,,AUG,CAT,iMet,1
25p1,25p,1,l9Sp,Homo_sapiens_tRNA-iMet-CAT-1-1,54,True,75,10,75,G,C,False,True,T,,AUG,CAT,iMet,1
25p1,25p,1,l9Sp,Homo_sapiens_tRNA-iMet-CAT-1-1,54,True,75,13,75,C,C,False,True,,,AUG,CAT,iMet,1
25p1,25p,1,l9Sp,Homo_sapiens_tRNA-iMet-CAT-1-1,55,True,75,14,75,A,C,False,True,TCG,,AUG,CAT,iMet,1
25p1,25p,1,l9Sp,Homo_sapiens_tRNA-iMet-CAT-1-1,57,True,75,10,75,G,C,False,True,C,,AUG,CAT,iMet,1
25p1,25p,1,l9Sp,Homo_sapiens_tRNA-iMet-CAT-1-1,62,True,75,10,75,G,C,False,True,GTT,,AUG,CAT,iMet,1
25p1,25p,1,l9Sp,Homo_sapiens_tRNA-iMet-CAT-1-1,63,True,75,1,75,A,C,True,True,CTT,,AUG,CAT,iMet,1
25p1,25p,1,l9Sp,Homo_sapiens_tRNA-iMet-CAT-1-1,63,True,75,1,75,A,C,True,True,TTC,,AUG,CAT,iMet,1
25p1,25p,1,l9Sp,Homo_sapiens_tRNA-iMet-CAT-1-1,63,True,75,3,75,C,C,False,True,TC,,AUG,CAT,iMet,1
25p1,25p,1,l9Sp,Homo_sapiens_tRNA-iMet-CAT-1-1,65,True,75,1,75,A,C,True,True,CTT,,AUG,CAT,iMet,1
25p1,25p,1,l9Sp,Homo_sapiens_tRNA-iMet-CAT-1-1,66,True,75,4,75,A,A,False,True,TGCGAGAGGTCCCGGGTTTAGTCT,,AUG,CAT,iMet,1
25p1,25p,1,l9Sp,Homo_sapiens_tRNA-iMet-CAT-1-1,67,True,75,1,75,A,A,True,True,GTT,,AUG,CAT,iMet,1
25p1,25p,1,l9Sp,Homo_sapiens_tRNA-iMet-CAT-1-1,68,True,75,1,75,A,C,True,True,CTT,,AUG,CAT,iMet,1
25p1,25p,1,l9Sp,Homo_sapiens_tRNA-iMet-CAT-1-1,68,True,75,1,75,A,C,True,True,TTT,,AUG,CAT,iMet,2
25p1,25p,1,l9Sp,Homo_sapiens_tRNA-iMet-CAT-1-1,68,True,75,1,75,A,C,True,True,TTTT,,AUG,CAT,iMet,1
25p1,25p,1,l9Sp,Homo_sapiens_tRNA-iMet-CAT-1-1,71,True,75,1,75,A,C,True,True,TC,,AUG,CAT,iMet,1
25p1,25p,1,l9Sp,Homo_sapiens_tRNA-iMet-CAT-1-1,71,True,75,1,75,A,C,True,True,TTT,,AUG,CAT,iMet,1
