sample_name,replicate,barcode,tRNA_annotation,tRNA_annotation_len,unique_annotation,align_3p_nt,codon,anticodon,amino_acid,count
75p2N,1,l2N,Escherichia_coli_str_K_12_substr_MG1655_tRNA-eColiLys-TTT-1-1,76,True,C,AAA,TTT,eColiLys,26
75p2N,1,l2N,Homo_sapiens_mito_tRNA-Ala-TGC,72,True,A,GCA,TGC,Ala,17
75p2N,1,l2N,Homo_sapiens_mito_tRNA-Ala-TGC,72,True,C,GCA,TGC,Ala,19
75p2N,1,l2N,Homo_sapiens_mito_tRNA-Arg-TCG,68,True,A,CGA,TCG,Arg,19
75p2N,1,l2N,Homo_sapiens_mito_tRNA-Arg-TCG,68,True,C,CGA,TCG,Arg,51
75p2N,1,l2N,Homo_sapiens_mito_tRNA-Asn-GTT,76,True,A,AAC,GTT,Asn,27
75p2N,1,l2N,Homo_sapiens_mito_tRNA-Asn-GTT,76,True,C,AAC,GTT,Asn,16
75p2N,1,l2N,Homo_sapiens_mito_tRNA-Asp-GTC,71,True,A,GAC,GTC,Asp,17
75p2N,1,l2N,Homo_sapiens_mito_tRNA-Asp-GTC,71,True,C,GAC,GTC,Asp,67
75p2N,1,l2N,Homo_sapiens_mito_tRNA-Cys-GCA,69,True,A,UGC,GCA,Cys,13
75p2N,1,l2N,Homo_sapiens_mito_tRNA-Cys-GCA,69,True,C,UGC,GCA,Cys,23
75p2N,1,l2N,Homo_sapiens_mito_tRNA-Gln-TTG,75,True,A,CAA,TTG,Gln,2
75p2N,1,l2N,Homo_sapiens_mito_tRNA-Gln-TTG,75,True,C,CAA,TTG,Gln,5
75p2N,1,l2N,Homo_sapiens_mito_tRNA-Glu-TTC,72,True,A,GAA,TTC,Glu,12
75p2N,1,l2N,Homo_sapiens_mito_tRNA-Glu-TTC,72,True,C,GAA,TTC,Glu,50
75p2N,1,l2N,Homo_sapiens_mito_tRNA-Gly-TCC,71,True,A,GGA,TCC,Gly,17
75p2N,1,l2N,Homo_sapiens_mito_tRNA-Gly-TCC,71,True,C,GGA,TCC,Gly,50
75p2N,1,l2N,Homo_sapiens_mito_tRNA-His-GTG,72,True,A,CAC,GTG,His,22
75p2N,1,l2N,Homo_sapiens_mito_tRNA-His-GTG,72,True,C,CAC,GTG,His,46
75p2N,1,l2N,Homo_sapiens_mito_tRNA-Ile-GAT,72,True,A,AUC,GAT,Ile,26
75p2N,1,l2N,Homo_sapiens_mito_tRNA-Ile-GAT,72,True,C,AUC,GAT,Ile,34
75p2N,1,l2N,Homo_sapiens_mito_tRNA-Leu1-TAG,74,True,A,CUA,TAG,Leu1,20
75p2N,1,l2N,Homo_sapiens_mito_tRNA-Leu1-TAG,74,True,C,CUA,TAG,Leu1,38
75p2N,1,l2N,Homo_sapiens_mito_tRNA-Leu2-TAA,78,True,A,UUA,TAA,Leu2,5
75p2N,1,l2N,Homo_sapiens_mito_tRNA-Leu2-TAA,78,True,C,UUA,TAA,Leu2,36
75p2N,1,l2N,Homo_sapiens_mito_tRNA-Lys-TTT,73,True,A,AAA,TTT,Lys,15
75p2N,1,l2N,Homo_sapiens_mito_tRNA-Lys-TTT,73,True,C,AAA,TTT,Lys,50
75p2N,1,l2N,Homo_sapiens_mito_tRNA-Met-CAT,71,True,A,AUG,CAT,Met,30
75p2N,1,l2N,Homo_sapiens_mito_tRNA-Met-CAT,71,True,C,AUG,CAT,Met,57
75p2N,1,l2N,Homo_sapiens_mito_tRNA-Phe-GAA,74,True,A,UUC,GAA,Phe,5
75p2N,1,l2N,Homo_sapiens_mito_tRNA-Phe-GAA,74,True,C,UUC,GAA,Phe,22
75p2N,1,l2N,Homo_sapiens_mito_tRNA-Pro-TGG,71,True,A,CCA,TGG,Pro,46
75p2N,1,l2N,Homo_sapiens_mito_tRNA-Pro-TGG,71,True,C,CCA,TGG,Pro,91
75p2N,1,l2N,Homo_sapiens_mito_tRNA-Ser2-TGA,72,True,A,UCA,TGA,Ser2,5
75p2N,1,l2N,Homo_sapiens_mito_tRNA-Ser2-TGA,72,True,C,UCA,TGA,Ser2,6
75p2N,1,l2N,Homo_sapiens_mito_tRNA-Thr-TGT,69,True,A,ACA,TGT,Thr,13
75p2N,1,l2N,Homo_sapiens_mito_tRNA-Thr-TGT,69,True,C,ACA,TGT,Thr,40
75p2N,1,l2N,Homo_sapiens_mito_tRNA-Trp-TCA,71,True,A,UGA,TCA,Trp,7
75p2N,1,l2N,Homo_sapiens_mito_tRNA-Trp-TCA,71,True,C,UGA,TCA,Trp,15
75p2N,1,l2N,Homo_sapiens_mito_tRNA-Tyr-GTA,69,True,A,UAC,GTA,Tyr,1
75p2N,1,l2N,Homo_sapiens_mito_tRNA-Tyr-GTA,69,True,C,UAC,GTA,Tyr,3
75p2N,1,l2N,Homo_sapiens_mito_tRNA-Val-TAC,72,True,A,GUA,TAC,Val,59
75p2N,1,l2N,Homo_sapiens_mito_tRNA-Val-TAC,72,True,C,GUA,TAC,Val,159
75p2N,1,l2N,Homo_sapiens_tRNA-Ala-AGC-1-1,75,True,A,GCU,AGC,Ala,2
75p2N,1,l2N,Homo_sapiens_tRNA-Ala-AGC-1-1,75,True,C,GCU,AGC,Ala,13
75p2N,1,l2N,Homo_sapiens_tRNA-Ala-AGC-11-1,76,True,A,GCU,AGC,Ala,20
75p2N,1,l2N,Homo_sapiens_tRNA-Ala-AGC-11-1,76,True,C,GCU,AGC,Ala,44
75p2N,1,l2N,Homo_sapiens_tRNA-Ala-AGC-12-1,76,True,C,GCU,AGC,Ala,2
75p2N,1,l2N,Homo_sapiens_tRNA-Ala-AGC-13-1,76,True,A,GCU,AGC,Ala,3
75p2N,1,l2N,Homo_sapiens_tRNA-Ala-AGC-13-1,76,True,C,GCU,AGC,Ala,1
75p2N,1,l2N,Homo_sapiens_tRNA-Ala-AGC-2-1,75,True,A,GCU,AGC,Ala,18
75p2N,1,l2N,Homo_sapiens_tRNA-Ala-AGC-2-1,75,True,C,GCU,AGC,Ala,54
75p2N,1,l2N,Homo_sapiens_tRNA-Ala-AGC-3-1,75,True,A,GCU,AGC,Ala,10
75p2N,1,l2N,Homo_sapiens_tRNA-Ala-AGC-3-1,75,True,C,GCU,AGC,Ala,16
75p2N,1,l2N,Homo_sapiens_tRNA-Ala-AGC-4-1,75,True,A,GCU,AGC,Ala,21
75p2N,1,l2N,Homo_sapiens_tRNA-Ala-AGC-4-1,75,True,C,GCU,AGC,Ala,37
75p2N,1,l2N,Homo_sapiens_tRNA-Ala-AGC-5-1,75,True,A,GCU,AGC,Ala,4
75p2N,1,l2N,Homo_sapiens_tRNA-Ala-AGC-5-1,75,True,C,GCU,AGC,Ala,7
75p2N,1,l2N,Homo_sapiens_tRNA-Ala-AGC-6-1,75,True,A,GCU,AGC,Ala,7
75p2N,1,l2N,Homo_sapiens_tRNA-Ala-AGC-6-1,75,True,C,GCU,AGC,Ala,13
75p2N,1,l2N,Homo_sapiens_tRNA-Ala-AGC-8-1,76,True,A,GCU,AGC,Ala,21
75p2N,1,l2N,Homo_sapiens_tRNA-Ala-AGC-8-1,76,True,C,GCU,AGC,Ala,65
75p2N,1,l2N,Homo_sapiens_tRNA-Ala-AGC-9-1,76,True,C,GCU,AGC,Ala,2
75p2N,1,l2N,Homo_sapiens_tRNA-Ala-CGC-1-1,75,True,A,GCG,CGC,Ala,26
75p2N,1,l2N,Homo_sapiens_tRNA-Ala-CGC-1-1,75,True,C,GCG,CGC,Ala,61
75p2N,1,l2N,Homo_sapiens_tRNA-Ala-CGC-2-1,75,True,A,GCG,CGC,Ala,9
75p2N,1,l2N,Homo_sapiens_tRNA-Ala-CGC-2-1,75,True,C,GCG,CGC,Ala,28
75p2N,1,l2N,Homo_sapiens_tRNA-Ala-CGC-3-1,75,True,A,GCG,CGC,Ala,8
75p2N,1,l2N,Homo_sapiens_tRNA-Ala-CGC-3-1,75,True,C,GCG,CGC,Ala,24
75p2N,1,l2N,Homo_sapiens_tRNA-Ala-CGC-4-1,75,True,A,GCG,CGC,Ala,3
75p2N,1,l2N,Homo_sapiens_tRNA-Ala-CGC-4-1,75,True,C,GCG,CGC,Ala,11
75p2N,1,l2N,Homo_sapiens_tRNA-Ala-TGC-1-1,75,True,A,GCA,TGC,Ala,8
75p2N,1,l2N,Homo_sapiens_tRNA-Ala-TGC-1-1,75,True,C,GCA,TGC,Ala,11
75p2N,1,l2N,Homo_sapiens_tRNA-Ala-TGC-2-1,75,True,A,GCA,TGC,Ala,5
75p2N,1,l2N,Homo_sapiens_tRNA-Ala-TGC-2-1,75,True,C,GCA,TGC,Ala,16
75p2N,1,l2N,Homo_sapiens_tRNA-Ala-TGC-3-1,75,True,A,GCA,TGC,Ala,25
75p2N,1,l2N,Homo_sapiens_tRNA-Ala-TGC-3-1,75,True,C,GCA,TGC,Ala,60
75p2N,1,l2N,Homo_sapiens_tRNA-Ala-TGC-4-1,75,True,A,GCA,TGC,Ala,18
75p2N,1,l2N,Homo_sapiens_tRNA-Ala-TGC-4-1,75,True,C,GCA,TGC,Ala,32
75p2N,1,l2N,Homo_sapiens_tRNA-Ala-TGC-5-1,75,True,A,GCA,TGC,Ala,16
75p2N,1,l2N,Homo_sapiens_tRNA-Ala-TGC-5-1,75,True,C,GCA,TGC,Ala,27
75p2N,1,l2N,Homo_sapiens_tRNA-Ala-TGC-6-1,75,True,A,GCA,TGC,Ala,4
75p2N,1,l2N,Homo_sapiens_tRNA-Ala-TGC-6-1,75,True,C,GCA,TGC,Ala,7
75p2N,1,l2N,Homo_sapiens_tRNA-Arg-ACG-1-1,76,True,A,CGU,ACG,Arg,77
75p2N,1,l2N,Homo_sapiens_tRNA-Arg-ACG-1-1,76,True,C,CGU,ACG,Arg,159
75p2N,1,l2N,Homo_sapiens_tRNA-Arg-ACG-2-1,76,True,A,CGU,ACG,Arg,41
75p2N,1,l2N,Homo_sapiens_tRNA-Arg-ACG-2-1,76,True,C,CGU,ACG,Arg,96
75p2N,1,l2N,Homo_sapiens_tRNA-Arg-CCG-1-1,76,True,A,CGG,CCG,Arg,45
75p2N,1,l2N,Homo_sapiens_tRNA-Arg-CCG-1-1,76,True,C,CGG,CCG,Arg,88
75p2N,1,l2N,Homo_sapiens_tRNA-Arg-CCG-2-1,76,True,A,CGG,CCG,Arg,19
75p2N,1,l2N,Homo_sapiens_tRNA-Arg-CCG-2-1,76,True,C,CGG,CCG,Arg,36
75p2N,1,l2N,Homo_sapiens_tRNA-Arg-CCT-1-1,76,True,A,AGG,CCT,Arg,3
75p2N,1,l2N,Homo_sapiens_tRNA-Arg-CCT-1-1,76,True,C,AGG,CCT,Arg,25
75p2N,1,l2N,Homo_sapiens_tRNA-Arg-CCT-2-1,76,True,A,AGG,CCT,Arg,3
75p2N,1,l2N,Homo_sapiens_tRNA-Arg-CCT-2-1,76,True,C,AGG,CCT,Arg,13
75p2N,1,l2N,Homo_sapiens_tRNA-Arg-CCT-3-1,76,True,C,AGG,CCT,Arg,20
75p2N,1,l2N,Homo_sapiens_tRNA-Arg-CCT-4-1,76,True,A,AGG,CCT,Arg,17
75p2N,1,l2N,Homo_sapiens_tRNA-Arg-CCT-4-1,76,True,C,AGG,CCT,Arg,22
75p2N,1,l2N,Homo_sapiens_tRNA-Arg-TCG-1-1,76,True,A,CGA,TCG,Arg,11
75p2N,1,l2N,Homo_sapiens_tRNA-Arg-TCG-1-1,76,True,C,CGA,TCG,Arg,20
75p2N,1,l2N,Homo_sapiens_tRNA-Arg-TCG-2-1,76,True,A,CGA,TCG,Arg,3
75p2N,1,l2N,Homo_sapiens_tRNA-Arg-TCG-2-1,76,True,C,CGA,TCG,Arg,21
75p2N,1,l2N,Homo_sapiens_tRNA-Arg-TCG-3-1,76,True,A,CGA,TCG,Arg,33
75p2N,1,l2N,Homo_sapiens_tRNA-Arg-TCG-3-1,76,True,C,CGA,TCG,Arg,66
75p2N,1,l2N,Homo_sapiens_tRNA-Arg-TCG-4-1,76,True,A,CGA,TCG,Arg,1
75p2N,1,l2N,Homo_sapiens_tRNA-Arg-TCG-4-1,76,True,C,CGA,TCG,Arg,6
75p2N,1,l2N,Homo_sapiens_tRNA-Arg-TCG-5-1,76,True,A,CGA,TCG,Arg,13
75p2N,1,l2N,Homo_sapiens_tRNA-Arg-TCG-5-1,76,True,C,CGA,TCG,Arg,26
75p2N,1,l2N,Homo_sapiens_tRNA-Arg-TCT-1-1,76,True,A,AGA,TCT,Arg,11
75p2N,1,l2N,Homo_sapiens_tRNA-Arg-TCT-1-1,76,True,C,AGA,TCT,Arg,15
75p2N,1,l2N,Homo_sapiens_tRNA-Arg-TCT-2-1,76,True,A,AGA,TCT,Arg,11
75p2N,1,l2N,Homo_sapiens_tRNA-Arg-TCT-2-1,76,True,C,AGA,TCT,Arg,23
75p2N,1,l2N,Homo_sapiens_tRNA-Arg-TCT-3-1,76,True,A,AGA,TCT,Arg,11
75p2N,1,l2N,Homo_sapiens_tRNA-Arg-TCT-3-1,76,True,C,AGA,TCT,Arg,19
75p2N,1,l2N,Homo_sapiens_tRNA-Arg-TCT-4-1,77,True,A,AGA,TCT,Arg,6
75p2N,1,l2N,Homo_sapiens_tRNA-Arg-TCT-4-1,77,True,C,AGA,TCT,Arg,5
75p2N,1,l2N,Homo_sapiens_tRNA-Asn-GTT-1-1,77,True,A,AAC,GTT,Asn,9
75p2N,1,l2N,Homo_sapiens_tRNA-Asn-GTT-1-1,77,True,C,AAC,GTT,Asn,23
75p2N,1,l2N,Homo_sapiens_tRNA-Asn-GTT-2-1,77,True,A,AAC,GTT,Asn,1
75p2N,1,l2N,Homo_sapiens_tRNA-Asn-GTT-2-1,77,True,C,AAC,GTT,Asn,1
75p2N,1,l2N,Homo_sapiens_tRNA-Asn-GTT-3-1,77,True,A,AAC,GTT,Asn,20
75p2N,1,l2N,Homo_sapiens_tRNA-Asn-GTT-3-1,77,True,C,AAC,GTT,Asn,47
75p2N,1,l2N,Homo_sapiens_tRNA-Asn-GTT-4-1,77,True,C,AAC,GTT,Asn,3
75p2N,1,l2N,Homo_sapiens_tRNA-Asn-GTT-5-1,77,True,A,AAC,GTT,Asn,4
75p2N,1,l2N,Homo_sapiens_tRNA-Asn-GTT-5-1,77,True,C,AAC,GTT,Asn,10
75p2N,1,l2N,Homo_sapiens_tRNA-Asn-GTT-6-1,77,True,A,AAC,GTT,Asn,3
75p2N,1,l2N,Homo_sapiens_tRNA-Asn-GTT-6-1,77,True,C,AAC,GTT,Asn,3
75p2N,1,l2N,Homo_sapiens_tRNA-Asp-GTC-1-1,75,True,A,GAC,GTC,Asp,22
75p2N,1,l2N,Homo_sapiens_tRNA-Asp-GTC-1-1,75,True,C,GAC,GTC,Asp,17
75p2N,1,l2N,Homo_sapiens_tRNA-Asp-GTC-2-1,75,True,A,GAC,GTC,Asp,192
75p2N,1,l2N,Homo_sapiens_tRNA-Asp-GTC-2-1,75,True,C,GAC,GTC,Asp,262
75p2N,1,l2N,Homo_sapiens_tRNA-Cys-GCA-10-1,75,True,C,UGC,GCA,Cys,2
75p2N,1,l2N,Homo_sapiens_tRNA-Cys-GCA-11-1,75,True,C,UGC,GCA,Cys,1
75p2N,1,l2N,Homo_sapiens_tRNA-Cys-GCA-12-1,75,True,A,UGC,GCA,Cys,4
75p2N,1,l2N,Homo_sapiens_tRNA-Cys-GCA-12-1,75,True,C,UGC,GCA,Cys,1
75p2N,1,l2N,Homo_sapiens_tRNA-Cys-GCA-13-1,75,True,A,UGC,GCA,Cys,1
75p2N,1,l2N,Homo_sapiens_tRNA-Cys-GCA-14-1,75,True,A,UGC,GCA,Cys,1
75p2N,1,l2N,Homo_sapiens_tRNA-Cys-GCA-14-1,75,True,C,UGC,GCA,Cys,1
75p2N,1,l2N,Homo_sapiens_tRNA-Cys-GCA-2-1,75,True,A,UGC,GCA,Cys,99
75p2N,1,l2N,Homo_sapiens_tRNA-Cys-GCA-2-1,75,True,C,UGC,GCA,Cys,85
75p2N,1,l2N,Homo_sapiens_tRNA-Cys-GCA-3-1,75,True,A,UGC,GCA,Cys,1
75p2N,1,l2N,Homo_sapiens_tRNA-Cys-GCA-4-1,75,True,A,UGC,GCA,Cys,19
75p2N,1,l2N,Homo_sapiens_tRNA-Cys-GCA-4-1,75,True,C,UGC,GCA,Cys,20
75p2N,1,l2N,Homo_sapiens_tRNA-Cys-GCA-5-1,76,True,A,UGC,GCA,Cys,13
75p2N,1,l2N,Homo_sapiens_tRNA-Cys-GCA-5-1,76,True,C,UGC,GCA,Cys,8
75p2N,1,l2N,Homo_sapiens_tRNA-Cys-GCA-6-1,75,True,A,UGC,GCA,Cys,11
75p2N,1,l2N,Homo_sapiens_tRNA-Cys-GCA-6-1,75,True,C,UGC,GCA,Cys,11
75p2N,1,l2N,Homo_sapiens_tRNA-Cys-GCA-7-1,76,True,A,UGC,GCA,Cys,2
75p2N,1,l2N,Homo_sapiens_tRNA-Cys-GCA-7-1,76,True,C,UGC,GCA,Cys,3
75p2N,1,l2N,Homo_sapiens_tRNA-Cys-GCA-8-1,75,True,A,UGC,GCA,Cys,13
75p2N,1,l2N,Homo_sapiens_tRNA-Cys-GCA-8-1,75,True,C,UGC,GCA,Cys,5
75p2N,1,l2N,Homo_sapiens_tRNA-Cys-GCA-9-1,75,True,A,UGC,GCA,Cys,21
75p2N,1,l2N,Homo_sapiens_tRNA-Cys-GCA-9-1,75,True,C,UGC,GCA,Cys,18
75p2N,1,l2N,Homo_sapiens_tRNA-Gln-CTG-1-1,75,True,A,CAG,CTG,Gln,369
75p2N,1,l2N,Homo_sapiens_tRNA-Gln-CTG-1-1,75,True,C,CAG,CTG,Gln,377
75p2N,1,l2N,Homo_sapiens_tRNA-Gln-CTG-2-1,75,True,A,CAG,CTG,Gln,49
75p2N,1,l2N,Homo_sapiens_tRNA-Gln-CTG-2-1,75,True,C,CAG,CTG,Gln,39
75p2N,1,l2N,Homo_sapiens_tRNA-Gln-CTG-3-1,75,True,A,CAG,CTG,Gln,10
75p2N,1,l2N,Homo_sapiens_tRNA-Gln-CTG-3-1,75,True,C,CAG,CTG,Gln,14
75p2N,1,l2N,Homo_sapiens_tRNA-Gln-CTG-4-1,75,True,A,CAG,CTG,Gln,15
75p2N,1,l2N,Homo_sapiens_tRNA-Gln-CTG-4-1,75,True,C,CAG,CTG,Gln,15
75p2N,1,l2N,Homo_sapiens_tRNA-Gln-CTG-5-1,75,True,A,CAG,CTG,Gln,2
75p2N,1,l2N,Homo_sapiens_tRNA-Gln-CTG-5-1,75,True,C,CAG,CTG,Gln,3
75p2N,1,l2N,Homo_sapiens_tRNA-Gln-CTG-6-1,75,True,C,CAG,CTG,Gln,1
75p2N,1,l2N,Homo_sapiens_tRNA-Gln-TTG-1-1,75,True,A,CAA,TTG,Gln,27
75p2N,1,l2N,Homo_sapiens_tRNA-Gln-TTG-1-1,75,True,C,CAA,TTG,Gln,37
75p2N,1,l2N,Homo_sapiens_tRNA-Gln-TTG-2-1,75,True,A,CAA,TTG,Gln,7
75p2N,1,l2N,Homo_sapiens_tRNA-Gln-TTG-2-1,75,True,C,CAA,TTG,Gln,13
75p2N,1,l2N,Homo_sapiens_tRNA-Gln-TTG-3-1,75,True,A,CAA,TTG,Gln,61
75p2N,1,l2N,Homo_sapiens_tRNA-Gln-TTG-3-1,75,True,C,CAA,TTG,Gln,63
75p2N,1,l2N,Homo_sapiens_tRNA-Glu-CTC-1-1,75,True,A,GAG,CTC,Glu,187
75p2N,1,l2N,Homo_sapiens_tRNA-Glu-CTC-1-1,75,True,C,GAG,CTC,Glu,181
75p2N,1,l2N,Homo_sapiens_tRNA-Glu-TTC-1-1,75,True,A,GAA,TTC,Glu,43
75p2N,1,l2N,Homo_sapiens_tRNA-Glu-TTC-1-1,75,True,C,GAA,TTC,Glu,89
75p2N,1,l2N,Homo_sapiens_tRNA-Glu-TTC-14-1,75,True,A,GAA,TTC,Glu,1
75p2N,1,l2N,Homo_sapiens_tRNA-Glu-TTC-14-1,75,True,C,GAA,TTC,Glu,4
75p2N,1,l2N,Homo_sapiens_tRNA-Glu-TTC-2-1,75,True,A,GAA,TTC,Glu,36
75p2N,1,l2N,Homo_sapiens_tRNA-Glu-TTC-2-1,75,True,C,GAA,TTC,Glu,154
75p2N,1,l2N,Homo_sapiens_tRNA-Glu-TTC-4-1,75,True,A,GAA,TTC,Glu,15
75p2N,1,l2N,Homo_sapiens_tRNA-Glu-TTC-4-1,75,True,C,GAA,TTC,Glu,35
75p2N,1,l2N,Homo_sapiens_tRNA-Gly-CCC-1-1,74,True,A,GGG,CCC,Gly,54
75p2N,1,l2N,Homo_sapiens_tRNA-Gly-CCC-1-1,74,True,C,GGG,CCC,Gly,106
75p2N,1,l2N,Homo_sapiens_tRNA-Gly-CCC-2-1,74,True,A,GGG,CCC,Gly,45
75p2N,1,l2N,Homo_sapiens_tRNA-Gly-CCC-2-1,74,True,C,GGG,CCC,Gly,129
75p2N,1,l2N,Homo_sapiens_tRNA-Gly-GCC-1-1,74,True,A,GGC,GCC,Gly,35
75p2N,1,l2N,Homo_sapiens_tRNA-Gly-GCC-1-1,74,True,C,GGC,GCC,Gly,168
75p2N,1,l2N,Homo_sapiens_tRNA-Gly-GCC-2-1,74,True,A,GGC,GCC,Gly,76
75p2N,1,l2N,Homo_sapiens_tRNA-Gly-GCC-2-1,74,True,C,GGC,GCC,Gly,217
75p2N,1,l2N,Homo_sapiens_tRNA-Gly-TCC-1-1,75,True,A,GGA,TCC,Gly,12
75p2N,1,l2N,Homo_sapiens_tRNA-Gly-TCC-1-1,75,True,C,GGA,TCC,Gly,48
75p2N,1,l2N,Homo_sapiens_tRNA-Gly-TCC-2-1,75,True,A,GGA,TCC,Gly,67
75p2N,1,l2N,Homo_sapiens_tRNA-Gly-TCC-2-1,75,True,C,GGA,TCC,Gly,200
75p2N,1,l2N,Homo_sapiens_tRNA-Gly-TCC-3-1,75,True,A,GGA,TCC,Gly,20
75p2N,1,l2N,Homo_sapiens_tRNA-Gly-TCC-3-1,75,True,C,GGA,TCC,Gly,81
75p2N,1,l2N,Homo_sapiens_tRNA-His-GTG-1-1,75,True,A,CAC,GTG,His,219
75p2N,1,l2N,Homo_sapiens_tRNA-His-GTG-1-1,75,True,C,CAC,GTG,His,379
75p2N,1,l2N,Homo_sapiens_tRNA-Ile-AAT-1-1,77,True,C,AUU,AAT,Ile,2
75p2N,1,l2N,Homo_sapiens_tRNA-Ile-AAT-12-1,77,True,A,AUU,AAT,Ile,1
75p2N,1,l2N,Homo_sapiens_tRNA-Ile-AAT-12-1,77,True,C,AUU,AAT,Ile,3
75p2N,1,l2N,Homo_sapiens_tRNA-Ile-AAT-2-1,77,True,A,AUU,AAT,Ile,10
75p2N,1,l2N,Homo_sapiens_tRNA-Ile-AAT-2-1,77,True,C,AUU,AAT,Ile,16
75p2N,1,l2N,Homo_sapiens_tRNA-Ile-AAT-3-1,77,True,A,AUU,AAT,Ile,2
75p2N,1,l2N,Homo_sapiens_tRNA-Ile-AAT-3-1,77,True,C,AUU,AAT,Ile,8
75p2N,1,l2N,Homo_sapiens_tRNA-Ile-AAT-4-1,77,True,A,AUU,AAT,Ile,4
75p2N,1,l2N,Homo_sapiens_tRNA-Ile-AAT-4-1,77,True,C,AUU,AAT,Ile,8
75p2N,1,l2N,Homo_sapiens_tRNA-Ile-AAT-5-1,77,True,A,AUU,AAT,Ile,68
75p2N,1,l2N,Homo_sapiens_tRNA-Ile-AAT-5-1,77,True,C,AUU,AAT,Ile,142
75p2N,1,l2N,Homo_sapiens_tRNA-Ile-AAT-6-1,77,True,A,AUU,AAT,Ile,15
75p2N,1,l2N,Homo_sapiens_tRNA-Ile-AAT-6-1,77,True,C,AUU,AAT,Ile,56
75p2N,1,l2N,Homo_sapiens_tRNA-Ile-AAT-7-1,77,True,A,AUU,AAT,Ile,8
75p2N,1,l2N,Homo_sapiens_tRNA-Ile-AAT-7-1,77,True,C,AUU,AAT,Ile,12
75p2N,1,l2N,Homo_sapiens_tRNA-Ile-AAT-8-1,77,True,A,AUU,AAT,Ile,4
75p2N,1,l2N,Homo_sapiens_tRNA-Ile-AAT-8-1,77,True,C,AUU,AAT,Ile,8
75p2N,1,l2N,Homo_sapiens_tRNA-Ile-TAT-1-1,77,True,A,AUA,TAT,Ile,5
75p2N,1,l2N,Homo_sapiens_tRNA-Ile-TAT-1-1,77,True,C,AUA,TAT,Ile,14
75p2N,1,l2N,Homo_sapiens_tRNA-Ile-TAT-2-1,77,True,A,AUA,TAT,Ile,12
75p2N,1,l2N,Homo_sapiens_tRNA-Ile-TAT-2-1,77,True,C,AUA,TAT,Ile,51
75p2N,1,l2N,Homo_sapiens_tRNA-Ile-TAT-3-1,77,True,C,AUA,TAT,Ile,2
75p2N,1,l2N,Homo_sapiens_tRNA-Leu-AAG-2-1,85,True,A,CUU,AAG,Leu,28
75p2N,1,l2N,Homo_sapiens_tRNA-Leu-AAG-2-1,85,True,C,CUU,AAG,Leu,61
75p2N,1,l2N,Homo_sapiens_tRNA-Leu-AAG-3-1,85,True,A,CUU,AAG,Leu,2
75p2N,1,l2N,Homo_sapiens_tRNA-Leu-CAA-1-1,86,True,A,UUG,CAA,Leu,16
75p2N,1,l2N,Homo_sapiens_tRNA-Leu-CAA-1-1,86,True,C,UUG,CAA,Leu,48
75p2N,1,l2N,Homo_sapiens_tRNA-Leu-CAA-2-1,87,True,A,UUG,CAA,Leu,10
75p2N,1,l2N,Homo_sapiens_tRNA-Leu-CAA-2-1,87,True,C,UUG,CAA,Leu,20
75p2N,1,l2N,Homo_sapiens_tRNA-Leu-CAA-3-1,87,True,A,UUG,CAA,Leu,3
75p2N,1,l2N,Homo_sapiens_tRNA-Leu-CAA-3-1,87,True,C,UUG,CAA,Leu,20
75p2N,1,l2N,Homo_sapiens_tRNA-Leu-CAA-4-1,87,True,A,UUG,CAA,Leu,7
75p2N,1,l2N,Homo_sapiens_tRNA-Leu-CAA-4-1,87,True,C,UUG,CAA,Leu,18
75p2N,1,l2N,Homo_sapiens_tRNA-Leu-CAG-1-1,86,True,A,CUG,CAG,Leu,36
75p2N,1,l2N,Homo_sapiens_tRNA-Leu-CAG-1-1,86,True,C,CUG,CAG,Leu,116
75p2N,1,l2N,Homo_sapiens_tRNA-Leu-CAG-2-1,86,True,A,CUG,CAG,Leu,8
75p2N,1,l2N,Homo_sapiens_tRNA-Leu-CAG-2-1,86,True,C,CUG,CAG,Leu,53
75p2N,1,l2N,Homo_sapiens_tRNA-Leu-TAA-1-1,86,True,A,UUA,TAA,Leu,12
75p2N,1,l2N,Homo_sapiens_tRNA-Leu-TAA-1-1,86,True,C,UUA,TAA,Leu,37
75p2N,1,l2N,Homo_sapiens_tRNA-Leu-TAA-2-1,86,True,A,UUA,TAA,Leu,2
75p2N,1,l2N,Homo_sapiens_tRNA-Leu-TAA-2-1,86,True,C,UUA,TAA,Leu,3
75p2N,1,l2N,Homo_sapiens_tRNA-Leu-TAA-3-1,86,True,A,UUA,TAA,Leu,11
75p2N,1,l2N,Homo_sapiens_tRNA-Leu-TAA-3-1,86,True,C,UUA,TAA,Leu,7
75p2N,1,l2N,Homo_sapiens_tRNA-Leu-TAG-1-1,85,True,A,CUA,TAG,Leu,8
75p2N,1,l2N,Homo_sapiens_tRNA-Leu-TAG-1-1,85,True,C,CUA,TAG,Leu,32
75p2N,1,l2N,Homo_sapiens_tRNA-Leu-TAG-2-1,85,True,A,CUA,TAG,Leu,5
75p2N,1,l2N,Homo_sapiens_tRNA-Leu-TAG-2-1,85,True,C,CUA,TAG,Leu,17
75p2N,1,l2N,Homo_sapiens_tRNA-Leu-TAG-3-1,85,True,A,CUA,TAG,Leu,13
75p2N,1,l2N,Homo_sapiens_tRNA-Leu-TAG-3-1,85,True,C,CUA,TAG,Leu,25
75p2N,1,l2N,Homo_sapiens_tRNA-Lys-CTT-1-1,76,True,A,AAG,CTT,Lys,54
75p2N,1,l2N,Homo_sapiens_tRNA-Lys-CTT-1-1,76,True,C,AAG,CTT,Lys,60
75p2N,1,l2N,Homo_sapiens_tRNA-Lys-CTT-2-1,76,True,A,AAG,CTT,Lys,123
75p2N,1,l2N,Homo_sapiens_tRNA-Lys-CTT-2-1,76,True,C,AAG,CTT,Lys,144
75p2N,1,l2N,Homo_sapiens_tRNA-Lys-CTT-4-1,76,True,A,AAG,CTT,Lys,14
75p2N,1,l2N,Homo_sapiens_tRNA-Lys-CTT-4-1,76,True,C,AAG,CTT,Lys,14
75p2N,1,l2N,Homo_sapiens_tRNA-Lys-TTT-1-1,76,True,C,AAA,TTT,Lys,5
75p2N,1,l2N,Homo_sapiens_tRNA-Lys-TTT-2-1,76,True,A,AAA,TTT,Lys,16
75p2N,1,l2N,Homo_sapiens_tRNA-Lys-TTT-2-1,76,True,C,AAA,TTT,Lys,26
75p2N,1,l2N,Homo_sapiens_tRNA-Lys-TTT-3-1,76,True,A,AAA,TTT,Lys,59
75p2N,1,l2N,Homo_sapiens_tRNA-Lys-TTT-3-1,76,True,C,AAA,TTT,Lys,97
75p2N,1,l2N,Homo_sapiens_tRNA-Lys-TTT-4-1,76,True,A,AAA,TTT,Lys,3
75p2N,1,l2N,Homo_sapiens_tRNA-Lys-TTT-4-1,76,True,C,AAA,TTT,Lys,12
75p2N,1,l2N,Homo_sapiens_tRNA-Lys-TTT-6-1,76,True,A,AAA,TTT,Lys,6
75p2N,1,l2N,Homo_sapiens_tRNA-Lys-TTT-6-1,76,True,C,AAA,TTT,Lys,11
75p2N,1,l2N,Homo_sapiens_tRNA-Met-CAT-1-1,76,True,A,AUG,CAT,Met,15
75p2N,1,l2N,Homo_sapiens_tRNA-Met-CAT-1-1,76,True,C,AUG,CAT,Met,38
75p2N,1,l2N,Homo_sapiens_tRNA-Met-CAT-2-1,76,True,C,AUG,CAT,Met,1
75p2N,1,l2N,Homo_sapiens_tRNA-Met-CAT-3-1,76,True,A,AUG,CAT,Met,7
75p2N,1,l2N,Homo_sapiens_tRNA-Met-CAT-3-1,76,True,C,AUG,CAT,Met,33
75p2N,1,l2N,Homo_sapiens_tRNA-Met-CAT-4-1,76,True,A,AUG,CAT,Met,44
75p2N,1,l2N,Homo_sapiens_tRNA-Met-CAT-4-1,76,True,C,AUG,CAT,Met,106
75p2N,1,l2N,Homo_sapiens_tRNA-Met-CAT-6-1,76,True,A,AUG,CAT,Met,12
75p2N,1,l2N,Homo_sapiens_tRNA-Met-CAT-6-1,76,True,C,AUG,CAT,Met,35
75p2N,1,l2N,Homo_sapiens_tRNA-Phe-GAA-1-1,76,True,A,UUC,GAA,Phe,80
75p2N,1,l2N,Homo_sapiens_tRNA-Phe-GAA-1-1,76,True,C,UUC,GAA,Phe,239
75p2N,1,l2N,Homo_sapiens_tRNA-Phe-GAA-2-1,76,True,A,UUC,GAA,Phe,20
75p2N,1,l2N,Homo_sapiens_tRNA-Phe-GAA-2-1,76,True,C,UUC,GAA,Phe,53
75p2N,1,l2N,Homo_sapiens_tRNA-Phe-GAA-3-1,76,True,A,UUC,GAA,Phe,10
75p2N,1,l2N,Homo_sapiens_tRNA-Phe-GAA-3-1,76,True,C,UUC,GAA,Phe,11
75p2N,1,l2N,Homo_sapiens_tRNA-Pro-AGG-1-1,75,True,A,CCU,AGG,Pro,3
75p2N,1,l2N,Homo_sapiens_tRNA-Pro-AGG-1-1,75,True,C,CCU,AGG,Pro,10
75p2N,1,l2N,Homo_sapiens_tRNA-Pro-CGG-1-1,75,True,A,CCG,CGG,Pro,77
75p2N,1,l2N,Homo_sapiens_tRNA-Pro-CGG-1-1,75,True,C,CCG,CGG,Pro,56
75p2N,1,l2N,Homo_sapiens_tRNA-Pro-CGG-2-1,75,True,A,CCG,CGG,Pro,16
75p2N,1,l2N,Homo_sapiens_tRNA-Pro-CGG-2-1,75,True,C,CCG,CGG,Pro,18
75p2N,1,l2N,Homo_sapiens_tRNA-Pro-TGG-1-1,75,True,A,CCA,TGG,Pro,7
75p2N,1,l2N,Homo_sapiens_tRNA-Pro-TGG-1-1,75,True,C,CCA,TGG,Pro,13
75p2N,1,l2N,Homo_sapiens_tRNA-Pro-TGG-2-1,75,True,A,CCA,TGG,Pro,23
75p2N,1,l2N,Homo_sapiens_tRNA-Pro-TGG-2-1,75,True,C,CCA,TGG,Pro,40
75p2N,1,l2N,Homo_sapiens_tRNA-Pro-TGG-3-1,75,True,A,CCA,TGG,Pro,79
75p2N,1,l2N,Homo_sapiens_tRNA-Pro-TGG-3-1,75,True,C,CCA,TGG,Pro,73
75p2N,1,l2N,Homo_sapiens_tRNA-SeC-TCA-1-1,90,True,A,UGA,TCA,SeC,5
75p2N,1,l2N,Homo_sapiens_tRNA-SeC-TCA-1-1,90,True,C,UGA,TCA,SeC,6
75p2N,1,l2N,Homo_sapiens_tRNA-Ser-AGA-4-1,85,True,A,UCU,AGA,Ser,1
75p2N,1,l2N,Homo_sapiens_tRNA-Ser-AGA-4-1,85,True,C,UCU,AGA,Ser,1
75p2N,1,l2N,Homo_sapiens_tRNA-Ser-CGA-1-1,85,True,A,UCG,CGA,Ser,21
75p2N,1,l2N,Homo_sapiens_tRNA-Ser-CGA-1-1,85,True,C,UCG,CGA,Ser,41
75p2N,1,l2N,Homo_sapiens_tRNA-Ser-CGA-2-1,85,True,A,UCG,CGA,Ser,1
75p2N,1,l2N,Homo_sapiens_tRNA-Ser-CGA-3-1,85,True,A,UCG,CGA,Ser,2
75p2N,1,l2N,Homo_sapiens_tRNA-Ser-CGA-3-1,85,True,C,UCG,CGA,Ser,1
75p2N,1,l2N,Homo_sapiens_tRNA-Ser-CGA-4-1,85,True,A,UCG,CGA,Ser,9
75p2N,1,l2N,Homo_sapiens_tRNA-Ser-CGA-4-1,85,True,C,UCG,CGA,Ser,16
75p2N,1,l2N,Homo_sapiens_tRNA-Ser-GCT-1-1,85,True,A,AGC,GCT,Ser,2
75p2N,1,l2N,Homo_sapiens_tRNA-Ser-GCT-1-1,85,True,C,AGC,GCT,Ser,5
75p2N,1,l2N,Homo_sapiens_tRNA-Ser-GCT-2-1,85,True,A,AGC,GCT,Ser,6
75p2N,1,l2N,Homo_sapiens_tRNA-Ser-GCT-2-1,85,True,C,AGC,GCT,Ser,21
75p2N,1,l2N,Homo_sapiens_tRNA-Ser-GCT-3-1,85,True,A,AGC,GCT,Ser,38
75p2N,1,l2N,Homo_sapiens_tRNA-Ser-GCT-3-1,85,True,C,AGC,GCT,Ser,98
75p2N,1,l2N,Homo_sapiens_tRNA-Ser-GCT-4-1,85,True,A,AGC,GCT,Ser,2
75p2N,1,l2N,Homo_sapiens_tRNA-Ser-GCT-4-1,85,True,C,AGC,GCT,Ser,13
75p2N,1,l2N,Homo_sapiens_tRNA-Ser-GCT-5-1,85,True,A,AGC,GCT,Ser,1
75p2N,1,l2N,Homo_sapiens_tRNA-Ser-GCT-5-1,85,True,C,AGC,GCT,Ser,9
75p2N,1,l2N,Homo_sapiens_tRNA-Ser-TGA-1-1,85,True,A,UCA,TGA,Ser,13
75p2N,1,l2N,Homo_sapiens_tRNA-Ser-TGA-1-1,85,True,C,UCA,TGA,Ser,34
75p2N,1,l2N,Homo_sapiens_tRNA-Ser-TGA-2-1,85,True,A,UCA,TGA,Ser,14
75p2N,1,l2N,Homo_sapiens_tRNA-Ser-TGA-2-1,85,True,C,UCA,TGA,Ser,17
75p2N,1,l2N,Homo_sapiens_tRNA-Ser-TGA-3-1,85,True,A,UCA,TGA,Ser,5
75p2N,1,l2N,Homo_sapiens_tRNA-Ser-TGA-3-1,85,True,C,UCA,TGA,Ser,14
75p2N,1,l2N,Homo_sapiens_tRNA-Ser-TGA-4-1,85,True,A,UCA,TGA,Ser,8
75p2N,1,l2N,Homo_sapiens_tRNA-Ser-TGA-4-1,85,True,C,UCA,TGA,Ser,4
75p2N,1,l2N,Homo_sapiens_tRNA-Thr-AGT-1-1,77,True,A,ACU,AGT,Thr,48
75p2N,1,l2N,Homo_sapiens_tRNA-Thr-AGT-1-1,77,True,C,ACU,AGT,Thr,70
75p2N,1,l2N,Homo_sapiens_tRNA-Thr-AGT-2-1,77,True,A,ACU,AGT,Thr,42
75p2N,1,l2N,Homo_sapiens_tRNA-Thr-AGT-2-1,77,True,C,ACU,AGT,Thr,52
75p2N,1,l2N,Homo_sapiens_tRNA-Thr-AGT-3-1,77,True,A,ACU,AGT,Thr,8
75p2N,1,l2N,Homo_sapiens_tRNA-Thr-AGT-3-1,77,True,C,ACU,AGT,Thr,5
75p2N,1,l2N,Homo_sapiens_tRNA-Thr-AGT-4-1,77,True,A,ACU,AGT,Thr,7
75p2N,1,l2N,Homo_sapiens_tRNA-Thr-AGT-4-1,77,True,C,ACU,AGT,Thr,9
75p2N,1,l2N,Homo_sapiens_tRNA-Thr-AGT-5-1,77,True,A,ACU,AGT,Thr,11
75p2N,1,l2N,Homo_sapiens_tRNA-Thr-AGT-5-1,77,True,C,ACU,AGT,Thr,14
75p2N,1,l2N,Homo_sapiens_tRNA-Thr-AGT-6-1,77,True,A,ACU,AGT,Thr,11
75p2N,1,l2N,Homo_sapiens_tRNA-Thr-AGT-6-1,77,True,C,ACU,AGT,Thr,17
75p2N,1,l2N,Homo_sapiens_tRNA-Thr-CGT-1-1,77,True,A,ACG,CGT,Thr,4
75p2N,1,l2N,Homo_sapiens_tRNA-Thr-CGT-1-1,77,True,C,ACG,CGT,Thr,6
75p2N,1,l2N,Homo_sapiens_tRNA-Thr-CGT-2-1,75,True,A,ACG,CGT,Thr,38
75p2N,1,l2N,Homo_sapiens_tRNA-Thr-CGT-2-1,75,True,C,ACG,CGT,Thr,24
75p2N,1,l2N,Homo_sapiens_tRNA-Thr-CGT-3-1,77,True,A,ACG,CGT,Thr,8
75p2N,1,l2N,Homo_sapiens_tRNA-Thr-CGT-3-1,77,True,C,ACG,CGT,Thr,15
75p2N,1,l2N,Homo_sapiens_tRNA-Thr-CGT-4-1,75,True,A,ACG,CGT,Thr,16
75p2N,1,l2N,Homo_sapiens_tRNA-Thr-CGT-4-1,75,True,C,ACG,CGT,Thr,9
75p2N,1,l2N,Homo_sapiens_tRNA-Thr-TGT-1-1,77,True,A,ACA,TGT,Thr,16
75p2N,1,l2N,Homo_sapiens_tRNA-Thr-TGT-1-1,77,True,C,ACA,TGT,Thr,17
75p2N,1,l2N,Homo_sapiens_tRNA-Thr-TGT-2-1,76,True,A,ACA,TGT,Thr,22
75p2N,1,l2N,Homo_sapiens_tRNA-Thr-TGT-2-1,76,True,C,ACA,TGT,Thr,15
75p2N,1,l2N,Homo_sapiens_tRNA-Thr-TGT-4-1,76,True,A,ACA,TGT,Thr,36
75p2N,1,l2N,Homo_sapiens_tRNA-Thr-TGT-4-1,76,True,C,ACA,TGT,Thr,49
75p2N,1,l2N,Homo_sapiens_tRNA-Thr-TGT-5-1,76,True,A,ACA,TGT,Thr,23
75p2N,1,l2N,Homo_sapiens_tRNA-Thr-TGT-5-1,76,True,C,ACA,TGT,Thr,28
75p2N,1,l2N,Homo_sapiens_tRNA-Thr-TGT-6-1,75,True,A,ACA,TGT,Thr,5
75p2N,1,l2N,Homo_sapiens_tRNA-Thr-TGT-6-1,75,True,C,ACA,TGT,Thr,4
75p2N,1,l2N,Homo_sapiens_tRNA-Trp-CCA-1-1,75,True,A,UGG,CCA,Trp,17
75p2N,1,l2N,Homo_sapiens_tRNA-Trp-CCA-1-1,75,True,C,UGG,CCA,Trp,31
75p2N,1,l2N,Homo_sapiens_tRNA-Trp-CCA-2-1,75,True,A,UGG,CCA,Trp,9
75p2N,1,l2N,Homo_sapiens_tRNA-Trp-CCA-2-1,75,True,C,UGG,CCA,Trp,41
75p2N,1,l2N,Homo_sapiens_tRNA-Trp-CCA-3-1,75,True,A,UGG,CCA,Trp,15
75p2N,1,l2N,Homo_sapiens_tRNA-Trp-CCA-3-1,75,True,C,UGG,CCA,Trp,64
75p2N,1,l2N,Homo_sapiens_tRNA-Trp-CCA-4-1,75,True,A,UGG,CCA,Trp,8
75p2N,1,l2N,Homo_sapiens_tRNA-Trp-CCA-4-1,75,True,C,UGG,CCA,Trp,36
75p2N,1,l2N,Homo_sapiens_tRNA-Trp-CCA-5-1,75,True,C,UGG,CCA,Trp,3
75p2N,1,l2N,Homo_sapiens_tRNA-Tyr-GTA-1-1,76,True,A,UAC,GTA,Tyr,3
75p2N,1,l2N,Homo_sapiens_tRNA-Tyr-GTA-1-1,76,True,C,UAC,GTA,Tyr,7
75p2N,1,l2N,Homo_sapiens_tRNA-Tyr-GTA-2-1,76,True,A,UAC,GTA,Tyr,2
75p2N,1,l2N,Homo_sapiens_tRNA-Tyr-GTA-2-1,76,True,C,UAC,GTA,Tyr,1
75p2N,1,l2N,Homo_sapiens_tRNA-Tyr-GTA-3-1,76,True,A,UAC,GTA,Tyr,3
75p2N,1,l2N,Homo_sapiens_tRNA-Tyr-GTA-3-1,76,True,C,UAC,GTA,Tyr,3
75p2N,1,l2N,Homo_sapiens_tRNA-Tyr-GTA-4-1,76,True,A,UAC,GTA,Tyr,1
75p2N,1,l2N,Homo_sapiens_tRNA-Tyr-GTA-5-1,76,True,A,UAC,GTA,Tyr,10
75p2N,1,l2N,Homo_sapiens_tRNA-Tyr-GTA-5-1,76,True,C,UAC,GTA,Tyr,14
75p2N,1,l2N,Homo_sapiens_tRNA-Tyr-GTA-6-1,76,True,C,UAC,GTA,Tyr,5
75p2N,1,l2N,Homo_sapiens_tRNA-Tyr-GTA-8-1,76,True,C,UAC,GTA,Tyr,2
75p2N,1,l2N,Homo_sapiens_tRNA-Val-AAC-2-1,76,True,A,GUU,AAC,Val,9
75p2N,1,l2N,Homo_sapiens_tRNA-Val-AAC-2-1,76,True,C,GUU,AAC,Val,55
75p2N,1,l2N,Homo_sapiens_tRNA-Val-AAC-3-1,76,True,A,GUU,AAC,Val,4
75p2N,1,l2N,Homo_sapiens_tRNA-Val-AAC-3-1,76,True,C,GUU,AAC,Val,13
75p2N,1,l2N,Homo_sapiens_tRNA-Val-CAC-1-1,76,True,A,GUG,CAC,Val,70
75p2N,1,l2N,Homo_sapiens_tRNA-Val-CAC-1-1,76,True,C,GUG,CAC,Val,249
75p2N,1,l2N,Homo_sapiens_tRNA-Val-CAC-2-1,76,True,A,GUG,CAC,Val,7
75p2N,1,l2N,Homo_sapiens_tRNA-Val-CAC-2-1,76,True,C,GUG,CAC,Val,27
75p2N,1,l2N,Homo_sapiens_tRNA-Val-CAC-3-1,76,True,A,GUG,CAC,Val,7
75p2N,1,l2N,Homo_sapiens_tRNA-Val-CAC-3-1,76,True,C,GUG,CAC,Val,23
75p2N,1,l2N,Homo_sapiens_tRNA-Val-CAC-4-1,76,True,A,GUG,CAC,Val,2
75p2N,1,l2N,Homo_sapiens_tRNA-Val-CAC-4-1,76,True,C,GUG,CAC,Val,9
75p2N,1,l2N,Homo_sapiens_tRNA-Val-TAC-1-1,76,True,A,GUA,TAC,Val,18
75p2N,1,l2N,Homo_sapiens_tRNA-Val-TAC-1-1,76,True,C,GUA,TAC,Val,73
75p2N,1,l2N,Homo_sapiens_tRNA-Val-TAC-2-1,76,True,A,GUA,TAC,Val,17
75p2N,1,l2N,Homo_sapiens_tRNA-Val-TAC-2-1,76,True,C,GUA,TAC,Val,56
75p2N,1,l2N,Homo_sapiens_tRNA-Val-TAC-3-1,76,True,A,GUA,TAC,Val,2
75p2N,1,l2N,Homo_sapiens_tRNA-Val-TAC-3-1,76,True,C,GUA,TAC,Val,4
75p2N,1,l2N,Homo_sapiens_tRNA-Val-TAC-4-1,76,True,A,GUA,TAC,Val,4
75p2N,1,l2N,Homo_sapiens_tRNA-Val-TAC-4-1,76,True,C,GUA,TAC,Val,4
75p2N,1,l2N,Homo_sapiens_tRNA-iMet-CAT-1-1,75,True,A,AUG,CAT,iMet,166
75p2N,1,l2N,Homo_sapiens_tRNA-iMet-CAT-1-1,75,True,C,AUG,CAT,iMet,283
75p2N,1,l2N,Homo_sapiens_tRNA-iMet-CAT-2-1,75,True,A,AUG,CAT,iMet,2
75p2N,1,l2N,Homo_sapiens_tRNA-iMet-CAT-2-1,75,True,C,AUG,CAT,iMet,2
